ID,lexeme,phonetic,interlinearization,morphology,dialects,notes,linguistic_history,source,soundSource,soundFile,speakerName,speakerHometown,speakerAge,speakerGender,en_gloss,hi_gloss,semanticDomain,semanticDomain.2,partOfSpeech,partOfSpeech fullname,vernacular_exampleSentence,en_exampleSentence,hi_exampleSentence,semanticDomain.3,photoFile,photoSource,pluralForm
Entry Id,Lexeme/Word/Phrase,Phonetic (IPA),Interlinearization,Morphology,Dialects,Notes,Linguistic History,Source(s),Audio source,Audio filename,Speaker name,Speaker birthplace,Speaker decade,Speaker gender,English Gloss,हिन्दी Gloss,Semantic domain 1,Semantic domain 2,Part of speech 1 (abbreviation),Part of speech 1,Example sentence in mahasuvi,Example sentence in English,Example sentence in हिन्दी,Semantic domain 3,Image filename,Source of image,Plural form
02MwEJooCSK0KBeQ6vtY,रिष्करा,,,,"Shimla Saraji, Shadochi, Kumharsain, Bishshau",,,,,,,,,,someone who is possessive and distrustful of their partner,अपने साथी पे स्वामित्व जताने वाला व्यक्ति और शंका करने वाला,"Humans, Social Relations and Organization",Emotions,,,,,,,,,
04ZD5AVal1Z7NtYAV0a6,पोगड़णा,,,,"Shimla Saraji, Bishshau",,,,https://firebasestorage.googleapis.com/v0/b/talking-dictionaries-alpha.appspot.com/o/mahasuvi%2Faudio%2F04ZD5AVal1Z7NtYAV0a6_1653296962835.wav?alt=media,04ZD5AVal1Z7NtYAV0a6_invocation_of_deity_in_his_Oracles_body.wav,Aniket Chauhan,"Theog, Shimla, Himachal Pradesh, India",21-30,,invocation of deity in his Oracle's body,अपने प्रवक्ता के शरीर में देवता का आह्वान,Spirituality and Religion,Interjections,v,verb,,,,,,,
04pHUubRD9xt3d7Zpf5I,तैंईं,,,,Shadochi,,,,,,,,,,for (me/someone),के लिए (मैं / कोई),,,conj,conjunction,मेरी तैंईं आऔ सौ,He came for me.,वह मेरे लिए आया था।,,,,
05tuZTnOa2FuTpjfEtjb,मंडा,,,,Chuhara,,,,,,,,,,repeatedly saying the same thing over and over,रट लगाना,Language and Communication,,v,verb,दोती ओरु तेरी मंडा शुणी शुणियौ कान दुखिगौए मेरे,Listening to say the same thing repeatedly since morning has hurt my ears.,,,,,
080S3TaCb8cze7OH98LI,प्रेण,,,,Shimla Saraji,,,,https://firebasestorage.googleapis.com/v0/b/talking-dictionaries-alpha.appspot.com/o/mahasuvi%2Faudio%2F080S3TaCb8cze7OH98LI_1653297039015.wav?alt=media,080S3TaCb8cze7OH98LI_Identify.wav,Aniket Chauhan,"Theog, Shimla, Himachal Pradesh, India",21-30,,Identify,पहचानो,Mental actions,,v,verb,,,,,,,
09yRkgcqGnZogtoFBPw1,छनालु,,,,Shimla Saraji,,,,https://firebasestorage.googleapis.com/v0/b/talking-dictionaries-alpha.appspot.com/o/mahasuvi%2Faudio%2F09yRkgcqGnZogtoFBPw1_1653125070289.wav?alt=media,09yRkgcqGnZogtoFBPw1_Heart.wav,Aniket Chauhan,"Theog, Shimla, Himachal Pradesh, India",21-30,,Heart,हृदय,Body parts,,n,noun,,,,,,,
0AN6yXGNETjn4U9eRoNH,ओश,,,,"Barari, Chuhara, Rohruri (Spail)",,,,,,,,,,moisture/dew,नमी / ओस,"Water, bodies of water and the water cycle",,,,,,,,,,
0BPJXzA1xzPuQgstVMQK,फीम,,,,,,,,,,,,,,Opium,अफ़ीम,"Plants, trees and other vegetation",,,,,,,,,,
0K2fqtBb3MIbq4IQX5ku,माछरणो,,,,Sharachali,,,,,,,,,,to get agitated,उत्तेजित होना,Emotions,Mental actions,v,verb,केऊ माछरूऐ लागो,Why are you getting agitated?,तुम उत्तेजित क्यों हो रहे हो?,,,,
0NqVeI6ta0juz0wraRVS,खारो,,,,,,,,https://firebasestorage.googleapis.com/v0/b/talking-dictionaries-alpha.appspot.com/o/mahasuvi%2Faudio%2F0NqVeI6ta0juz0wraRVS_1653122884586.wav?alt=media,0NqVeI6ta0juz0wraRVS_Salt.wav,Aniket Chauhan,"Theog, Shimla, Himachal Pradesh, India",21-30,,Salt,नमक,"Food, cooking and foodways",,n,noun,,,,,,,
0esPyxxpRS2pmFS0Xbi3,मुंजे,,,,,,,,https://firebasestorage.googleapis.com/v0/b/talking-dictionaries-alpha.appspot.com/o/mahasuvi%2Faudio%2F0esPyxxpRS2pmFS0Xbi3_1653311159654.wav?alt=media,0esPyxxpRS2pmFS0Xbi3_Between.wav,Aniket Chauhan,"Theog, Shimla, Himachal Pradesh, India",21-30,,Between,बीच में,Location and Directions,,prep,preposition,,,,,,,
0hshMQBzf8F1uf7ceQRB,ओथल,,,,Bishshau,,,,,,,,,,anterior portion of a farm,खेत का अग्र भाग,Agriculture,,,,,,,,,,
0nPBlsZENa9jxL9lkNYy,ठोल,,,,Shimla Saraji,,,,https://firebasestorage.googleapis.com/v0/b/talking-dictionaries-alpha.appspot.com/o/mahasuvi%2Faudio%2F0nPBlsZENa9jxL9lkNYy_1653131062160.wav?alt=media,0nPBlsZENa9jxL9lkNYy_Search.wav,Aniket Chauhan,"Theog, Shimla, Himachal Pradesh, India",21-30,,Search,ढूंढ,Physical Actions,Location and Directions,v,verb,आपणे बाबे ठोल दा डे।,Go find your father.,,,,,
0rriYgfRwIWW5Lwr1jYC,सुतको,,,,Bishshau,,,,https://firebasestorage.googleapis.com/v0/b/talking-dictionaries-alpha.appspot.com/o/mahasuvi%2Faudio%2F0rriYgfRwIWW5Lwr1jYC_1653312553762.wav?alt=media,0rriYgfRwIWW5Lwr1jYC_Prohibition_to_enter_the_temple_for_sometime_after_birth_of_child_in_ones_family.wav,Aniket Chauhan,"Theog, Shimla, Himachal Pradesh, India",21-30,,Prohibition to enter the temple for sometime after birth of child in one's family,परिवार में बच्चे के जन्म के बाद मंदिर में प्रवेश पर प्रतिबंध,Life stages and rites of passage,Spirituality and Religion,,,,,,,,,
0vbXWTpDgghl0ggTgogc,पॉट,,,,,,,,https://firebasestorage.googleapis.com/v0/b/talking-dictionaries-alpha.appspot.com/o/mahasuvi%2Faudio%2F0vbXWTpDgghl0ggTgogc_1653296884522.wav?alt=media,0vbXWTpDgghl0ggTgogc_Pluck.wav,Aniket Chauhan,"Theog, Shimla, Himachal Pradesh, India",21-30,,Pluck,उखेड़,Physical Actions,,v,verb,,,,,,,
0vzHg5kpt3lDsn3d35kE,माता,,,,,,,,https://firebasestorage.googleapis.com/v0/b/talking-dictionaries-alpha.appspot.com/o/mahasuvi%2Faudio%2F0vzHg5kpt3lDsn3d35kE_1653310963515.wav?alt=media,0vzHg5kpt3lDsn3d35kE_interjection.wav,Aniket Chauhan,"Theog, Shimla, Himachal Pradesh, India",21-30,,interjection,विस्मयादिबोधक,Interjections,,int,interjection,,,,,,,
0zufl3aHxaVyDphSFQJI,बान,,,,,,,,,,,,,,Tie,बाँधना,Physical Actions,,v,verb,धागा बान,Tie the thread,धागा बांधें,,,,
11eAOhWs98QVGiz3Uww5,सोरे,,,,Shimla Saraji,,,,https://firebasestorage.googleapis.com/v0/b/talking-dictionaries-alpha.appspot.com/o/mahasuvi%2Faudio%2F11eAOhWs98QVGiz3Uww5_1653312741590.wav?alt=media,11eAOhWs98QVGiz3Uww5_related_by_blood_kinsfolk.wav,Aniket Chauhan,"Theog, Shimla, Himachal Pradesh, India",21-30,,"related by blood, kinsfolk",रक्त से संबंधित,States and Characteristics,Kinship and relationships,n pl,plural noun,,,,,,,
147i37R2OVrQTDDay8uf,लीपणा,,,,,,,,https://firebasestorage.googleapis.com/v0/b/talking-dictionaries-alpha.appspot.com/o/mahasuvi%2Faudio%2F147i37R2OVrQTDDay8uf_1653311836447.wav?alt=media,147i37R2OVrQTDDay8uf_To_Apply_paintmud.wav,Aniket Chauhan,"Theog, Shimla, Himachal Pradesh, India",21-30,,To Apply paint/mud,पोतना,Physical Actions,"Art, crafts and textiles",v,verb,,,,,,,
14LZd6eIOvgv91vZvjZ5,कटराडी,,,,Rohruri ,,,,https://firebasestorage.googleapis.com/v0/b/talking-dictionaries-alpha.appspot.com/o/mahasuvi%2Faudio%2F14LZd6eIOvgv91vZvjZ5_1653121509662.wav?alt=media,14LZd6eIOvgv91vZvjZ5_Noise.wav,Aniket Chauhan,"Theog, Shimla, Himachal Pradesh, India",21-30,,Noise,शोर,Senses and perception,,n,noun,,,,,,,
18c2HBmibB2bYdBOEJHb,नेंनडो,,,,Bushahri,,,,https://firebasestorage.googleapis.com/v0/b/talking-dictionaries-alpha.appspot.com/o/mahasuvi%2Faudio%2F18c2HBmibB2bYdBOEJHb_1653296490288.wav?alt=media,18c2HBmibB2bYdBOEJHb_Bad.wav,Aniket Chauhan,"Theog, Shimla, Himachal Pradesh, India",21-30,,Bad,बुरा,States and Characteristics,,adj,adjective,,,,,,,
1946zNEnnfU074vYm8Hw,कैथा,,,,Shimla Saraji,,,,https://firebasestorage.googleapis.com/v0/b/talking-dictionaries-alpha.appspot.com/o/mahasuvi%2Faudio%2F1946zNEnnfU074vYm8Hw_1653122389652.wav?alt=media,1946zNEnnfU074vYm8Hw_Where.wav,Aniket Chauhan,"Theog, Shimla, Himachal Pradesh, India",21-30,,Where,कहाँ,Location and Directions,,adv,adverb,केथा था डेया दो फ्रेज़ो दो।,Where have you been from the day before yesterday?,,,,,
1D1G6TSgpjHZmY7IqGBA,चोगा,,,,Shimla Saraji,,,,,,,,,,Gown,चोगा,Clothing and adornment,,n,noun,"एज़ा चोगा नी बामदा तानु, एबी रोला तांखी","Taanu won't wear this gown, you keep it for yourself.","तनु यह गाउन नहीं पहनेगी, आप इसे अपने लिए रख लें।",,,,
1EjoYiYQlLvE8OH3PQWm,कनीहन,,,,Shimla Saraji,,,,,,,,,,Lizard,छिपकली,Reptiles and amphibians,,n,noun," दे लाई कनीहने खुली ललकारो, निंदी नी मुशेया बे जिऊँदे रे हारो","Lizard gave an open warning to the mouse, you won't be able to elope with her until I'm alive","छिपकली ने चूहे को खुली चेतावनी दी, जब तक मैं जिंदा हूं, तुम उसके साथ भाग नहीं पाओगे",,,,
1I9yXk4PTjWhno1YnvGT,हेठी,,,,Kumharsain,,,,https://firebasestorage.googleapis.com/v0/b/talking-dictionaries-alpha.appspot.com/o/mahasuvi%2Faudio%2F1I9yXk4PTjWhno1YnvGT_1653312988337.wav?alt=media,1I9yXk4PTjWhno1YnvGT_Below.wav,Aniket Chauhan,"Theog, Shimla, Himachal Pradesh, India",21-30,,Below,नीचे,Location and Directions,,prep,preposition,,,,,,,
1KmKUvKe0KLgpgyTI7V5,होओ,,,,"Shimla Saraji, Barari",,,,,,,,,,Happened,हुआ,,,v,verb,छोईले दे मोड़ो दो का होओ?,What happened at Chaila turn?,चैला मोड़ पर क्या हुआ?,,,,
1UsjXu1vQCLqa91NHvpp,बासी,,,,,,,,https://firebasestorage.googleapis.com/v0/b/talking-dictionaries-alpha.appspot.com/o/mahasuvi%2Faudio%2F1UsjXu1vQCLqa91NHvpp_1653308990527.wav?alt=media,1UsjXu1vQCLqa91NHvpp_Later.wav,Aniket Chauhan,"Theog, Shimla, Himachal Pradesh, India",21-30,,Later,बाद में,Time,,adj,adjective,,,,,,,
1UyEApBi21Yom7pH8xOR,कोडी,,,,Bishshau,,,,https://firebasestorage.googleapis.com/v0/b/talking-dictionaries-alpha.appspot.com/o/mahasuvi%2Faudio%2F1UyEApBi21Yom7pH8xOR_1653122424182.wav?alt=media,1UyEApBi21Yom7pH8xOR_Clumsy_.wav,Aniket Chauhan,"Theog, Shimla, Himachal Pradesh, India",21-30,,Clumsy ,अनाड़ी,States and Characteristics,,adj,adjective,,,,,,,
1b6FQ4ovZbOhjOS9Izml,थाली,,,,Rohruri ,,,,https://firebasestorage.googleapis.com/v0/b/talking-dictionaries-alpha.appspot.com/o/mahasuvi%2Faudio%2F1b6FQ4ovZbOhjOS9Izml_1653131816375.wav?alt=media,1b6FQ4ovZbOhjOS9Izml_Below.wav,Aniket Chauhan,"Theog, Shimla, Himachal Pradesh, India",21-30,,Below,नीचे,Location and Directions,,prep,preposition,,,,,,,
1chQ955Rnn64NKhJSGbA,फिम्बा,,,,Shimla Saraji,,,,,,,,,,pus filled pimple,मवाद भरी फुंसी,"Health, well-being and sickness",Cleanliness and hygiene,n,noun,मेरी बाई दे फिम्बे पोड लागे।,My arms are having a break out of pus filled pimples.,,,,,
1eCVM60YquK62npxbWUg,कुवैड़,,,,Bishshau,,,,,,,,,,Fog,कोहरा,"Sky, weather and climate",,n,noun,पोरे टोले शाऊणो री  कुवैड़िये,Get away oh monsoon's fog.,दूर हो जाओ मानसून के कोहरे।,,,,
1l1lzK1og4AXBC52Smhi,खोड़,,,,,,,,https://firebasestorage.googleapis.com/v0/b/talking-dictionaries-alpha.appspot.com/o/mahasuvi%2Faudio%2F1l1lzK1og4AXBC52Smhi_1653123250708.wav?alt=media,1l1lzK1og4AXBC52Smhi_Tired.wav,Aniket Chauhan,"Theog, Shimla, Himachal Pradesh, India",21-30,,Tired,थक,States and Characteristics,Sleep,adj,adjective,,,,,,,
1rYwpTMQ84ntHcBfmveM,खूंगड़ा,,,,Bishshau,,,,https://firebasestorage.googleapis.com/v0/b/talking-dictionaries-alpha.appspot.com/o/mahasuvi%2Faudio%2F1rYwpTMQ84ntHcBfmveM_1653123058936.wav?alt=media,1rYwpTMQ84ntHcBfmveM_Sick.wav,Aniket Chauhan,"Theog, Shimla, Himachal Pradesh, India",21-30,,Sick,बीमार,States and Characteristics,"Health, well-being and sickness",adj,adjective,,,,,,,
1tGkrtyZzKrEbpHvk9dl,ज़ो,,,,Bishshau,,,,https://firebasestorage.googleapis.com/v0/b/talking-dictionaries-alpha.appspot.com/o/mahasuvi%2Faudio%2F1tGkrtyZzKrEbpHvk9dl_1653125420200.wav?alt=media,1tGkrtyZzKrEbpHvk9dl_Search.wav,Aniket Chauhan,"Theog, Shimla, Himachal Pradesh, India",21-30,,Search,ढूंढ,Physical Actions,,v,verb,,,,,,,
1zPCf6UR2te6kPtWuECf,मिश,,,,,,,,https://firebasestorage.googleapis.com/v0/b/talking-dictionaries-alpha.appspot.com/o/mahasuvi%2Faudio%2F1zPCf6UR2te6kPtWuECf_1653311121826.wav?alt=media,1zPCf6UR2te6kPtWuECf_Jealousy.wav,Aniket Chauhan,"Theog, Shimla, Himachal Pradesh, India",21-30,,Jealousy,ईर्ष्या द्वेष,Emotions,,n,noun,,,,,,,
2BGxomInvheMSpG0AF9X,खेदणा,,,,,,,,https://firebasestorage.googleapis.com/v0/b/talking-dictionaries-alpha.appspot.com/o/mahasuvi%2Faudio%2F2BGxomInvheMSpG0AF9X_1653123185364.wav?alt=media,2BGxomInvheMSpG0AF9X_To_evict_to_shoo_away.wav,Aniket Chauhan,"Theog, Shimla, Himachal Pradesh, India",21-30,,"To evict, to shoo away",बेदखल करना,Physical Actions,,v,verb,,,,,,,
2CkXHyTroiUoS76gRhhJ,जाणेक्,,,,Shimla Saraji,,,,,,,,,,Pregnancy,गर्भावस्था,Life stages and rites of passage,,n,noun,रामु री छेवड़ी रे जाणेक् ओ?,Is Ramu's wife pregnant?,क्या रामू की पत्नी गर्भवती है?,,,,
2DRqo0o1elpswGJ58muo,डांड,,,,Shimla Saraji,,,,https://firebasestorage.googleapis.com/v0/b/talking-dictionaries-alpha.appspot.com/o/mahasuvi%2Faudio%2F2DRqo0o1elpswGJ58muo_1653131233877.wav?alt=media,2DRqo0o1elpswGJ58muo_Fine_punishment.wav,Aniket Chauhan,"Theog, Shimla, Himachal Pradesh, India",21-30,,"Fine, punishment",दंड,Government and Law,,n,noun,राजे खे जाई डांड देणो।,Fine has to be paid to the king.,,,,,
2DvqdmuoZTqomxfOb2Gv,शाऊणा,,,,Shimla Saraji,,,,https://firebasestorage.googleapis.com/v0/b/talking-dictionaries-alpha.appspot.com/o/mahasuvi%2Faudio%2F2DvqdmuoZTqomxfOb2Gv_1653312069599.wav?alt=media,2DvqdmuoZTqomxfOb2Gv_Wheatish.wav,Aniket Chauhan,"Theog, Shimla, Himachal Pradesh, India",21-30,,Wheatish,गेंहुआ,Colors,States and Characteristics,adj,adjective,रोंगो रा तो आं बी शाऊणा ऊँ।,My skin tone is also wheatish.,,,,,
2HoncfgJwpTF8gATgNh7,एन,,,,Kumharsain,,,,https://firebasestorage.googleapis.com/v0/b/talking-dictionaries-alpha.appspot.com/o/mahasuvi%2Faudio%2F2HoncfgJwpTF8gATgNh7_1653121222658.wav?alt=media,2HoncfgJwpTF8gATgNh7_Excessive_a_lot.wav,Aniket Chauhan,"Theog, Shimla, Himachal Pradesh, India",21-30,,"Excessive, a lot",बहुत ज़्यादा,Quantifiers,,adj,adjective,,,,,,,
2I9Z6tFNuwWwwhF1CdpZ,बाकटू,,,,,,,,https://firebasestorage.googleapis.com/v0/b/talking-dictionaries-alpha.appspot.com/o/audio%2Fmahasuvi%2F2I9Z6tFNuwWwwhF1CdpZ_1624194629957.wav?alt=media,2I9Z6tFNuwWwwhF1CdpZ_Baby_goat.wav,Aniket Chauhan,"Theog, Shimla, Himachal Pradesh, India",21-30,,Baby goat,बकरे का बच्चा,Animals,,na,animate noun,,,,,,,
2MCQTnN83PrWXBiMXf9B,चौठणो,,,,Shadochi,,,,https://firebasestorage.googleapis.com/v0/b/talking-dictionaries-alpha.appspot.com/o/mahasuvi%2Faudio%2F2MCQTnN83PrWXBiMXf9B_1653125037768.wav?alt=media,2MCQTnN83PrWXBiMXf9B_To_lack_in_quantity.wav,Aniket Chauhan,"Theog, Shimla, Himachal Pradesh, India",21-30,,To lack in quantity,मात्रा में कमी होना,,,,,,,,,,,
2Mh6ZxKkPvuyhWk66GOM,घुग,,,,"Shimla Saraji, Shadochi",,,,https://firebasestorage.googleapis.com/v0/b/talking-dictionaries-alpha.appspot.com/o/mahasuvi%2Faudio%2F2Mh6ZxKkPvuyhWk66GOM_1653124549666.wav?alt=media,2Mh6ZxKkPvuyhWk66GOM_Bark.wav,Aniket Chauhan,"Theog, Shimla, Himachal Pradesh, India",21-30,,Bark,भोंक,Language and Communication,,v,verb,,,,,,,
2RQ27Pnk8p4k3b6n27kS,शोरू,,,,Shimla Saraji,,,,https://firebasestorage.googleapis.com/v0/b/talking-dictionaries-alpha.appspot.com/o/mahasuvi%2Faudio%2F2RQ27Pnk8p4k3b6n27kS_1653312345093.wav?alt=media,2RQ27Pnk8p4k3b6n27kS_Hail.wav,Aniket Chauhan,"Theog, Shimla, Himachal Pradesh, India",21-30,,Hail,ओला,"Sky, weather and climate",,n,noun,जे शोरू आजे तो सारी फॉसल बर्बाद ओ।,If hail comes all the crop will be damaged.,,,,,
2a7qth3fWghicLUzTX56,घणीतो,,,,Shadochi,,,,https://firebasestorage.googleapis.com/v0/b/talking-dictionaries-alpha.appspot.com/o/mahasuvi%2Faudio%2F2a7qth3fWghicLUzTX56_1653124388672.wav?alt=media,2a7qth3fWghicLUzTX56_The_person_who_gets_possessed_by_the_deity.wav,Aniket Chauhan,"Theog, Shimla, Himachal Pradesh, India",21-30,,The person who gets possessed by the deity,वह व्यक्ति जो देवता के वश में हो जाता है,"Humans, Social Relations and Organization",Spirituality and Religion,n,noun,,,,,,,
2cUEsvL2vRr1ukBHDcla,रातो,,,,Sharachali,,,,https://firebasestorage.googleapis.com/v0/b/talking-dictionaries-alpha.appspot.com/o/mahasuvi%2Faudio%2F2cUEsvL2vRr1ukBHDcla_1653311529311.wav?alt=media,2cUEsvL2vRr1ukBHDcla_Red.wav,Aniket Chauhan,"Theog, Shimla, Himachal Pradesh, India",21-30,,Red,लाल,Colors,,adj,adjective,,,,,,,
2dZCMMaCI3kxbQOOApPp,जांगल,,,,Bishshau,,,,,,,,,,posterior portion of a farm,खेत का पिछला भाग,Agriculture,,,,,,,,,,
2g1kIKFY2dc8rFGK86da,बाए,,,,"Shadochi, Rohruri (Spail)",,,,https://firebasestorage.googleapis.com/v0/b/talking-dictionaries-alpha.appspot.com/o/mahasuvi%2Faudio%2F2g1kIKFY2dc8rFGK86da_1653297343818.wav?alt=media,2g1kIKFY2dc8rFGK86da_Stepwell.wav,Aniket Chauhan,"Theog, Shimla, Himachal Pradesh, India",21-30,,Stepwell,बावड़ी,Household,"Water, bodies of water and the water cycle",n,noun,,,,,,,
2oIwqDjkVicg3g2OJcbv,हौरच,,,,Rohruri (Spail),,,,,,,,,,lost,लुप्त,Location and Directions,States and Characteristics,adj,adjective,मेरो मैमणो गो हौरचे,My kid(goat) got lost.,,,,,
2ssxe9cPcX4XIFJRWz42,कारला,,,,Barari,,,,,,,,,,Stinging nettle,बिच्छू बुटी,"Plants, trees and other vegetation",,n,noun,आं पीटा आंमे कारले कोरै,My mom beat me with stinging nettle,मेरी माँ ने मुझे चुभने वाले बिछुआ से पीटा,,,,
2thJcy8U9c8F6xWF5QdE,आटा,ɑːʈɑː,,,Shimla Saraji,,,,https://firebasestorage.googleapis.com/v0/b/talking-dictionaries-alpha.appspot.com/o/mahasuvi%2Faudio%2F2thJcy8U9c8F6xWF5QdE_1653120644657.wav?alt=media,2thJcy8U9c8F6xWF5QdE_flour.wav,Aniket Chauhan,"Theog, Shimla, Himachal Pradesh, India",21-30,,flour,आटा,"Plants, trees and other vegetation","Food, cooking and foodways",n,noun,रोटी बोणो आटे री।,Roti is made of flour.,रोटी बनती है आटे से।,,,,
2uPhdkc5IW6QS0erjr3T,सोचो,,,,"Bushahri, Shadochi, Rohruri ",,,,https://firebasestorage.googleapis.com/v0/b/talking-dictionaries-alpha.appspot.com/o/mahasuvi%2Faudio%2F2uPhdkc5IW6QS0erjr3T_1653312641443.wav?alt=media,2uPhdkc5IW6QS0erjr3T_Truth.wav,Aniket Chauhan,"Theog, Shimla, Himachal Pradesh, India",21-30,,Truth,सच,,,n,noun,,,,,,,
30YEifDCuNUOxo0Lp9T8,खोशटे,,,,Rohruri ,,,,https://firebasestorage.googleapis.com/v0/b/talking-dictionaries-alpha.appspot.com/o/mahasuvi%2Faudio%2F30YEifDCuNUOxo0Lp9T8_1653123328183.wav?alt=media,30YEifDCuNUOxo0Lp9T8_Khasha_woman.wav,Aniket Chauhan,"Theog, Shimla, Himachal Pradesh, India",21-30,,Khasha woman,खश स्त्री,"Humans, Social Relations and Organization",Names of people and clans,n,noun,,,,,,,
31eKI55sTxtv4Tg0dp37,नियूँदा,,,,,,,,https://firebasestorage.googleapis.com/v0/b/talking-dictionaries-alpha.appspot.com/o/mahasuvi%2Faudio%2F31eKI55sTxtv4Tg0dp37_1653296473889.wav?alt=media,31eKI55sTxtv4Tg0dp37_Invitation.wav,Aniket Chauhan,"Theog, Shimla, Himachal Pradesh, India",21-30,,Invitation,न्यौता,Language and Communication,Social activities and interactions,n,noun,,,,,,,
34DTrfkNjJ4hlMrh7k5g,मेरेया,,,,,,,,https://firebasestorage.googleapis.com/v0/b/talking-dictionaries-alpha.appspot.com/o/mahasuvi%2Faudio%2F34DTrfkNjJ4hlMrh7k5g_1653311425352.wav?alt=media,34DTrfkNjJ4hlMrh7k5g_My_dear.wav,Aniket Chauhan,"Theog, Shimla, Himachal Pradesh, India",21-30,,My dear,मेरे प्रिय,,,adj,adjective,,,,,,,
3Bb9kRfq3awlcil0LoD3,प्राण,,,,"Bishshau, Rohruri ",,,,https://firebasestorage.googleapis.com/v0/b/talking-dictionaries-alpha.appspot.com/o/mahasuvi%2Faudio%2F3Bb9kRfq3awlcil0LoD3_1653296995085.wav?alt=media,3Bb9kRfq3awlcil0LoD3_Identify.wav,Aniket Chauhan,"Theog, Shimla, Himachal Pradesh, India",21-30,,Identify,पहचानो,Mental actions,,v,verb,,,,,,,
3Ell6zp6II8h9ZXhVtw7,माथी,,,,Rohruri ,,,,https://firebasestorage.googleapis.com/v0/b/talking-dictionaries-alpha.appspot.com/o/mahasuvi%2Faudio%2F3Ell6zp6II8h9ZXhVtw7_1653310971294.wav?alt=media,3Ell6zp6II8h9ZXhVtw7_Above.wav,Aniket Chauhan,"Theog, Shimla, Himachal Pradesh, India",21-30,,Above,ऊपर,Location and Directions,,prep,preposition,,,,,,,
3GzMvUSomogaeHDrpXbL,हिय,,,,Shimla Saraji,,,,https://firebasestorage.googleapis.com/v0/b/talking-dictionaries-alpha.appspot.com/o/mahasuvi%2Faudio%2F3GzMvUSomogaeHDrpXbL_1653312969917.wav?alt=media,3GzMvUSomogaeHDrpXbL_Heart_.wav,Aniket Chauhan,"Theog, Shimla, Himachal Pradesh, India",21-30,,Heart ,दिल,Body parts,,n,noun,कुंखडे रा शुरुआ हिये री दवाई।,Meat soup of  chicken is heart's medicine.,,,,,
3H9KxB85m2DTi8hTxh1S,ढेलकी,,,,"Shimla Saraji, Sharachali",,,,https://firebasestorage.googleapis.com/v0/b/talking-dictionaries-alpha.appspot.com/o/mahasuvi%2Faudio%2F3H9KxB85m2DTi8hTxh1S_1653131460758.wav?alt=media,3H9KxB85m2DTi8hTxh1S_Lump.wav,Aniket Chauhan,"Theog, Shimla, Himachal Pradesh, India",21-30,,Lump,ढ़ेला,,,n,noun,,,,,,,
3IlgYYijMXMA7oFXpG4V,आं,,,,Shimla Saraji,,,,https://firebasestorage.googleapis.com/v0/b/talking-dictionaries-alpha.appspot.com/o/mahasuvi%2Faudio%2F3IlgYYijMXMA7oFXpG4V_1653113542610.wav?alt=media,3IlgYYijMXMA7oFXpG4V_I.wav,Aniket Chauhan,"Theog, Shimla, Himachal Pradesh, India",21-30,,I,में,Grammar,,pro,pronoun,आं डे लागा ऐबे।,I am going now.,मैं जा रहा हूं अब।,,,,
3Nyf3gk4QyH8ShkWzlw4,मांडे,,,,"Bushahri, Shadochi",,,,https://firebasestorage.googleapis.com/v0/b/talking-dictionaries-alpha.appspot.com/o/mahasuvi%2Faudio%2F3Nyf3gk4QyH8ShkWzlw4_1653310773985.wav?alt=media,3Nyf3gk4QyH8ShkWzlw4_When_a_person_doesnt_want_to_do_something_but_unwillingly_has_to_do.wav,Aniket Chauhan,"Theog, Shimla, Himachal Pradesh, India",21-30,,When a person doesn't want to do something but unwillingly has to do,जब कोई व्यक्ति कुछ करना नहीं चाहता लेकिन अनिच्छा से करना पड़ता है,Emotions,,,,,,,,,,
3OqOWPOkPQqB8INkL1md,फेटी,,,,Shimla Saraji,,,,https://firebasestorage.googleapis.com/v0/b/talking-dictionaries-alpha.appspot.com/o/mahasuvi%2Faudio%2F3OqOWPOkPQqB8INkL1md_1653297174618.wav?alt=media,3OqOWPOkPQqB8INkL1md_Hastily.wav,Aniket Chauhan,"Theog, Shimla, Himachal Pradesh, India",21-30,,Hastily,जल्दी,States and Characteristics,,v,verb,"फेटी हांड, पाछे कुकुर पोड गो हामो रे।","Walk quickly, a dog is chasing us.",,,,,
3QfIN83c53Eg4wusKACH,टेढ़ी,,,,Shadochi,,,,https://firebasestorage.googleapis.com/v0/b/talking-dictionaries-alpha.appspot.com/o/mahasuvi%2Faudio%2F3QfIN83c53Eg4wusKACH_1653130961119.wav?alt=media,3QfIN83c53Eg4wusKACH_Yelling_to_call_someone_far_away.wav,Aniket Chauhan,"Theog, Shimla, Himachal Pradesh, India",21-30,,Yelling to call someone far away,किसी दूर बैठे व्यक्ति को बुलाने के लिए चिल्लाना,Language and Communication,,v,verb,,,,,,,
3RULqRJlFvkvDBiSmPhR,कोंल,,,,"Shimla Saraji, Shadochi",,,,https://firebasestorage.googleapis.com/v0/b/talking-dictionaries-alpha.appspot.com/o/mahasuvi%2Faudio%2F3RULqRJlFvkvDBiSmPhR_1653122399962.wav?alt=media,3RULqRJlFvkvDBiSmPhR_Lotus.wav,Aniket Chauhan,"Theog, Shimla, Himachal Pradesh, India",21-30,,Lotus,कमल,"Plants, trees and other vegetation",,n,noun,,,,,,,
3Z9yJFbddWH4X4HhbjtK,ज़ीतिया,,,,Rohruri ,,,,https://firebasestorage.googleapis.com/v0/b/talking-dictionaries-alpha.appspot.com/o/mahasuvi%2Faudio%2F3Z9yJFbddWH4X4HhbjtK_1653125376446.wav?alt=media,3Z9yJFbddWH4X4HhbjtK_When_a_person_doesnt_want_to_do_something_but_unwillingly_has_to_do.wav,Aniket Chauhan,"Theog, Shimla, Himachal Pradesh, India",21-30,,When a person doesn't want to do something but unwillingly has to do,जब कोई व्यक्ति कुछ करना नहीं चाहता लेकिन अनिच्छा से करना पड़ता है,Emotions,,,,,,,,,,
3ZITfxZ7zOTJ12Sgyw7r,नियुदो,,,,,,,,https://firebasestorage.googleapis.com/v0/b/talking-dictionaries-alpha.appspot.com/o/mahasuvi%2Faudio%2F3ZITfxZ7zOTJ12Sgyw7r_1653296465930.wav?alt=media,3ZITfxZ7zOTJ12Sgyw7r_Invitation.wav,Aniket Chauhan,"Theog, Shimla, Himachal Pradesh, India",21-30,,Invitation,न्यौता,Language and Communication,Social activities and interactions,n,noun,,,,,,,
3bosePk2w1Vz2Hr2RbE1,कान्ह,,,,Shimla Saraji,,,,,,,,,,Shoulder,कंधा,Body parts,,n,noun,कान्हो गाए थाग बॉस्ता।,Carry the bag on your shoulder.,,,,,
3cwq1TDr1e9v8CSeFOEB,बासिये,,,,Shimla Saraji,,,,https://firebasestorage.googleapis.com/v0/b/talking-dictionaries-alpha.appspot.com/o/mahasuvi%2Faudio%2F3cwq1TDr1e9v8CSeFOEB_1653308983535.wav?alt=media,3cwq1TDr1e9v8CSeFOEB_Later.wav,Aniket Chauhan,"Theog, Shimla, Himachal Pradesh, India",21-30,,Later,बाद में,Time,,adj,adjective,,,,,,,
3fZgEUq1S7R5QbeuvDPH,जेठो घोर,,,,,,,,https://firebasestorage.googleapis.com/v0/b/talking-dictionaries-alpha.appspot.com/o/mahasuvi%2Faudio%2F3fZgEUq1S7R5QbeuvDPH_1653130425941.wav?alt=media,3fZgEUq1S7R5QbeuvDPH_Elder_families_from_whom_the_deity_usually_consults_and_prefers_for_his_works.wav,Aniket Chauhan,"Theog, Shimla, Himachal Pradesh, India",21-30,,Elder families from whom the deity usually consults and prefers for his works,बड़े परिवार जिनसे देवता आमतौर पर सलाह लेते हैं और अपने कार्यों के लिए पसंद करते हैं,Spirituality and Religion,,adj,adjective,,,,,,,
3goNmct1Z8RN7moKEbk9,दाब,,,,,,,,https://firebasestorage.googleapis.com/v0/b/talking-dictionaries-alpha.appspot.com/o/mahasuvi%2Faudio%2F3goNmct1Z8RN7moKEbk9_1653131867986.wav?alt=media,3goNmct1Z8RN7moKEbk9_Bury.wav,Aniket Chauhan,"Theog, Shimla, Himachal Pradesh, India",21-30,,Bury,गाड़,Physical Actions,Life stages and rites of passage,v,verb,,,,,,,
3iUlmlram9ZaQKFqoxYp,टिम्बा,,,,Bishshau,,,,https://firebasestorage.googleapis.com/v0/b/talking-dictionaries-alpha.appspot.com/o/mahasuvi%2Faudio%2F3iUlmlram9ZaQKFqoxYp_1653130817910.wav?alt=media,3iUlmlram9ZaQKFqoxYp_Peak.wav,Aniket Chauhan,"Theog, Shimla, Himachal Pradesh, India",21-30,,Peak,चोटी,"Earth, geology and landscape",,n,noun,,,,,,,
3mHvk3Hp8JJKpDXnDJsJ,टोटल,,,,"Shimla Saraji, Bishshau",,,,,,,,,,gullible,भोला,States and Characteristics,,adj,adjective,मुहणु रो छोटू टोटल ओ,Muhnu's son is gullible,,,,,
3xif5fI0LTLd4YcNuct2,खालटा,,,,Shimla Saraji,,,,https://firebasestorage.googleapis.com/v0/b/talking-dictionaries-alpha.appspot.com/o/mahasuvi%2Faudio%2F3xif5fI0LTLd4YcNuct2_1653122892499.wav?alt=media,3xif5fI0LTLd4YcNuct2_Bag_made_out_of_goat_skin_which_was_used_for_storing_grains_in_olden_times.wav,Aniket Chauhan,"Theog, Shimla, Himachal Pradesh, India",21-30,,Bag made out of goat skin which was used for storing grains in olden times,बकरी की खाल से बना थैला जो पुराने समय में अनाज के भंडारण के लिए इस्तेमाल किया जाता था,Agriculture,,n,noun,,,,,,,
446X0Kojvza8IoC8YF7m,कान्हीया,,,,,,,,https://firebasestorage.googleapis.com/v0/b/talking-dictionaries-alpha.appspot.com/o/mahasuvi%2Faudio%2F446X0Kojvza8IoC8YF7m_1653121922023.wav?alt=media,446X0Kojvza8IoC8YF7m_Lord_Krishna.wav,Aniket Chauhan,"Theog, Shimla, Himachal Pradesh, India",21-30,,Lord Krishna,भगवान कृष्ण,Sacred names,,n,noun,,,,,,,
48PHqHWFzvLq1cgnSCll,गेणी,,,,Shimla Saraji,,,,https://firebasestorage.googleapis.com/v0/b/talking-dictionaries-alpha.appspot.com/o/mahasuvi%2Faudio%2F48PHqHWFzvLq1cgnSCll_1653124069338.wav?alt=media,48PHqHWFzvLq1cgnSCll_Sky.wav,Aniket Chauhan,"Theog, Shimla, Himachal Pradesh, India",21-30,,Sky,आकाश,"Sky, weather and climate",,n,noun,गेणी दे तारे नी दिश लागे।,Stars aren't visible in the sky.,,,,,
4BwvHq7V7jjureIykAeK,घाटो,,,,"Shimla Saraji, Sharachali",,,,https://firebasestorage.googleapis.com/v0/b/talking-dictionaries-alpha.appspot.com/o/mahasuvi%2Faudio%2F4BwvHq7V7jjureIykAeK_1653124429753.wav?alt=media,4BwvHq7V7jjureIykAeK_Reduced_in_size.wav,Aniket Chauhan,"Theog, Shimla, Himachal Pradesh, India",21-30,,Reduced in size,आकार में कमी,Sizes and dimensions,,adj,adjective,,,,,,,
4C1VZoHAuRb9Ylw3vyLK,घराट,,,,Bushahri,,,,https://firebasestorage.googleapis.com/v0/b/talking-dictionaries-alpha.appspot.com/o/mahasuvi%2Faudio%2F4C1VZoHAuRb9Ylw3vyLK_1653124421064.wav?alt=media,4C1VZoHAuRb9Ylw3vyLK_Watermill.wav,Aniket Chauhan,"Theog, Shimla, Himachal Pradesh, India",21-30,,Watermill,पनचक्की,Construction,Agriculture,n,noun,,,,"Water, bodies of water and the water cycle",,,
4C4f8lJSDDXR3sKOpqPG,ज़ेरा,,,,"Shimla Saraji, Bishshau",,,,https://firebasestorage.googleapis.com/v0/b/talking-dictionaries-alpha.appspot.com/o/mahasuvi%2Faudio%2F4C4f8lJSDDXR3sKOpqPG_1653125384936.wav?alt=media,4C4f8lJSDDXR3sKOpqPG_Like_similar.wav,Aniket Chauhan,"Theog, Shimla, Himachal Pradesh, India",21-30,,"Like, similar",समान,,,adj,adjective,,,,,,,
4J9bTvLhJPdr14UIJM1f,किदे,,,,Bushahri,,,,https://firebasestorage.googleapis.com/v0/b/talking-dictionaries-alpha.appspot.com/o/mahasuvi%2Faudio%2F4J9bTvLhJPdr14UIJM1f_1653122006617.wav?alt=media,4J9bTvLhJPdr14UIJM1f_Where.wav,Aniket Chauhan,"Theog, Shimla, Himachal Pradesh, India",21-30,,Where,कहाँ,Location and Directions,,adv,adverb,,,,,,,
4QkhYaZgV9zPH6aCZXdH,बगारी,,,,,,,,https://firebasestorage.googleapis.com/v0/b/talking-dictionaries-alpha.appspot.com/o/mahasuvi%2Faudio%2F4QkhYaZgV9zPH6aCZXdH_1653297240008.wav?alt=media,4QkhYaZgV9zPH6aCZXdH_Unpaid_forced_labourer.wav,Aniket Chauhan,"Theog, Shimla, Himachal Pradesh, India",21-30,,Unpaid forced labourer,अवैतनिक जबरन श्रमिक ,"Humans, Social Relations and Organization",Work and occupations,,,,,,,,,
4SruxfbCdvel0W8KyhU1,शोरा,,,,Sharachali,,,,https://firebasestorage.googleapis.com/v0/b/talking-dictionaries-alpha.appspot.com/o/mahasuvi%2Faudio%2F4SruxfbCdvel0W8KyhU1_1653312337264.wav?alt=media,4SruxfbCdvel0W8KyhU1_Father_inlaw.wav,Aniket Chauhan,"Theog, Shimla, Himachal Pradesh, India",21-30,,Father in-law,ससुर,Kinship and relationships,,n,noun,,,,,,,
4YRjoHDIuPrgEwktjcg4,बूरौ,,,,,,,,,,,,,,to miss someone,किसी को याद करने के लिए,Emotions,Mental actions,n,noun,मेरै लागौ सितूऔ बूरौ,I'm missing Seetu.,मुझे सीतू की याद आ रही है।,,,,
4cfLyHWI5RdgJUU4wJjF,रोच,,,,"Shimla Saraji, Shadochi",,,,,,,,,,green pine needles,चीड़ की हरी सुईयां,"Plants, trees and other vegetation",,,,,,,,,,
4eAImaWuiSPNghBsqmfi,घाणा,,,,,,,,,,,,,,Feeling of fullness after eating food,खाना खाने के बाद पेट भरा हुआ महसूस होना,Senses and perception,"Food, cooking and foodways",adj,adjective,,,,,,,
4egjqDPxXmM5RsOueM2T,शिक,,,,"Bushahri, Rohruri ",,,,https://firebasestorage.googleapis.com/v0/b/talking-dictionaries-alpha.appspot.com/o/mahasuvi%2Faudio%2F4egjqDPxXmM5RsOueM2T_1653312204985.wav?alt=media,4egjqDPxXmM5RsOueM2T_Excessive.wav,Aniket Chauhan,"Theog, Shimla, Himachal Pradesh, India",21-30,,Excessive,बहुत ज़्यादा,Quantifiers,,adj,adjective,,,,,,,
4kaoVVgYWNyzGjuJdPVM,लुद्धि,,,,Shimla Saraji,,,,https://firebasestorage.googleapis.com/v0/b/talking-dictionaries-alpha.appspot.com/o/mahasuvi%2Faudio%2F4kaoVVgYWNyzGjuJdPVM_1653311853895.wav?alt=media,4kaoVVgYWNyzGjuJdPVM_Vulture.wav,Aniket Chauhan,"Theog, Shimla, Himachal Pradesh, India",21-30,,Vulture,गिद्ध,Birds,,n,noun,ऊबी गोईणी लुद्धि फिरो।,Vulture is roaming in the sky above.,,,,,
4mDu1mmnbU02NSwb9z5t,ठसकारणा,,,,Bishshau,,,,,,,,,,"to adorn yourself, dress up","अपने आप को सजाना, सजना-संवरना",Physical Actions,Clothing and adornment,,,तौएँ बी ठसकारणो शिख पोयो मेरीये।,You have also learnt to dress up my dear.,,,,,
4mOxDnqoAd37rf5shYtQ,बेरू,,,,,,,,https://firebasestorage.googleapis.com/v0/b/talking-dictionaries-alpha.appspot.com/o/mahasuvi%2Faudio%2F4mOxDnqoAd37rf5shYtQ_1653309267696.wav?alt=media,4mOxDnqoAd37rf5shYtQ_Hardships.wav,Aniket Chauhan,"Theog, Shimla, Himachal Pradesh, India",21-30,,Hardships,कष्ट,Emotions,,n,noun,,,,,,,
4qHgbpCBxnQhHk6WsPng,कीण,,,,Bishshau,,,,,,,,,,pus filled pimple,मवाद भरी फुंसी,"Health, well-being and sickness",Cleanliness and hygiene,n,noun,,,,,,,
4xLhu0dBHLD81Ad2SmKa,शुरुआ,,,,,,,,https://firebasestorage.googleapis.com/v0/b/talking-dictionaries-alpha.appspot.com/o/mahasuvi%2Faudio%2F4xLhu0dBHLD81Ad2SmKa_1653312300402.wav?alt=media,4xLhu0dBHLD81Ad2SmKa_Meat_soup.wav,Aniket Chauhan,"Theog, Shimla, Himachal Pradesh, India",21-30,,Meat soup,मांस का शोरबा,"Food, cooking and foodways",,n,noun,,,,,,,
4z9sFlFG4cxiWLqF6vCn,बील,,,,"Shadochi, Kumharsain, Bishshau, Bushahri (Nankhari), Chuhara",,,,,,,,,,anterior portion of a farm,खेत का अग्र भाग,Agriculture,,,,,,,,,,
4zXIu9xHDhgHkOg7yQ3T,छिलनी,,,,Shimla Saraji,,,,,,,,,,to mimic someone usually in a mocking fashion,आम तौर पर किसी का मज़ाक उड़ाते हुए नकल करना,Physical Actions,,n,noun,कोसरी छिलनी कोर लाई तूएँ?,Who are you mimicking?,,,,,
505CZGxTy9QF6NNkxB5O,कजॉग्रा ,,,,,,,,https://firebasestorage.googleapis.com/v0/b/talking-dictionaries-alpha.appspot.com/o/mahasuvi%2Faudio%2F505CZGxTy9QF6NNkxB5O_1653121501273.wav?alt=media,505CZGxTy9QF6NNkxB5O_Clumsy.wav,Aniket Chauhan,"Theog, Shimla, Himachal Pradesh, India",21-30,,Clumsy,अनाड़ी,States and Characteristics,,adj,adjective,,,,,,,
5BFQhCymVVNAmpgDmZHx,बिण,,,,"Bishshau, Shadochi",,,,https://firebasestorage.googleapis.com/v0/b/talking-dictionaries-alpha.appspot.com/o/mahasuvi%2Faudio%2F5BFQhCymVVNAmpgDmZHx_1653309029629.wav?alt=media,5BFQhCymVVNAmpgDmZHx_Process_of_making_jewellery.wav,Aniket Chauhan,"Theog, Shimla, Himachal Pradesh, India",21-30,,Process of making jewellery,आभूषण बनाने की प्रक्रिया,Physical Actions,"Art, crafts and textiles",v,verb,,,,Clothing and adornment,,,
5EFqVxCdUdBAOPyIELv0,पाथ,,,,Bishshau,,,,,,,,,,smear (usually with something dirty),पोतना (आमतौर पर कुछ गंदे के साथ),Physical Actions,,v,verb,गारे गिनयो झुड़के पाथ पेइ,You've smeared your clothes with mud,,,,,
5ImOFJ5pLVTMkGopvy1W,घरौड़ी,,,,Shadochi,,,,,,,,,,Snore(s),खर्राटे,Sleep,,,,,,,,,,
5MzdeHZB97LMbsKYTu75,पांड़े,pɑːⁿdeːh,,,Shimla Saraji,,,,https://firebasestorage.googleapis.com/v0/b/talking-dictionaries-alpha.appspot.com/o/mahasuvi%2Faudio%2F5MzdeHZB97LMbsKYTu75_1653296676565.wav?alt=media,5MzdeHZB97LMbsKYTu75_there_that_side.wav,Aniket Chauhan,"Theog, Shimla, Himachal Pradesh, India",21-30,,"there, that side",उधर,Location and Directions,,n,noun,पांडे दो दिश लागो किएँ?,Is anything visible from there?,उधर से दिख रहा है कुछ?,,,,
5XiwkE2YS8fi04YmjXie,कागल,,,,Shimla Saraji,,,,https://firebasestorage.googleapis.com/v0/b/talking-dictionaries-alpha.appspot.com/o/mahasuvi%2Faudio%2F5XiwkE2YS8fi04YmjXie_1653121710650.wav?alt=media,5XiwkE2YS8fi04YmjXie_Paper.wav,Aniket Chauhan,"Theog, Shimla, Himachal Pradesh, India",21-30,,Paper,कागज़,Household,"Art, crafts and textiles",n,noun,,,,,,,
5Y45Po6MqpK2ULReeTdR,इल्म,,,,,,,,https://firebasestorage.googleapis.com/v0/b/talking-dictionaries-alpha.appspot.com/o/mahasuvi%2Faudio%2F5Y45Po6MqpK2ULReeTdR_1653120915781.wav?alt=media,5Y45Po6MqpK2ULReeTdR_Vice.wav,Aniket Chauhan,"Theog, Shimla, Himachal Pradesh, India",21-30,,Vice,बुराई,Social activities and interactions,,n,noun,,,,,,,
5ZnExTVMUx6gvbXgzBJz,हाश,ɦɑːɕ,,,Shimla Saraji,,,,https://firebasestorage.googleapis.com/v0/b/talking-dictionaries-alpha.appspot.com/o/mahasuvi%2Faudio%2F5ZnExTVMUx6gvbXgzBJz_1653312903412.wav?alt=media,5ZnExTVMUx6gvbXgzBJz_arrive_at_some_place.wav,Aniket Chauhan,"Theog, Shimla, Himachal Pradesh, India",21-30,,arrive at some place,किसी स्थान पे जाना,Physical Actions,Location and Directions,v,verb,पोरा हाश।,Come further.,परे चले जा।,,,,
5bGzqWmk1QRj1BnVi9IN,ताता,,,,,,,,https://firebasestorage.googleapis.com/v0/b/talking-dictionaries-alpha.appspot.com/o/mahasuvi%2Faudio%2F5bGzqWmk1QRj1BnVi9IN_1653131538326.wav?alt=media,5bGzqWmk1QRj1BnVi9IN_Hot.wav,Aniket Chauhan,"Theog, Shimla, Himachal Pradesh, India",21-30,,Hot,गर्म,States and Characteristics,,adj,adjective,,,,,,,
5c6YpW1iNbbaDXVD17c8,गाटो,,,,Shadochi,,,,https://firebasestorage.googleapis.com/v0/b/talking-dictionaries-alpha.appspot.com/o/mahasuvi%2Faudio%2F5c6YpW1iNbbaDXVD17c8_1653123458491.wav?alt=media,5c6YpW1iNbbaDXVD17c8_Reduced_in_size.wav,Aniket Chauhan,"Theog, Shimla, Himachal Pradesh, India",21-30,,Reduced in size,आकार में कमी,Sizes and dimensions,,adj,adjective,,,,,,,
5dVbFXXFQtrndciKM5yH,बोरी,,,,,,,,https://firebasestorage.googleapis.com/v0/b/talking-dictionaries-alpha.appspot.com/o/mahasuvi%2Faudio%2F5dVbFXXFQtrndciKM5yH_1653310067675.wav?alt=media,5dVbFXXFQtrndciKM5yH_Enemy.wav,Aniket Chauhan,"Theog, Shimla, Himachal Pradesh, India",21-30,,Enemy,दुश्मन,"Humans, Social Relations and Organization",,n,noun,,,,,,,
5eGY32qYbuTAtoRiAoeu,सुत,,,,,,,,https://firebasestorage.googleapis.com/v0/b/talking-dictionaries-alpha.appspot.com/o/mahasuvi%2Faudio%2F5eGY32qYbuTAtoRiAoeu_1653312546612.wav?alt=media,5eGY32qYbuTAtoRiAoeu_Sleep.wav,Aniket Chauhan,"Theog, Shimla, Himachal Pradesh, India",21-30,,Sleep,सो जाओ,Sleep,,n,noun,,,,,,,
5iUJuoglbuY3MP7gmWiY,छैलू,,,,,,,,https://firebasestorage.googleapis.com/v0/b/talking-dictionaries-alpha.appspot.com/o/mahasuvi%2Faudio%2F5iUJuoglbuY3MP7gmWiY_1653125267906.wav?alt=media,5iUJuoglbuY3MP7gmWiY_Goat.wav,Aniket Chauhan,"Theog, Shimla, Himachal Pradesh, India",21-30,,Goat,बकरा,,,n,noun,,,,,,,
5m7LXZVyEDjzNkimoBJc,मुल्क,,,,,,,,https://firebasestorage.googleapis.com/v0/b/talking-dictionaries-alpha.appspot.com/o/mahasuvi%2Faudio%2F5m7LXZVyEDjzNkimoBJc_1653311252471.wav?alt=media,5m7LXZVyEDjzNkimoBJc_Country_state.wav,Aniket Chauhan,"Theog, Shimla, Himachal Pradesh, India",21-30,,"Country, state","देश, राज्य","Humans, Social Relations and Organization",,n,noun,,,,,,,
5oHSjUcvWzqQ8XJDKDaw,सलोणा,,,,,,,,https://firebasestorage.googleapis.com/v0/b/talking-dictionaries-alpha.appspot.com/o/mahasuvi%2Faudio%2F5oHSjUcvWzqQ8XJDKDaw_1653312407903.wav?alt=media,5oHSjUcvWzqQ8XJDKDaw_Curry.wav,Aniket Chauhan,"Theog, Shimla, Himachal Pradesh, India",21-30,,Curry,दाल,"Food, cooking and foodways",,n,noun,,,,,,,
631faggn2los6SXBgAjq,माईच,,,,Shimla Saraji,,,,https://firebasestorage.googleapis.com/v0/b/talking-dictionaries-alpha.appspot.com/o/mahasuvi%2Faudio%2F631faggn2los6SXBgAjq_1653310788271.wav?alt=media,631faggn2los6SXBgAjq_A_married_womans_paternal_housefamily.wav,Aniket Chauhan,"Theog, Shimla, Himachal Pradesh, India",21-30,,A married woman's paternal house/family,माइका,"Humans, Social Relations and Organization",Kinship and relationships,n,noun,मेरे माइचो दो आजे ओ माच।,People have come from my maternal village.,,,,,
63xnvNGMH5KUWW40LoVf,मांजे,,,,,,,,https://firebasestorage.googleapis.com/v0/b/talking-dictionaries-alpha.appspot.com/o/audio%2Fmahasuvi%2F63xnvNGMH5KUWW40LoVf_1627478332100.wav?alt=media,63xnvNGMH5KUWW40LoVf_between.wav,Aniket Chauhan,"Theog, Shimla, Himachal Pradesh, India",21-30,,between,बीच में,Location and Directions,,v,verb,,,,,,,
65JxegyqazxYDXUVMrMc,छोटा,,,,Shimla Saraji,,,,https://firebasestorage.googleapis.com/v0/b/talking-dictionaries-alpha.appspot.com/o/audio%2Fmahasuvi%2F65JxegyqazxYDXUVMrMc_1624193721767.wav?alt=media,65JxegyqazxYDXUVMrMc_Son.wav,Aniket Chauhan,"Theog, Shimla, Himachal Pradesh, India",21-30,,Son,बेटा,Kinship and relationships,,na,animate noun,,,,,,,
65qu1jXMTgFb2usQvIlk,ब्राघण,,,,,,,,https://firebasestorage.googleapis.com/v0/b/talking-dictionaries-alpha.appspot.com/o/mahasuvi%2Faudio%2F65qu1jXMTgFb2usQvIlk_1653310140083.wav?alt=media,65qu1jXMTgFb2usQvIlk_Leopardess.wav,Aniket Chauhan,"Theog, Shimla, Himachal Pradesh, India",21-30,,Leopardess,मादा तेंदुआ,Animals,,n,noun,,,,,,,
66uBOPZThXoOR7ZibnPB,हाटी,,,,,,,,https://firebasestorage.googleapis.com/v0/b/talking-dictionaries-alpha.appspot.com/o/mahasuvi%2Faudio%2F66uBOPZThXoOR7ZibnPB_1653312852970.wav?alt=media,66uBOPZThXoOR7ZibnPB_1_shop_2_people_belonging_to_the_Hati_community.wav,Aniket Chauhan,"Theog, Shimla, Himachal Pradesh, India",21-30,,1. shop; 2. people belonging to the Hati community,1. दुकान; 2. हाटी समुदाय से सम्बंध रखने वाले लोग,Finance and Business,,n,noun,,,,,,,
682EFM7dIz8mOlFdqWES,चोटणा,,,,,,,,https://firebasestorage.googleapis.com/v0/b/talking-dictionaries-alpha.appspot.com/o/mahasuvi%2Faudio%2F682EFM7dIz8mOlFdqWES_1653124982775.wav?alt=media,682EFM7dIz8mOlFdqWES_To_lack_in_quantity.wav,Aniket Chauhan,"Theog, Shimla, Himachal Pradesh, India",21-30,,To lack in quantity,मात्रा में कमी होना,,,,,,,,,,,
69qZepXLnaAWrl3i6GNg,मीठडो,,,,,,,,https://firebasestorage.googleapis.com/v0/b/talking-dictionaries-alpha.appspot.com/o/mahasuvi%2Faudio%2F69qZepXLnaAWrl3i6GNg_1653311152690.wav?alt=media,69qZepXLnaAWrl3i6GNg_Sweet.wav,Aniket Chauhan,"Theog, Shimla, Himachal Pradesh, India",21-30,,Sweet,मीठा,States and Characteristics,,adj,adjective,,,,,,,
6GjvBvC4SDRD98IcuOZl,छा,,,,"Shadochi, Bushahri",,,,https://firebasestorage.googleapis.com/v0/b/talking-dictionaries-alpha.appspot.com/o/mahasuvi%2Faudio%2F6GjvBvC4SDRD98IcuOZl_1653125079608.wav?alt=media,6GjvBvC4SDRD98IcuOZl_Lassi.wav,Aniket Chauhan,"Theog, Shimla, Himachal Pradesh, India",21-30,,Lassi,लस्सी,"Food, cooking and foodways",,n,noun,,,,,,,
6Iv6j9j0mDIjtnf5Fqfc,छीटी,,,,Sharachali,,,,https://firebasestorage.googleapis.com/v0/b/talking-dictionaries-alpha.appspot.com/o/mahasuvi%2Faudio%2F6Iv6j9j0mDIjtnf5Fqfc_1653125204788.wav?alt=media,6Iv6j9j0mDIjtnf5Fqfc_Twig_stick.wav,Aniket Chauhan,"Theog, Shimla, Himachal Pradesh, India",21-30,,"Twig, stick",डंडी,"Plants, trees and other vegetation",,n,noun,,,,,,,
6LoopwmWSrQSNRb9ieG4,खलाण,,,,Bishshau,,,,https://firebasestorage.googleapis.com/v0/b/talking-dictionaries-alpha.appspot.com/o/mahasuvi%2Faudio%2F6LoopwmWSrQSNRb9ieG4_1653122749480.wav?alt=media,6LoopwmWSrQSNRb9ieG4_Courtyard.wav,Aniket Chauhan,"Theog, Shimla, Himachal Pradesh, India",21-30,,Courtyard,आंगन,Construction,,n,noun,,,,,,,
6a4aWCc4TZ6goW4cucxb,बोश,,,,Shimla Saraji,,,,,,,,,,Year,वर्ष,Time,,,,केती बोशो हुई गोई?,How many years have passed?,,,,,
6cfNOKfosjB37pGdeNF6,ऐंचकड़ि,,,,"Rohruri (Nawar), Bushahri (Nankhari)",,,,,,,,,,intestines,आंत,Body parts,,n,noun,,,,,,,
6dQDsMWz9OQNnYK1L37I,आड़ू,,,,Shimla Saraji,,,,https://firebasestorage.googleapis.com/v0/b/talking-dictionaries-alpha.appspot.com/o/mahasuvi%2Faudio%2F6dQDsMWz9OQNnYK1L37I_1653120654091.wav?alt=media,6dQDsMWz9OQNnYK1L37I_peach.wav,Aniket Chauhan,"Theog, Shimla, Himachal Pradesh, India",21-30,,peach,आड़ू,"Plants, trees and other vegetation","Food, cooking and foodways",n,noun,मेरे खाणे थे आड़ू।,I wanted to eat peach.,मुझे आड़ू खाना था।,,,,
6ibILa6ZPhHD1sJ8dgOG,भोचडु,,,,"Shimla Saraji, Bishshau, Barari",,,,,,,,,,Brother's son,भतीजा,Kinship and relationships,,,,मेरो भोचडु रोओ दिल्ली।,My nephew lives in Delhi.,,,,,
6q6meNOAJWRqdbS9W37q,मुले,,,,Shadochi,,,,https://firebasestorage.googleapis.com/v0/b/talking-dictionaries-alpha.appspot.com/o/mahasuvi%2Faudio%2F6q6meNOAJWRqdbS9W37q_1653311243968.wav?alt=media,6q6meNOAJWRqdbS9W37q_For_me.wav,Aniket Chauhan,"Theog, Shimla, Himachal Pradesh, India",21-30,,For me,मेरे लिय,States and Characteristics,,,,,,,,,,
6qVRZTuoOjHoX9vsRYZB,मुंदरी,,,,Shadochi,,,,,,,,,,Earrings which are usually made of gold,झुमके जो आमतौर पर सोने से बने होते हैं,"Art, crafts and textiles",Clothing and adornment,n,noun,मुंदरी जोगै नी तेरै कान,Your ears aren't good enough for gold earrings,आपके कान सोने के झुमके के लिए पर्याप्त नहीं हैं,,,,
6tq7UJz3N5QtM0zHbJTF,मांड,,,,"Sharachali, Rohruri ",,,,https://firebasestorage.googleapis.com/v0/b/talking-dictionaries-alpha.appspot.com/o/mahasuvi%2Faudio%2F6tq7UJz3N5QtM0zHbJTF_1653310757404.wav?alt=media,6tq7UJz3N5QtM0zHbJTF_Massage.wav,Aniket Chauhan,"Theog, Shimla, Himachal Pradesh, India",21-30,,Massage,मल,Physical Actions,,v,verb,,,,,,,
6ugJUluxJVbch2Qpq170,पाशी,,,,Rohruri ,,,,https://firebasestorage.googleapis.com/v0/b/talking-dictionaries-alpha.appspot.com/o/mahasuvi%2Faudio%2F6ugJUluxJVbch2Qpq170_1653296763825.wav?alt=media,6ugJUluxJVbch2Qpq170_Noose.wav,Aniket Chauhan,"Theog, Shimla, Himachal Pradesh, India",21-30,,Noose,फंदा ,Tools and weapons,,n,noun,,,,,,,
7CWQ7EvrohpxlRHYh0Qr,गाए,,,,,,,,https://firebasestorage.googleapis.com/v0/b/talking-dictionaries-alpha.appspot.com/o/mahasuvi%2Faudio%2F7CWQ7EvrohpxlRHYh0Qr_1653123430448.wav?alt=media,7CWQ7EvrohpxlRHYh0Qr_Above.wav,Aniket Chauhan,"Theog, Shimla, Himachal Pradesh, India",21-30,,Above,ऊपर,Location and Directions,,prep,preposition,,,,,,,
7L93vKjraY0xVbwkNktL,रिओ,,,,Shadochi,,,,https://firebasestorage.googleapis.com/v0/b/talking-dictionaries-alpha.appspot.com/o/mahasuvi%2Faudio%2F7L93vKjraY0xVbwkNktL_1653311536590.wav?alt=media,7L93vKjraY0xVbwkNktL_Bad.wav,Aniket Chauhan,"Theog, Shimla, Himachal Pradesh, India",21-30,,Bad,बुरा,States and Characteristics,,adj,adjective,,,,,,,
7LPgn4p7nqB7KAYWRcUD,फड़ाकणा,,,,,,,,https://firebasestorage.googleapis.com/v0/b/talking-dictionaries-alpha.appspot.com/o/mahasuvi%2Faudio%2F7LPgn4p7nqB7KAYWRcUD_1653297076869.wav?alt=media,7LPgn4p7nqB7KAYWRcUD_act_of_flicking.wav,Aniket Chauhan,"Theog, Shimla, Himachal Pradesh, India",21-30,,act of flicking,झटकाने की क्रिया ,Physical Actions,,v,verb,,,,,,,
7LpT2SgMD2iFGT5VAdrL,मुंगड़ी,,,,,,,,,,,,,,Earrings which are usually made of gold,झुमके जो आमतौर पर सोने से बने होते हैं,"Art, crafts and textiles",Clothing and adornment,n,noun,मुंगड़ी जोगे ना तेरे कानो,Your ears aren't good enough for gold earrings,आपके कान सोने के झुमके के लिए पर्याप्त नहीं हैं,,,,
7NIy3PFgM99SLQ6P9Nc3,बाढ़ी,,,,Shimla Saraji,,,,https://firebasestorage.googleapis.com/v0/b/talking-dictionaries-alpha.appspot.com/o/mahasuvi%2Faudio%2F7NIy3PFgM99SLQ6P9Nc3_1653308000878.wav?alt=media,7NIy3PFgM99SLQ6P9Nc3_A_person_belonging_to_the_caste_of_carpenters.wav,Aniket Chauhan,"Theog, Shimla, Himachal Pradesh, India",21-30,,A person belonging to the caste of carpenters,बढ़ई की जाति से संबंधित एक व्यक्ति,"Humans, Social Relations and Organization",,n,noun,बाढ़ीये टेओं एज़ो देऊरा।,The carpenter has made this temple.,,,,,
7OfPLyTCJAw6On09wGPV,ऐबे,,,,Shimla Saraji,,,,https://firebasestorage.googleapis.com/v0/b/talking-dictionaries-alpha.appspot.com/o/mahasuvi%2Faudio%2F7OfPLyTCJAw6On09wGPV_1653121345251.wav?alt=media,7OfPLyTCJAw6On09wGPV_now.wav,Aniket Chauhan,"Theog, Shimla, Himachal Pradesh, India",21-30,,now,अब,Time,,adj,adjective,ऐबे डेऊला रोहरू खी।,Now will go to Rohru.,,,,,
7RO087DPoWGJrISEJlvK,पित,,,,Shimla Saraji,,,,https://firebasestorage.googleapis.com/v0/b/talking-dictionaries-alpha.appspot.com/o/mahasuvi%2Faudio%2F7RO087DPoWGJrISEJlvK_1653296775495.wav?alt=media,7RO087DPoWGJrISEJlvK_Phlegm.wav,Aniket Chauhan,"Theog, Shimla, Himachal Pradesh, India",21-30,,Phlegm,कफ,Body parts,"Health, well-being and sickness",n,noun,पित टोल लागो खुंगो साथी।,Phelgm is coming with cough.,,,,,
7XTNN1yJJfhQp8oU5L5S,बिश,,,,Shimla Saraji,,,,https://firebasestorage.googleapis.com/v0/b/talking-dictionaries-alpha.appspot.com/o/mahasuvi%2Faudio%2F7XTNN1yJJfhQp8oU5L5S_1653309036721.wav?alt=media,7XTNN1yJJfhQp8oU5L5S_Toxin.wav,Aniket Chauhan,"Theog, Shimla, Himachal Pradesh, India",21-30,,Toxin,ज़हर,"Health, well-being and sickness",,n,noun,मुं देयो थो कुणे बिश।,Someone had given me poison.,,,,,
7elUN1KDnxNJeqtNyQGS,शणेशी,,,,Shimla Saraji,,,,https://firebasestorage.googleapis.com/v0/b/talking-dictionaries-alpha.appspot.com/o/mahasuvi%2Faudio%2F7elUN1KDnxNJeqtNyQGS_1653312007498.wav?alt=media,7elUN1KDnxNJeqtNyQGS_Tongs.wav,Aniket Chauhan,"Theog, Shimla, Himachal Pradesh, India",21-30,,Tongs,चिमटा,Tools and weapons,,,,,,,,,,
7eo9b0Zn0wLOMohJ8DDN,नोश,,,,,,,,,,,,,,nails,नाखून,Body parts,,,,आपणे नोश काट।,Cut your nails.,,,,,
7i2RLrE8VuQeUOIUzCti,ढोंढा,,,,,,,,https://firebasestorage.googleapis.com/v0/b/talking-dictionaries-alpha.appspot.com/o/mahasuvi%2Faudio%2F7i2RLrE8VuQeUOIUzCti_1653131470433.wav?alt=media,7i2RLrE8VuQeUOIUzCti_Male_cat_fat_cat.wav,Aniket Chauhan,"Theog, Shimla, Himachal Pradesh, India",21-30,,"Male cat, fat cat",मोटा बिल्ला,Animals,,,,,,,,,,
7jJIoh5d11cNcGi77Hpn,माठा,,,,Shimla Saraji,,,,https://firebasestorage.googleapis.com/v0/b/talking-dictionaries-alpha.appspot.com/o/mahasuvi%2Faudio%2F7jJIoh5d11cNcGi77Hpn_1653310878949.wav?alt=media,7jJIoh5d11cNcGi77Hpn_Small.wav,Aniket Chauhan,"Theog, Shimla, Himachal Pradesh, India",21-30,,Small,छोटा,Sizes and dimensions,,adj,adjective,"एबी तू माठा ऐ, तेरो काम नई ऐथो।","You are a kid now, there isn't any business of you here.",,,,,
7pcQq5ailwBFvf5udNgG,नेऊल,,,,Shimla Saraji,,,,https://firebasestorage.googleapis.com/v0/b/talking-dictionaries-alpha.appspot.com/o/mahasuvi%2Faudio%2F7pcQq5ailwBFvf5udNgG_1653296507515.wav?alt=media,7pcQq5ailwBFvf5udNgG_Low_lying_valley_area.wav,Aniket Chauhan,"Theog, Shimla, Himachal Pradesh, India",21-30,,Low lying valley area,निचला इलाका,"Earth, geology and landscape",,n,noun,,,,,,,
7sHackGSqxwXr8I3Y0uE,भांड,,,,Shimla Saraji,,,,https://firebasestorage.googleapis.com/v0/b/talking-dictionaries-alpha.appspot.com/o/mahasuvi%2Faudio%2F7sHackGSqxwXr8I3Y0uE_1653310402213.wav?alt=media,7sHackGSqxwXr8I3Y0uE_Abuse.wav,Aniket Chauhan,"Theog, Shimla, Himachal Pradesh, India",21-30,,Abuse,गाली,,,n,noun,मामेया केईं भांड ज़ोप लाओ।,Maternal uncle why are you talking abusively?,,,,,
7sJMyRP1KAyf2QMGzSY4,धोतो,,,,Bishshau,,,,,,,,,,"crotch, the portion of clothes around crotch","जाँघ एवं धड़ के जोड़ का क्षेत्र, जाँघ एवं धड़ के जोड़ का क्षेत्र के चारों ओर कपड़े का हिस्सा",Clothing and adornment,,,,,,,,,,
7t1lRqZfZ1nQvIs5wVle,बदाणी,,,,Shimla Saraji,,,,,,,,,,invitation,आमंत्रण,Language and Communication,Social activities and interactions,n,noun,मोतु क बदाणी दे गोई?,Did you give an invitation to Motu?,,,,,
7vll3XawQlJbKny2xQvq,बीची,,,,,,,,https://firebasestorage.googleapis.com/v0/b/talking-dictionaries-alpha.appspot.com/o/mahasuvi%2Faudio%2F7vll3XawQlJbKny2xQvq_1653309085651.wav?alt=media,7vll3XawQlJbKny2xQvq_Between.wav,Aniket Chauhan,"Theog, Shimla, Himachal Pradesh, India",21-30,,Between,बीच में,Location and Directions,,prep,preposition,,,,,,,
7zOsvavMBipJh9JKJi0q,घिणो,,,,,,,,https://firebasestorage.googleapis.com/v0/b/talking-dictionaries-alpha.appspot.com/o/mahasuvi%2Faudio%2F7zOsvavMBipJh9JKJi0q_1653124469689.wav?alt=media,7zOsvavMBipJh9JKJi0q_is_used_to_show_pity.wav,Aniket Chauhan,"Theog, Shimla, Himachal Pradesh, India",21-30,,is used to show pity,दया दिखाने के लिए प्रयोग किया जाता है,Interjections,,,,,,,,,,
80ZUkqdnikrReoPdTo4R,बामण,,,,Shadochi,,,,https://firebasestorage.googleapis.com/v0/b/talking-dictionaries-alpha.appspot.com/o/mahasuvi%2Faudio%2F80ZUkqdnikrReoPdTo4R_1653308935864.wav?alt=media,80ZUkqdnikrReoPdTo4R_Brahmin_priest.wav,Aniket Chauhan,"Theog, Shimla, Himachal Pradesh, India",21-30,,"Brahmin, priest","पंडित, ब्राह्मण","Humans, Social Relations and Organization",Spirituality and Religion,n,noun,,,,,,,
84G2rBeRUEjArXCv9oH1,ठाठे,,,,,,,,,,,,,,To shame someone/make fun of someone,किसी को लज्जित करना/किसी का मज़ाक उड़ाना,Physical Actions,Emotions,n,noun,चुपा केईं नी रौंदा? माछे तेरे ठाठे कोर लाय!,Why don't you stay quiet? People are making fun of you.,आप चुप क्यों नहीं रहते? लोग आपका मजाक उड़ा रहे हैं।,,,,
87SeTAWdIbUskS3NrL4Q,ठीस,,,,"Shimla Saraji, Shadochi, Bishshau",,,,,,,,,,adorn onerself,अपने आप को सजाना,Physical Actions,Clothing and adornment,v,verb,कोस री तेंईं ऐ ठीसदा लागा दो?,For whom are you adorning yourself?,,,,,
89b5okwT94sPzvv1nAsV,सेणे,,,,,,,,https://firebasestorage.googleapis.com/v0/b/talking-dictionaries-alpha.appspot.com/o/mahasuvi%2Faudio%2F89b5okwT94sPzvv1nAsV_1653312612941.wav?alt=media,89b5okwT94sPzvv1nAsV_Elder_families_from_whom_the_deity_usually_consults_and_prefers_for_his_works.wav,Aniket Chauhan,"Theog, Shimla, Himachal Pradesh, India",21-30,,Elder families from whom the deity usually consults and prefers for his works,बड़े परिवार जिनसे देवता आमतौर पर सलाह लेते हैं और अपने कार्यों के लिए पसंद करते हैं,"Humans, Social Relations and Organization",Spirituality and Religion,adj,adjective,,,,,,,
8QIOrO2rZatGuUmV7pUO,गोरची,,,,Shadochi,,,,,,,,,,"property, money","संपत्ति, पैसा",Finance and Business,,n,noun,डोइंस नानै भौरी गोरची आ खौ‌‍टी नी तालै,Grandfather Dains has made enough property/money for you.,,,,,
8S2YpzUhYrb2tT00zWy4,केडी,,,,Shimla Saraji,,,,https://firebasestorage.googleapis.com/v0/b/talking-dictionaries-alpha.appspot.com/o/mahasuvi%2Faudio%2F8S2YpzUhYrb2tT00zWy4_1653122246893.wav?alt=media,8S2YpzUhYrb2tT00zWy4_Back_of_neck.wav,Aniket Chauhan,"Theog, Shimla, Himachal Pradesh, India",21-30,,Back of neck,गले का पिछला हिस्सा,Body parts,,n,noun,तेरी केडी दा चटराला राखणा ऐबे मेरे।,I will slap the back of your neck now.,,,,,
8Vodz6403W9ppgOAYWCx,चोडु,,,,Bishshau,,,,https://firebasestorage.googleapis.com/v0/b/talking-dictionaries-alpha.appspot.com/o/mahasuvi%2Faudio%2F8Vodz6403W9ppgOAYWCx_1653125020865.wav?alt=media,8Vodz6403W9ppgOAYWCx_Little_bird.wav,Aniket Chauhan,"Theog, Shimla, Himachal Pradesh, India",21-30,,Little bird,छोटी चिड़िया,Birds,,n,noun,,,,,,,
8bf6T5EvOCCEv8qBQlMW,चोगरणा,,,,Shimla Saraji,,,,https://firebasestorage.googleapis.com/v0/b/talking-dictionaries-alpha.appspot.com/o/mahasuvi%2Faudio%2F8bf6T5EvOCCEv8qBQlMW_1653124919543.wav?alt=media,8bf6T5EvOCCEv8qBQlMW_To_be_aware_of_something.wav,Aniket Chauhan,"Theog, Shimla, Himachal Pradesh, India",21-30,,To be aware of something,किसी चीज से अवगत होना,Mental actions,,n,noun,,,,,,,
8cLbFIquLEljdqkSmehg,शैओ,,,,Barari,,,,,,,,,,Swelling,सूजन,"Health, well-being and sickness",,n,noun,ताह़रो लात कैथे शैओ?,Why is your foot swollen?,आपका पैर क्यों सूज गया है?,,,,
8eErMZtKAeLim9pBN6k2,महेन्श,,,,Shadochi,,,,https://firebasestorage.googleapis.com/v0/b/talking-dictionaries-alpha.appspot.com/o/mahasuvi%2Faudio%2F8eErMZtKAeLim9pBN6k2_1653310724255.wav?alt=media,8eErMZtKAeLim9pBN6k2_Buffalo.wav,Aniket Chauhan,"Theog, Shimla, Himachal Pradesh, India",21-30,,Buffalo,भैंस,Animals,,n,noun,,,,,,,
8k5WjF1ZHvfnU8CwJddz,रिगड़ी,,,,Rohruri ,,,,https://firebasestorage.googleapis.com/v0/b/talking-dictionaries-alpha.appspot.com/o/mahasuvi%2Faudio%2F8k5WjF1ZHvfnU8CwJddz_1653311557000.wav?alt=media,8k5WjF1ZHvfnU8CwJddz_Unpaid_forced_labour_work.wav,Aniket Chauhan,"Theog, Shimla, Himachal Pradesh, India",21-30,,Unpaid forced labour work,अवैतनिक जबरन श्रम,Work and occupations,,,,,,,,,,
8kbU7rx6TEbuY62pyWV3,एरो,,,,Shimla Saraji,,,,https://firebasestorage.googleapis.com/v0/b/talking-dictionaries-alpha.appspot.com/o/mahasuvi%2Faudio%2F8kbU7rx6TEbuY62pyWV3_1653121305036.wav?alt=media,8kbU7rx6TEbuY62pyWV3_like_this.wav,Aniket Chauhan,"Theog, Shimla, Himachal Pradesh, India",21-30,,like this,ऐसे,,,adj,adjective,दादेया एरो नी हूंदो।,Elder brother it doesn't work like this.,,,,,
8nAED2DZT5e9e3cDezDT,प्रादो,,,,,,,,https://firebasestorage.googleapis.com/v0/b/talking-dictionaries-alpha.appspot.com/o/mahasuvi%2Faudio%2F8nAED2DZT5e9e3cDezDT_1653297009362.wav?alt=media,8nAED2DZT5e9e3cDezDT_is_used_to_show_pity.wav,Aniket Chauhan,"Theog, Shimla, Himachal Pradesh, India",21-30,,is used to show pity,दया दिखाने के लिए प्रयोग किया जाता है,Interjections,,,,,,,,,,
8sVUDF0HerqJdVYRcvTY,अचकन,,,,,,,,https://firebasestorage.googleapis.com/v0/b/talking-dictionaries-alpha.appspot.com/o/mahasuvi%2Faudio%2F8sVUDF0HerqJdVYRcvTY_1653113475359.wav?alt=media,8sVUDF0HerqJdVYRcvTY_Woolen_overcoat.wav,Aniket Chauhan,"Theog, Shimla, Himachal Pradesh, India",21-30,,Woolen overcoat,ऊन से बना कोट,"Art, crafts and textiles",Clothing and adornment,n,noun,,,,,,,
8tETzKQ5hgICcKL2u69q,हाशना,ɦɑːɕnɑː,,,Shimla Saraji,,,,https://firebasestorage.googleapis.com/v0/b/talking-dictionaries-alpha.appspot.com/o/mahasuvi%2Faudio%2F8tETzKQ5hgICcKL2u69q_1653312912829.wav?alt=media,8tETzKQ5hgICcKL2u69q_to_come.wav,Aniket Chauhan,"Theog, Shimla, Himachal Pradesh, India",21-30,,to come,आना,Physical Actions,Location and Directions,v,verb,एथी हाशना पोड गोआ आज।,Had to come here today.,यहां आना पड़ गया आज।,,,,
8uWGocBfkppZgclpYZ9T,खोड़,,,,Shadochi,,,,https://firebasestorage.googleapis.com/v0/b/talking-dictionaries-alpha.appspot.com/o/mahasuvi%2Faudio%2F8uWGocBfkppZgclpYZ9T_1653123240243.wav?alt=media,8uWGocBfkppZgclpYZ9T_Courtyard.wav,Aniket Chauhan,"Theog, Shimla, Himachal Pradesh, India",21-30,,Courtyard,आंगन,Construction,,n,noun,,,,,,,
8v7xtVIQTdAvfdL12MxG,औरठ,,,,Rohruri (Spail),,,,,,,,,,pus filled pimple,मवाद भरी फुंसी,Cleanliness and hygiene,"Health, well-being and sickness",n,noun,,,,,,,
8xfCu05NkQzMTcim4aeo,शड़ांण,,,,Bishshau,,,,,,,,,,Bad smell,बुरी गंध,Senses and perception,,n,noun,तांदो शड़ांण आज लागो,You are smelling bad,आपको बदबू आ रही है।,,,,
8xtomCutkooA0H7WxtFO,नेतो,,,,,,,,https://firebasestorage.googleapis.com/v0/b/talking-dictionaries-alpha.appspot.com/o/mahasuvi%2Faudio%2F8xtomCutkooA0H7WxtFO_1653296550765.wav?alt=media,8xtomCutkooA0H7WxtFO_Hot.wav,Aniket Chauhan,"Theog, Shimla, Himachal Pradesh, India",21-30,,Hot,गर्म,States and Characteristics,,adj,adjective,,,,,,,
8yl7A6wHhsukoGdXJMZW,शिये,,,,Shimla Saraji,,,,https://firebasestorage.googleapis.com/v0/b/talking-dictionaries-alpha.appspot.com/o/mahasuvi%2Faudio%2F8yl7A6wHhsukoGdXJMZW_1653312248644.wav?alt=media,8yl7A6wHhsukoGdXJMZW_A_lot.wav,Aniket Chauhan,"Theog, Shimla, Himachal Pradesh, India",21-30,,A lot,बहुत,Quantifiers,,adj,adjective,शिये भोर ग्लास।,Fill the glass a lot.,,,,,
8z4pguJygLgM6nwfXpaM,सुपना,,,,,,,,https://firebasestorage.googleapis.com/v0/b/talking-dictionaries-alpha.appspot.com/o/mahasuvi%2Faudio%2F8z4pguJygLgM6nwfXpaM_1653312569841.wav?alt=media,8z4pguJygLgM6nwfXpaM_Dream.wav,Aniket Chauhan,"Theog, Shimla, Himachal Pradesh, India",21-30,,Dream,सपना,Sleep,,n,noun,,,,,,,
96l2baYewJ4MxLxLyfRU,ऊजलणा,,,,Barari,,,,,,,,,,body's allergic reaction to some external stimuli,कुछ बाहरी उत्तेजनाओं से शरीर की एलर्जी प्रतिक्रिया,"Health, well-being and sickness",Body functions,,,,,,,,,
96za0unnUozu0zixYVQe,चिट्टा,,,,Shimla Saraji,,,,https://firebasestorage.googleapis.com/v0/b/talking-dictionaries-alpha.appspot.com/o/mahasuvi%2Faudio%2F96za0unnUozu0zixYVQe_1653124795348.wav?alt=media,96za0unnUozu0zixYVQe_White.wav,Aniket Chauhan,"Theog, Shimla, Himachal Pradesh, India",21-30,,White,सफ़ेद,Colors,,adj,adjective,चिट्टा रोंग नी ढोबदा तां गाए।,White colour doesn't suit on you.,,,,,
99awRhV6g5W3abv4Nm5x,केतणे,,,,,,,,https://firebasestorage.googleapis.com/v0/b/talking-dictionaries-alpha.appspot.com/o/mahasuvi%2Faudio%2F99awRhV6g5W3abv4Nm5x_1653122276388.wav?alt=media,99awRhV6g5W3abv4Nm5x_How_many.wav,Aniket Chauhan,"Theog, Shimla, Himachal Pradesh, India",21-30,,How many,कितने,Quantifiers,,det,determiner,,,,,,,
9BvTWsFpRyOiqU5nhyh9,ख़ोला,,,,,,,,https://firebasestorage.googleapis.com/v0/b/talking-dictionaries-alpha.appspot.com/o/mahasuvi%2Faudio%2F9BvTWsFpRyOiqU5nhyh9_1653122799493.wav?alt=media,9BvTWsFpRyOiqU5nhyh9_Courtyard.wav,Aniket Chauhan,"Theog, Shimla, Himachal Pradesh, India",21-30,,Courtyard,आंगन,Construction,,n,noun,,,,,,,
9E0n96JDxVULjvei5iWr,मोला,,,,Shimla Saraji,,,,https://firebasestorage.googleapis.com/v0/b/talking-dictionaries-alpha.appspot.com/o/mahasuvi%2Faudio%2F9E0n96JDxVULjvei5iWr_1653311471198.wav?alt=media,9E0n96JDxVULjvei5iWr_interjection.wav,Aniket Chauhan,"Theog, Shimla, Himachal Pradesh, India",21-30,,interjection,विस्मयादिबोधक,Interjections,,int,interjection,,,,,,,
9JJ1g1pn1VkKfgQVJhg5,पेऊका,,,,,,,,https://firebasestorage.googleapis.com/v0/b/talking-dictionaries-alpha.appspot.com/o/mahasuvi%2Faudio%2F9JJ1g1pn1VkKfgQVJhg5_1653296869650.wav?alt=media,9JJ1g1pn1VkKfgQVJhg5_A_married_womans_paternal_housefamily.wav,Aniket Chauhan,"Theog, Shimla, Himachal Pradesh, India",21-30,,A married woman's paternal house/family,माइका,"Humans, Social Relations and Organization",Kinship and relationships,n,noun,,,,,,,
9LZqGFvlWsS1uCYjQ5yY,धा,,,,,,,,https://firebasestorage.googleapis.com/v0/b/talking-dictionaries-alpha.appspot.com/o/mahasuvi%2Faudio%2F9LZqGFvlWsS1uCYjQ5yY_1653295948589.wav?alt=media,9LZqGFvlWsS1uCYjQ5yY_Yell_to_call_out_someone.wav,Aniket Chauhan,"Theog, Shimla, Himachal Pradesh, India",21-30,,Yell to call out someone,किसी को बुलाने के लिए चिल्लाना,Language and Communication,,v,verb,,,,,,,
9QldyjiP80ezE8NGMv0F,आंज,,,,Shimla Saraji,,,,https://firebasestorage.googleapis.com/v0/b/talking-dictionaries-alpha.appspot.com/o/mahasuvi%2Faudio%2F9QldyjiP80ezE8NGMv0F_1653113559310.wav?alt=media,9QldyjiP80ezE8NGMv0F_Intestine.wav,Aniket Chauhan,"Theog, Shimla, Himachal Pradesh, India",21-30,,Intestine,आंत,Body parts,,n,noun,बाकरे री आंजो आणे खाने क मुखे।,Bring goat's intestine for me to eat.,,,,,
9SwLI6wtjLqy89BGxyfm,बेडण,,,,,,,,https://firebasestorage.googleapis.com/v0/b/talking-dictionaries-alpha.appspot.com/o/mahasuvi%2Faudio%2F9SwLI6wtjLqy89BGxyfm_1653309214824.wav?alt=media,9SwLI6wtjLqy89BGxyfm_Food_stuffing.wav,Aniket Chauhan,"Theog, Shimla, Himachal Pradesh, India",21-30,,Food stuffing,किसी भोजन सामग्री में अंदर भरे जाने वाली वस्तु,"Food, cooking and foodways",,n,noun,,,,,,,
9V3X5vAsKNpApgfQyxIO,घाल,,,,Sharachali,,,,,,,,,,Hug,झप्पी,Physical Actions,Social activities and interactions,v,verb,"तानु नी बामदा एजा चोगा,  ए होआ ताखी।","Taanu won't wear this gown, you keep it for yourself.","तनु यह गाउन नहीं पहनेगी, आप इसे अपने लिए रख लें।",,,,
9VsPri3C6BmxW3t4CCR7,ठीसकरा,,,,Shimla Saraji,,,,,,,,,,a man who likes to dress up and adorn himself,एक आदमी जो तैयार होना और खुद को सजाना पसंद करता है,"Humans, Social Relations and Organization",Clothing and adornment,adj,adjective,तेरो छोटू बेगी ठिसकरो ओसो,Your son likes to dress up a lot.,,,,,
9YFBiEPOW7WFLbV2fEO3,गों,,,,Bushahri,,,,https://firebasestorage.googleapis.com/v0/b/talking-dictionaries-alpha.appspot.com/o/mahasuvi%2Faudio%2F9YFBiEPOW7WFLbV2fEO3_1653124076748.wav?alt=media,9YFBiEPOW7WFLbV2fEO3_Long_strides.wav,Aniket Chauhan,"Theog, Shimla, Himachal Pradesh, India",21-30,,Long strides,लंबे कदम,Body functions,Motion,adv,adverb,,,,,,,
9f4veuGLDHKLsIKhDjye,ठीसणा,,,,"Shimla Saraji, Shadochi, Bishshau",,,,,,,,,,"to adorn yourself, dress up","अपने आप को सजाना, सजना-संवरना",Physical Actions,Clothing and adornment,v,verb,तौएँ बी ठीसणा शिख गोआ मेरीये।,You also have learnt dressing up my dear.,,,,,
9j9RLt4CZe88dsUcDVLd,चोजोरो,,,,Shimla Saraji,,,,https://firebasestorage.googleapis.com/v0/b/talking-dictionaries-alpha.appspot.com/o/mahasuvi%2Faudio%2F9j9RLt4CZe88dsUcDVLd_1653124953524.wav?alt=media,9j9RLt4CZe88dsUcDVLd_Beautiful.wav,Aniket Chauhan,"Theog, Shimla, Himachal Pradesh, India",21-30,,Beautiful,सुंदर,States and Characteristics,,adj,adjective,केती चोज़ोरो छोटू ओ।,How beautiful this child is.,,,,,
9lg4V9iafZVnro5zHrl8,झरीड़,,,,Rohruri ,,,,https://firebasestorage.googleapis.com/v0/b/talking-dictionaries-alpha.appspot.com/o/mahasuvi%2Faudio%2F9lg4V9iafZVnro5zHrl8_1653130518813.wav?alt=media,9lg4V9iafZVnro5zHrl8_Scratch.wav,Aniket Chauhan,"Theog, Shimla, Himachal Pradesh, India",21-30,,Scratch,खरोंच,Physical Actions,"Health, well-being and sickness",v,verb,,,,,,,
9nSG7SIpnTfteYfLHEHv,शौंथा,,,,Bishshau,,,,,,,,,,nonsensical talk,बेतुकी बात,Language and Communication,,n,noun,,,,,,,
9pB6GXJIycr53hmbZkwv,दुह,,,,Shimla Saraji,,,,https://firebasestorage.googleapis.com/v0/b/talking-dictionaries-alpha.appspot.com/o/mahasuvi%2Faudio%2F9pB6GXJIycr53hmbZkwv_1653131899708.wav?alt=media,9pB6GXJIycr53hmbZkwv_Act_of_milking_an_animal.wav,Aniket Chauhan,"Theog, Shimla, Himachal Pradesh, India",21-30,,Act of milking an animal,किसी जानवर को दुहने की क्रिया,Physical Actions,Animal husbandry,v,verb,,,,,,,
9topoHnT3ko6sGAXeRFH,शांगल,,,,"Shimla Saraji, Sharachali",,,,,,,,,,Chain,ज़ंजीर,Tools and weapons,,n,noun,शांगलो दे बान कुकरो पोरे,Tie the dog in the chain,कुत्ते को जंजीर में बांधें,,,,
9wPfF3ehALdGeOUVNaMg,घुड़यो,,,,"Shimla Saraji, Bishshau",,,,,,,,,,Tightly (Hug/grab),कसकर (गले लगाओ / पकड़ो),States and Characteristics,,adv,adverb,हिये दे लाणी घुड़यो गे चिडीये,"Hug tightly closely to your heart, Chidiye!","अपने दिल से कसकर गले लगाओ, चिदिये!",,,,
A6YUnSYNirVAb87LoHNs,कोढ़ी,,,,Shadochi,,,,,,,,,,A person belonging to Kol tribe,कोल जाती का व्यक्ति,"Humans, Social Relations and Organization",Names of people and clans,n,noun,,,,,,,
ADlvy5dn3X3xSOwnsSRm,पडांज,,,,"Shimla Saraji, Shadochi, Sharachali, Bishshau",,,,,,,,,,message,संदेश,Language and Communication,,n,noun,पोप्पूए देई थी मेरी पडांज?,Did Pappu give my message?,,,,,
AEjQwxXg8ytwcTX9YnQm,शिंखा,,,,Rohruri ,,,,https://firebasestorage.googleapis.com/v0/b/talking-dictionaries-alpha.appspot.com/o/mahasuvi%2Faudio%2FAEjQwxXg8ytwcTX9YnQm_1653312197360.wav?alt=media,AEjQwxXg8ytwcTX9YnQm_Top_of_an_object.wav,Aniket Chauhan,"Theog, Shimla, Himachal Pradesh, India",21-30,,Top of an object,किसी वस्तु का शीर्ष,Location and Directions,,prep,preposition,,,,,,,
AEkplXMiOlZuKJzdnNy8,नोरा,,,,"Shimla Saraji, Bishshau",,,,https://firebasestorage.googleapis.com/v0/b/talking-dictionaries-alpha.appspot.com/o/mahasuvi%2Faudio%2FAEkplXMiOlZuKJzdnNy8_1653296605151.wav?alt=media,AEkplXMiOlZuKJzdnNy8_Like_similar.wav,Aniket Chauhan,"Theog, Shimla, Himachal Pradesh, India",21-30,,"Like, similar",समान,,,adj,adjective,,,,,,,
AQgR8sR26Az2XaAXunQN,लछबाड़,,,,Barari,,,,,,,,,,Lizard,छिपकली,Reptiles and amphibians,,n,noun,बरेलीये खाओ लछबाड़,Cat ate the Lizard.,बिल्ली ने छिपकली खा ली।,,,,
ARZpM7egPp0pBIhBBesD,राछ,,,,"Shimla Saraji, Bishshau",,,,,,,,,,lost,लुप्त,Location and Directions,States and Characteristics,adj,adjective,मेरो बाकटू राछ गो।,My kid(goat) got lost.,,,,,
ATeIHBEMnvu24B0drN55,भुगला,,,,Barari,,,,,,,,,,Coriander,धनिया,"Plants, trees and other vegetation","Food, cooking and foodways",,,,,,,,,
AUouSMhxebuCmUmMeiYG,मेरो,,,,,,,,https://firebasestorage.googleapis.com/v0/b/talking-dictionaries-alpha.appspot.com/o/mahasuvi%2Faudio%2FAUouSMhxebuCmUmMeiYG_1653311436504.wav?alt=media,AUouSMhxebuCmUmMeiYG_Mine.wav,Aniket Chauhan,"Theog, Shimla, Himachal Pradesh, India",21-30,,Mine,मेरा,,,pro,pronoun,,,,,,,
AVHit3Hx5yzwtMvsUH3d,केज़ा,,,,"Shimla Saraji, Sharachali",,,,https://firebasestorage.googleapis.com/v0/b/talking-dictionaries-alpha.appspot.com/o/mahasuvi%2Faudio%2FAVHit3Hx5yzwtMvsUH3d_1653122206255.wav?alt=media,AVHit3Hx5yzwtMvsUH3d_Which.wav,Aniket Chauhan,"Theog, Shimla, Himachal Pradesh, India",21-30,,Which,कौनसा,,,det,determiner,,,,,,,
Aaimbv1Vtm2gkpfL3s7e,प्राओणी,,,,"Shimla Saraji, Barari, Sharachali, Chuhara, Bishshau, Shadochi",,,,,,,,,,Hastiness,ज्ल्दबाज़ी,States and Characteristics,,v,verb,केईं ऐ प्राओणी दा?,Why are you in such a haste?,,,,,
AbN5NzeUWEmljFxrZa70,झिगथे,,,,Shimla Saraji,,,,https://firebasestorage.googleapis.com/v0/b/talking-dictionaries-alpha.appspot.com/o/mahasuvi%2Faudio%2FAbN5NzeUWEmljFxrZa70_1653130594130.wav?alt=media,AbN5NzeUWEmljFxrZa70_Clothes.wav,Aniket Chauhan,"Theog, Shimla, Himachal Pradesh, India",21-30,,Clothes,कपड़े,Clothing and adornment,,n,noun,,,,,,,
AclEnNRzjJJauNyst5tX,धढ़ेण,,,,Shimla Saraji,,,,,,,,,,smell of burnt food due to being overcooked,अधिक पके होने के कारण जले हुए भोजन की गंध,"Food, cooking and foodways",Senses and perception,n,noun,धढ़ेण आज लागी डोबणो दो।,A burnt smell is coming from curry.,,,,,
AhyDis08gkFJPFudJvri,कारदार,,,,,,,,https://firebasestorage.googleapis.com/v0/b/talking-dictionaries-alpha.appspot.com/o/mahasuvi%2Faudio%2FAhyDis08gkFJPFudJvri_1653121935725.wav?alt=media,AhyDis08gkFJPFudJvri_The_person_who_looks_after_administrative_affairs_of_the_deity.wav,Aniket Chauhan,"Theog, Shimla, Himachal Pradesh, India",21-30,,The person who looks after administrative affairs of the deity,वह व्यक्ति जो देवता के प्रशासनिक मामलों को देखता है,"Humans, Social Relations and Organization",Work and occupations,n,noun,,,,Spirituality and Religion,,,
AkQwLR0lvK0GDAn2Qrv5,गिंड,,,,Shadochi,,,,,,,,,,smear (usually with something dirty),पोतना (आमतौर पर कुछ गंदे के साथ),Physical Actions,Cleanliness and hygiene,v,verb,गारौ गिंडे एरो जुड़कै दी तैं,You've smeared your clothes with mud,,,,,
Akhue3yIilCQZgYb9cxm,घुंग,,,,"Bushahri, Sharachali",,,,https://firebasestorage.googleapis.com/v0/b/talking-dictionaries-alpha.appspot.com/o/mahasuvi%2Faudio%2FAkhue3yIilCQZgYb9cxm_1653124525883.wav?alt=media,Akhue3yIilCQZgYb9cxm_Bark.wav,Aniket Chauhan,"Theog, Shimla, Himachal Pradesh, India",21-30,,Bark,भोंक,Language and Communication,,v,verb,,,,,,,
AqzfwA2DI37Pb0XnVII0,माणिछ,,,,,,,,https://firebasestorage.googleapis.com/v0/b/talking-dictionaries-alpha.appspot.com/o/mahasuvi%2Faudio%2FAqzfwA2DI37Pb0XnVII0_1653310953263.wav?alt=media,AqzfwA2DI37Pb0XnVII0_People.wav,Aniket Chauhan,"Theog, Shimla, Himachal Pradesh, India",21-30,,People,लोग,"Humans, Social Relations and Organization",,n,noun,,,,,,,
B1uEWBLyOrCH7ilQq5eK,गोरता,,,,Shimla Saraji,,,,https://firebasestorage.googleapis.com/v0/b/talking-dictionaries-alpha.appspot.com/o/mahasuvi%2Faudio%2FB1uEWBLyOrCH7ilQq5eK_1653124366900.wav?alt=media,B1uEWBLyOrCH7ilQq5eK_Beloved.wav,Aniket Chauhan,"Theog, Shimla, Himachal Pradesh, India",21-30,,Beloved,परम प्रिय,Emotions,States and Characteristics,adj,adjective,अनिकेतो री आमे रे बेगी गोरता ओ आपणा छोटा।,Her son is very dear to Aniket's mother.,,,,,
B2I8o1B2LLDwSLgiFqT9,री दां,,,,Bishshau,,,,,,,,,,towards,की ओर,Location and Directions,,,,आं जुब्बलो री दां डे लागा,I am going towards Jubbal.,,,,,
BAyM80mC6tnsAecxsY1f,स्कोड,,,,,,,,,,,,,,The immediate period after delivery of a child when the family can't go inside a temple,बच्चे के जन्म के तुरंत बाद की वह अवधि जब परिवार मंदिर के अंदर नहीं जा सकता,Time,Spirituality and Religion,,,रामुई छेवड़ी स्केढ़ा लागदी आ ?,Is Ramu's wife pregnant?,क्या रामू की पत्नी गर्भवती है?,Life stages and rites of passage,,,
BD7avmQSw8enqewgsDKy,बुश,,,,Shimla Saraji,,,,https://firebasestorage.googleapis.com/v0/b/talking-dictionaries-alpha.appspot.com/o/mahasuvi%2Faudio%2FBD7avmQSw8enqewgsDKy_1653129345698.wav?alt=media,BD7avmQSw8enqewgsDKy_Talk.wav,Aniket Chauhan,"Theog, Shimla, Himachal Pradesh, India",21-30,,Talk,बात,Language and Communication,,v,verb,का बुशो ला लाई बाबे धीये?,What are daughter and father talking about?,,,,,
BJSACGm8mTfxBeSQc543,नाणी,,,,Rohruri ,,,,https://firebasestorage.googleapis.com/v0/b/talking-dictionaries-alpha.appspot.com/o/mahasuvi%2Faudio%2FBJSACGm8mTfxBeSQc543_1653296274341.wav?alt=media,BJSACGm8mTfxBeSQc543_Valley.wav,Aniket Chauhan,"Theog, Shimla, Himachal Pradesh, India",21-30,,Valley,घाटी,"Earth, geology and landscape",,n,noun,,,,,,,
BjpwMjIrEaLnX24y8nb1,डोगे,,,,Shadochi,,,,https://firebasestorage.googleapis.com/v0/b/talking-dictionaries-alpha.appspot.com/o/mahasuvi%2Faudio%2FBjpwMjIrEaLnX24y8nb1_1653131421412.wav?alt=media,BjpwMjIrEaLnX24y8nb1_Cattle.wav,Aniket Chauhan,"Theog, Shimla, Himachal Pradesh, India",21-30,,Cattle,पशु,Animals,,n,noun,,,,,,,
BoqVg0VJXIfW4eVjb5V4,बाओं,,,,"Shimla Saraji, Sharachali",,,,https://firebasestorage.googleapis.com/v0/b/talking-dictionaries-alpha.appspot.com/o/mahasuvi%2Faudio%2FBoqVg0VJXIfW4eVjb5V4_1653297374118.wav?alt=media,BoqVg0VJXIfW4eVjb5V4_Stepwell.wav,Aniket Chauhan,"Theog, Shimla, Himachal Pradesh, India",21-30,,Stepwell,बावड़ी,Household,"Water, bodies of water and the water cycle",n,noun,,,,,,,
Brwt7otooIGYTQEAONKE,होरा,,,,Shimla Saraji,,,,https://firebasestorage.googleapis.com/v0/b/talking-dictionaries-alpha.appspot.com/o/mahasuvi%2Faudio%2FBrwt7otooIGYTQEAONKE_1653313234562.wav?alt=media,Brwt7otooIGYTQEAONKE_Green.wav,Aniket Chauhan,"Theog, Shimla, Himachal Pradesh, India",21-30,,Green,हरा,Colors,,adj,adjective,होरा रोंग नी जोचोला भीती दा।,Green colour won't suit the walls.,,,,,
BsQSoacaE0GAgAHdm9Gk,धनारो,,,,"Sharachali, Shadochi, Bishshau",,,,https://firebasestorage.googleapis.com/v0/b/talking-dictionaries-alpha.appspot.com/o/mahasuvi%2Faudio%2FBsQSoacaE0GAgAHdm9Gk_1653295933925.wav?alt=media,BsQSoacaE0GAgAHdm9Gk_Incense_holder_used_for_worshipping_a_deity.wav,Aniket Chauhan,"Theog, Shimla, Himachal Pradesh, India",21-30,,Incense holder used for worshipping a deity,देवता की पूजा के लिए धूप धारक,Spirituality and Religion,Tools and weapons,n,noun,,,,,,,
Bsbcdf9deevA69ARie15,लैड़ी,,,,Shimla Saraji,,,,https://firebasestorage.googleapis.com/v0/b/talking-dictionaries-alpha.appspot.com/o/mahasuvi%2Faudio%2FBsbcdf9deevA69ARie15_1653311922963.wav?alt=media,Bsbcdf9deevA69ARie15_Scream.wav,Aniket Chauhan,"Theog, Shimla, Himachal Pradesh, India",21-30,,Scream,चींख,Language and Communication,,n,noun,तां लेड़ी शनाई दी?,Did you hear the scream?,,,,,
C08n0AZ6cxdZv2eYUe0U,कनेऊ,,,,"Shimla Saraji, Sharachali",,,,,,,,,,earwax,कान का गंधक,Body parts,,n,noun,कानो दो कनेऊ ढोओ!,Ear is stuffed with ear wax.,,,,,
C66XHJUstnBDd2lFJeHE,कुंजड़ी,,,,"Shimla Saraji, Barari",,,,,,,,,,"a miser woman, cheapskate",एक कंजूस औरत,"Humans, Social Relations and Organization",Finance and Business,,,,,,,,,
C86mPgxJxxU3hGHxdvmk,डाकणो,,,,Sharachali,,,,https://firebasestorage.googleapis.com/v0/b/talking-dictionaries-alpha.appspot.com/o/mahasuvi%2Faudio%2FC86mPgxJxxU3hGHxdvmk_1653131259644.wav?alt=media,C86mPgxJxxU3hGHxdvmk_To_evict.wav,Aniket Chauhan,"Theog, Shimla, Himachal Pradesh, India",21-30,,To evict,बेदखल करना,Government and Law,,,,,,,,,,
C8m7x2oK2S5QOJKQRyI3,ऊब,,,,"Sharachali, Rohruri ",,,,https://firebasestorage.googleapis.com/v0/b/talking-dictionaries-alpha.appspot.com/o/mahasuvi%2Faudio%2FC8m7x2oK2S5QOJKQRyI3_1653121083398.wav?alt=media,C8m7x2oK2S5QOJKQRyI3_Long_strides.wav,Aniket Chauhan,"Theog, Shimla, Himachal Pradesh, India",21-30,,Long strides,लंबे कदम,Body functions,Motion,adv,adverb,,,,,,,
CFXi93EH7dMMcI2TKePc,चिमटो,,,,"Shadochi, Rohruri ",,,,https://firebasestorage.googleapis.com/v0/b/talking-dictionaries-alpha.appspot.com/o/mahasuvi%2Faudio%2FCFXi93EH7dMMcI2TKePc_1653130226304.wav?alt=media,CFXi93EH7dMMcI2TKePc_Tongs.wav,Aniket Chauhan,"Theog, Shimla, Himachal Pradesh, India",21-30,,Tongs,चिमटा,Tools and weapons,,n,noun,,,,,,,
CGou6rcTcnFiuFD0KNKc,गादलो,,,,Shimla Saraji,,,,,,,,,,Muddy,मैला,States and Characteristics,,adj,adjective,गादलो पाणी आज लागो।,Muddy water is coming.,,,,,
CMzqb7HYRjDxMHBH6rhS,ढाकी,,,,Bishshau,,,,https://firebasestorage.googleapis.com/v0/b/talking-dictionaries-alpha.appspot.com/o/mahasuvi%2Faudio%2FCMzqb7HYRjDxMHBH6rhS_1653131445818.wav?alt=media,CMzqb7HYRjDxMHBH6rhS_Musician.wav,Aniket Chauhan,"Theog, Shimla, Himachal Pradesh, India",21-30,,Musician,संगीतकार,Work and occupations,Music and Entertainment,n,noun,,,,,,,
CQGIY9r0P6iVB1rlgv2b,तीना,,,,"Shimla Saraji, Barari",,,,,,,,,,repeatedly saying the same thing over and over,रट लगाना,Language and Communication,,v,verb,का ला तुएँ आत्मे रामा दुंदी रा तीना?,Aatma Ram why are you repeatedly talking about Dundi?,,,,,
CQPJUNBZ1BRdvetenDze,बागर,,,,,,,,,,,,,,Wind,हवा,"Sky, weather and climate",,,,बागरो दे झुड़के उड़ गोए।,The clothes flew away in wind.,,,,,
CTjgarGkCzCLZY23nIjE,शांगड़,,,,"Shadochi, Rohruri ",,,,,,,,,,Chain,ज़ंजीर,Tools and weapons,,n,noun,शांगड़ा दी बान कुकरा पोरु,Tie the dog in the chain,कुत्ते को जंजीर में बांधें,,,,
CVX8oS90AF3SgUk6y2er,पचोकरा,,,,,,,,https://firebasestorage.googleapis.com/v0/b/talking-dictionaries-alpha.appspot.com/o/audio%2Fmahasuvi%2FCVX8oS90AF3SgUk6y2er_1625551254599.wav?alt=media,CVX8oS90AF3SgUk6y2er_Small_farm_axe_used_to_cut_tree_branches.wav,Rajneesh Verma,"Theog, Shimla",31-40,,Small farm axe used to cut tree branches,छोटा फारसा,Tools and weapons,Agriculture,n,noun,,,,,CVX8oS90AF3SgUk6y2er_Small_farm_axe_used_to_cut_tree_branches.jpg,https://firebasestorage.googleapis.com/v0/b/talking-dictionaries-alpha.appspot.com/o/images%2Fmahasuvi%2FCVX8oS90AF3SgUk6y2er_1625551195882.jpg?alt=media,
CdVPdr9rTrA1whZrlmBm,छ्वाढ़,,,,"Shadochi, Rohruri ",,,,,,,,,,Lizard,छिपकली,Reptiles and amphibians,,n,noun,"दैए लाई छ्वाढ़ै खुली ललकारै , नींउदी नी मुशेया  जिऊँदी ए आरै","Lizard gave an open warning to the mouse, you won't be able to elope with her until I'm alive","छिपकली ने चूहे को खुली चेतावनी दी, जब तक मैं जिंदा हूं, तुम उसके साथ भाग नहीं पाओगे",,,,
CeknQrTz0MTER3YgHmlL,उज़,,,,Shadochi,,,,https://firebasestorage.googleapis.com/v0/b/talking-dictionaries-alpha.appspot.com/o/mahasuvi%2Faudio%2FCeknQrTz0MTER3YgHmlL_1653120955642.wav?alt=media,CeknQrTz0MTER3YgHmlL_Stand_up.wav,Aniket Chauhan,"Theog, Shimla, Himachal Pradesh, India",21-30,,Stand up,खड़े होजाओ,Physical Actions,,v,verb,,,,,,,
CfWOCBwS4b8djrkHr8mo,कभार,,,,"Shimla Saraji, Barari, Bishshau",,,,,,,,,,potter wasp,कुम्हार ततैया,Insects and small creatures,,,,,,,,,,
CgE4O4XHZ1ICY8kSOVC5,कुंखड़ा,,,,Shimla Saraji,,,,https://firebasestorage.googleapis.com/v0/b/talking-dictionaries-alpha.appspot.com/o/mahasuvi%2Faudio%2FCgE4O4XHZ1ICY8kSOVC5_1653122043913.wav?alt=media,CgE4O4XHZ1ICY8kSOVC5_Wild_fowl_wild_cock.wav,Aniket Chauhan,"Theog, Shimla, Himachal Pradesh, India",21-30,,"Wild fowl, wild cock",जंगली मुर्गा,Birds,,n,noun,कुंखड़ा झांगा मुएँ आज।,I killed a wild fowl today.,,,,,
CkWUlCCvP6JevbWQJada,खूम्ब्ड़ी,,,,Shadochi,,,,,,,,,,deity's committee,देवता समिति,Spirituality and Religion,,n,noun,देओई खूम्ब्ड़ी किदा लै डेअणी आज़,Where will devta's khumbdi go today?,आज कहाँ जाएगी देवता समिति?,,,,
Cq1d2yEZvxHMhvRiQUb6,गेरे,,,,"Bishshau, Shadochi",,,,,,,,,,"Circles, dark circles","मंडलियां, काले घेरे",Sleep,"Health, well-being and sickness",n,noun,राची नड़ींजै रोएयौ आखी दी गेरै पोड़े गै,Having stayed awake at night dark circles have formed in the eyes,रात में जागते रहने से आंखों में काले घेरे बन गए हैं,,,,
Csf42j8sxeH6ad3XbHIo,ओबरा,,,,Shimla Saraji,,,,https://firebasestorage.googleapis.com/v0/b/talking-dictionaries-alpha.appspot.com/o/mahasuvi%2Faudio%2FCsf42j8sxeH6ad3XbHIo_1653121420160.wav?alt=media,Csf42j8sxeH6ad3XbHIo_Cowshed.wav,Aniket Chauhan,"Theog, Shimla, Himachal Pradesh, India",21-30,,Cowshed,गोशाला,Animal husbandry,Construction,n,noun,ओबरा तो चोजोरा चाणा ओ पोर गोरु केथे ओ?,You have made a beautiful cowshed but where is the cattle?,,,,,
CtkzqwbmaEPK5nODhDd2,क्षेले आड़ू,,,,"Bushahri, Shadochi",,,,https://firebasestorage.googleapis.com/v0/b/talking-dictionaries-alpha.appspot.com/o/mahasuvi%2Faudio%2FCtkzqwbmaEPK5nODhDd2_1653122716275.wav?alt=media,CtkzqwbmaEPK5nODhDd2_Taro_plant.wav,Aniket Chauhan,"Theog, Shimla, Himachal Pradesh, India",21-30,,Taro plant,अरबी का पौधा,"Plants, trees and other vegetation","Food, cooking and foodways",n,noun,,,,,,,
CxI1k80vdHsf3YmmCeQj,शोणनी,,,,"Bushahri, Kumharsain",,,,https://firebasestorage.googleapis.com/v0/b/talking-dictionaries-alpha.appspot.com/o/mahasuvi%2Faudio%2FCxI1k80vdHsf3YmmCeQj_1653312330614.wav?alt=media,CxI1k80vdHsf3YmmCeQj_Pain_in_calves_after_walkingrunning_excessively.wav,Aniket Chauhan,"Theog, Shimla, Himachal Pradesh, India",21-30,,Pain in calves after walking/running excessively,ज़्यादा चलने या दौड़ने की वजह से पिडंली में दर्द,Motion,"Health, well-being and sickness",n,noun,,,,,,,
D2ziLGjwRiLMsCJ7SRgS,नेता,,,,,,,,https://firebasestorage.googleapis.com/v0/b/talking-dictionaries-alpha.appspot.com/o/mahasuvi%2Faudio%2FD2ziLGjwRiLMsCJ7SRgS_1653296543949.wav?alt=media,D2ziLGjwRiLMsCJ7SRgS_Hot.wav,Aniket Chauhan,"Theog, Shimla, Himachal Pradesh, India",21-30,,Hot,गर्म,States and Characteristics,,adj,adjective,,,,,,,
D43CWBb1TT7GaE3DNvwe,हेठी,,,,"Barari, Sharachali",,,,,,,,,,with difficultly or great effort,बड़ी मुश्किल से या बड़ी मेहनत से,States and Characteristics,,n,noun,तोलो दू हेठी आहा ऊबा।,I came up with a great effort from below.,,,,,
DAccj6IoFZ2UEEryF8Bx,कांग,,,,"Barari, Sharachali, Chuhara",,,,,,,,,,repeatedly saying the same thing over and over,रट लगाना,Language and Communication,,v,verb,तौएँ बी एकी बुशो रे कांग लाए दे।,You too are repeating the same talk over and over again.,,,,,
DAhuA67lHowUVipEN22J,झेट,,,,Shadochi,,,,https://firebasestorage.googleapis.com/v0/b/talking-dictionaries-alpha.appspot.com/o/mahasuvi%2Faudio%2FDAhuA67lHowUVipEN22J_1653130714629.wav?alt=media,DAhuA67lHowUVipEN22J_fight.wav,Aniket Chauhan,"Theog, Shimla, Himachal Pradesh, India",21-30,,fight,लड़ाई,Physical Actions,Physical Impact,v,verb,,,,,,,
DCAsNBbyfGhUi9ebiRJl,लेरणो,,,,Rohruri ,,,,https://firebasestorage.googleapis.com/v0/b/talking-dictionaries-alpha.appspot.com/o/mahasuvi%2Faudio%2FDCAsNBbyfGhUi9ebiRJl_1653311899073.wav?alt=media,DCAsNBbyfGhUi9ebiRJl_Crying.wav,Aniket Chauhan,"Theog, Shimla, Himachal Pradesh, India",21-30,,Crying,रोना,Language and Communication,Emotions,v,verb,,,,,,,
DHYiIC9UMV4bWsl4EZTm,गड़ाओणौ,,,,Shadochi,,,,,,,,,,to get lost,खो जाना,Physical Actions,Location and Directions,v,verb,,,,,,,
DKCwuTF7kLDAwRR2Q0L0,माड़ो,,,,,,,,https://firebasestorage.googleapis.com/v0/b/talking-dictionaries-alpha.appspot.com/o/mahasuvi%2Faudio%2FDKCwuTF7kLDAwRR2Q0L0_1653310887388.wav?alt=media,DKCwuTF7kLDAwRR2Q0L0_Bad.wav,Aniket Chauhan,"Theog, Shimla, Himachal Pradesh, India",21-30,,Bad,बुरा,States and Characteristics,,adj,adjective,,,,,,,
DKNaP7OA2VL3RttanBfK,आंज,,,,"Shimla Saraji, Rohruri (Spail), Bishshau, Sharachali",,,,,,,,,,intestine,आंत,Body parts,,n,noun,,,,,,,
DKkLhulg27fxrXVXuSQz,एथे,eːtʰeː,,,,,,,https://firebasestorage.googleapis.com/v0/b/talking-dictionaries-alpha.appspot.com/o/audio%2Fmahasuvi%2FDKkLhulg27fxrXVXuSQz_1627647840083.wav?alt=media,DKkLhulg27fxrXVXuSQz_Here.wav,Aniket Chauhan,"Theog, Shimla, Himachal Pradesh, India",21-30,,Here,यहाँ,Location and Directions,,adv,adverb,,,,,,,
DN3YGQGLEgZxkRM2oBGE,सूरांदा,,,,Chuhara,,,,,,,,,,Crawl,घुटनों के बल चलना,Physical Actions,Motion,,,तेरे मूंडा माथे का सूरांदै लागौंदो,What is it crawling on your head?,,,,,
DOqpowyOZHcs76cpOg7h,घासणी,,,,Shimla Saraji,,,,https://firebasestorage.googleapis.com/v0/b/talking-dictionaries-alpha.appspot.com/o/mahasuvi%2Faudio%2FDOqpowyOZHcs76cpOg7h_1653124453334.wav?alt=media,DOqpowyOZHcs76cpOg7h_Grassland.wav,Aniket Chauhan,"Theog, Shimla, Himachal Pradesh, India",21-30,,Grassland,घास का मैदान,"Earth, geology and landscape","Plants, trees and other vegetation",n,noun,घा लुणदी डेई ओ घासणी दी।,She went to the grassland for cutting grass.,,,,,
DPUUR3aGap95CkNQY9EI,धौड़,,,,"Barari, Bushahri (Nankhari), Chuhara",,,,,,,,,,posterior portion of a farm,खेत का पिछला भाग,Agriculture,,,,,,,,,,
DVM94pBhUtaMOGRDlGrn,दिशका,,,,Shimla Saraji,,,,,,,,,,towards,की ओर,Location and Directions,,,,आं जुब्बलो दिशका डे लागा।,I am going towards Jubbal.,,,,,
DXUBNUSCUWcGxyqxJRCb,चिर,,,,,,,,https://firebasestorage.googleapis.com/v0/b/talking-dictionaries-alpha.appspot.com/o/mahasuvi%2Faudio%2FDXUBNUSCUWcGxyqxJRCb_1653124814519.wav?alt=media,DXUBNUSCUWcGxyqxJRCb_Tear.wav,Aniket Chauhan,"Theog, Shimla, Himachal Pradesh, India",21-30,,Tear,छीज,Physical Actions,,v,verb,,,,,,,
DXVahB07UcCf2DGhihde,नाली,,,,Rohruri ,,,,https://firebasestorage.googleapis.com/v0/b/talking-dictionaries-alpha.appspot.com/o/mahasuvi%2Faudio%2FDXVahB07UcCf2DGhihde_1653296318262.wav?alt=media,DXVahB07UcCf2DGhihde_Valley.wav,Aniket Chauhan,"Theog, Shimla, Himachal Pradesh, India",21-30,,Valley,घाटी,"Earth, geology and landscape",,n,noun,,,,,,,
DdzrhVTdwJH1FWJFw5wv,गबरेच,,,,Bushahri,,,,https://firebasestorage.googleapis.com/v0/b/talking-dictionaries-alpha.appspot.com/o/mahasuvi%2Faudio%2FDdzrhVTdwJH1FWJFw5wv_1653123410603.wav?alt=media,DdzrhVTdwJH1FWJFw5wv_Pit_of_decomposing_cow_dung.wav,Aniket Chauhan,"Theog, Shimla, Himachal Pradesh, India",21-30,,Pit of decomposing cow dung,गोबर सड़ने का गड्ढा,Animal husbandry,Agriculture,n,noun,,,,,,,
DhOdKX6cbpQ7LVkXAESV,कुण,,,,,,,,https://firebasestorage.googleapis.com/v0/b/talking-dictionaries-alpha.appspot.com/o/mahasuvi%2Faudio%2FDhOdKX6cbpQ7LVkXAESV_1653122084904.wav?alt=media,DhOdKX6cbpQ7LVkXAESV_Who.wav,Aniket Chauhan,"Theog, Shimla, Himachal Pradesh, India",21-30,,Who,कौन,,,pro,pronoun,,,,,,,
DigORIUDOxRyCLr5xxp3,गलड़ा,,,,"Shimla Saraji, Shadochi",,,,,,,,,,"crotch, the portion of clothes around crotch","जाँघ एवं धड़ के जोड़ का क्षेत्र, जाँघ एवं धड़ के जोड़ का क्षेत्र के चारों ओर कपड़े का हिस्सा",Body parts,,,,तेरे छोटूए होगियो गोल्डा भोर गो।,Your kid has filled his crotch with feces.,,,,,
DqNVqDLS2KHkk9wx9DmN,लात,,,,Shimla Saraji,,,,https://firebasestorage.googleapis.com/v0/b/talking-dictionaries-alpha.appspot.com/o/mahasuvi%2Faudio%2FDqNVqDLS2KHkk9wx9DmN_1653311783294.wav?alt=media,DqNVqDLS2KHkk9wx9DmN_Leg.wav,Aniket Chauhan,"Theog, Shimla, Himachal Pradesh, India",21-30,,Leg,टांग,Body parts,,n,noun,पोरा टाले आपणो लात एथो दो।,Remove your feet from here.,,,,,
Drj1uovREK89F96mhz0t,ढराण,,,,Bushahri,,,,,,,,,,smell of burnt food due to being overcooked,अधिक पके होने के कारण जले हुए भोजन की गंध,"Food, cooking and foodways",Senses and perception,n,noun,,,,,,,
Drsvmte3isOrqhtlb3Ks,जांदा,,,,Shimla Saraji,,,,https://firebasestorage.googleapis.com/v0/b/talking-dictionaries-alpha.appspot.com/o/mahasuvi%2Faudio%2FDrsvmte3isOrqhtlb3Ks_1653125445387.wav?alt=media,Drsvmte3isOrqhtlb3Ks_Lock.wav,Aniket Chauhan,"Theog, Shimla, Himachal Pradesh, India",21-30,,Lock,ताला,Tools and weapons,Household,n,noun,जांदा लाया द्वारो दो?,Locked the door?,,,,,
Dxv92fyhh27wJUusVyQX,बुबी,,,,"Shimla Saraji, Bishshau, Rohruri (Spail), Chuhara, Barari",,,,,,,,,,Paternal aunt,बूआ,Kinship and relationships,,n,noun,तू कोबे डे थे ऊबे टीरो खे बुबीए?,When did you go up to the peak aunt?,,,,,
Dy4H9GoqXgcNh6CJBNdn,शैल,,,,Bushahri,,,,,,,,,,pacify,शांत करना,Language and Communication,Emotions,v,verb,,,,,,,
DyVLes9uxShT3uyc0O2B,ऐबी,,,,Shimla Saraji,,,,https://firebasestorage.googleapis.com/v0/b/talking-dictionaries-alpha.appspot.com/o/mahasuvi%2Faudio%2FDyVLes9uxShT3uyc0O2B_1653121333140.wav?alt=media,DyVLes9uxShT3uyc0O2B_now.wav,Aniket Chauhan,"Theog, Shimla, Himachal Pradesh, India",21-30,,now,अभी,Time,,adj,adjective,एबी ब नी शुणीयो तेरे?,Haven't you heard even now?,,,,,
E53XzPtmUDnOE7LLeUxO,ठोगड़ा,,,,"Shimla Saraji, Bishshau",,,,https://firebasestorage.googleapis.com/v0/b/talking-dictionaries-alpha.appspot.com/o/mahasuvi%2Faudio%2FE53XzPtmUDnOE7LLeUxO_1653131043194.wav?alt=media,E53XzPtmUDnOE7LLeUxO_Well_disciplined_well_behaved.wav,Aniket Chauhan,"Theog, Shimla, Himachal Pradesh, India",21-30,,"Well disciplined, well behaved","अच्छा अनुशासित, अच्छा व्यवहार करने वाला",States and Characteristics,,adj,adjective,,,,,,,
ED7SZc2X4xaNLKLTDXaD,आंजकुड़ी,,,,"Rohruri (Spail), Bushahri (Narain) , Sharachali, Shadochi",,,,,,,,,,intestines,आंत,Body parts,,n,noun,मेरे आंजकड़े दुखदे लागेदे,my intestines are hurting,,,,,
EEjDYHm5CsMqwQmNeIrU,छोटी,,,,Shimla Saraji,,,,https://firebasestorage.googleapis.com/v0/b/talking-dictionaries-alpha.appspot.com/o/audio%2Fmahasuvi%2FEEjDYHm5CsMqwQmNeIrU_1624193773951.wav?alt=media,EEjDYHm5CsMqwQmNeIrU_Daughter.wav,Aniket Chauhan,"Theog, Shimla, Himachal Pradesh, India",21-30,,Daughter,बेटी,Kinship and relationships,,na,animate noun,,,,,,,
EHQwRqNFg0GPbk9Ezm5y,नोखा,,,,"Shimla Saraji, Bishshau",,,,https://firebasestorage.googleapis.com/v0/b/talking-dictionaries-alpha.appspot.com/o/mahasuvi%2Faudio%2FEHQwRqNFg0GPbk9Ezm5y_1653296576107.wav?alt=media,EHQwRqNFg0GPbk9Ezm5y_Strange.wav,Aniket Chauhan,"Theog, Shimla, Himachal Pradesh, India",21-30,,Strange,अनोखा,States and Characteristics,,adj,adjective,,,,,,,
ER1Kx0q8mBhhZ3KrIdiV,कोणन ,,,,Kumharsain,,,,https://firebasestorage.googleapis.com/v0/b/talking-dictionaries-alpha.appspot.com/o/mahasuvi%2Faudio%2FER1Kx0q8mBhhZ3KrIdiV_1653122495610.wav?alt=media,ER1Kx0q8mBhhZ3KrIdiV_Koli_woman.wav,Aniket Chauhan,"Theog, Shimla, Himachal Pradesh, India",21-30,,Koli woman,कोली स्त्री,"Humans, Social Relations and Organization",Names of people and clans,n,noun,,,,,,,
EUYPBRXPrl41TcD04J7p,काकड़ी,,,,,,,,https://firebasestorage.googleapis.com/v0/b/talking-dictionaries-alpha.appspot.com/o/mahasuvi%2Faudio%2FEUYPBRXPrl41TcD04J7p_1653121702276.wav?alt=media,EUYPBRXPrl41TcD04J7p_Cucumber.wav,Aniket Chauhan,"Theog, Shimla, Himachal Pradesh, India",21-30,,Cucumber,खीरा,"Plants, trees and other vegetation","Food, cooking and foodways",n,noun,,,,,,,
EXDN3qfNAuYgg5O1uQDr,खालटो,,,,Bushahri,,,,https://firebasestorage.googleapis.com/v0/b/talking-dictionaries-alpha.appspot.com/o/mahasuvi%2Faudio%2FEXDN3qfNAuYgg5O1uQDr_1653122900471.wav?alt=media,EXDN3qfNAuYgg5O1uQDr_Bag_made_out_of_goat_skin_which_was_used_for_storing_grains_in_olden_times.wav,Aniket Chauhan,"Theog, Shimla, Himachal Pradesh, India",21-30,,Bag made out of goat skin which was used for storing grains in olden times,बकरी की खाल से बना थैला जो पुराने समय में अनाज के भंडारण के लिए इस्तेमाल किया जाता था,Agriculture,"Art, crafts and textiles",n,noun,,,,,,,
ElzRGcOT2qlN9k1ev1Gd,घणीता,,,,Shimla Saraji,,,,https://firebasestorage.googleapis.com/v0/b/talking-dictionaries-alpha.appspot.com/o/mahasuvi%2Faudio%2FElzRGcOT2qlN9k1ev1Gd_1653124381015.wav?alt=media,ElzRGcOT2qlN9k1ev1Gd_The_person_who_gets_possessed_by_the_deity.wav,Aniket Chauhan,"Theog, Shimla, Himachal Pradesh, India",21-30,,The person who gets possessed by the deity,वह व्यक्ति जो देवता के वश में हो जाता है,"Humans, Social Relations and Organization",Spirituality and Religion,n,noun,,,,,,,
Ermp9wxZzaGwxo2QXeD4,खोटो,,,,Shimla Saraji,,,,https://firebasestorage.googleapis.com/v0/b/talking-dictionaries-alpha.appspot.com/o/mahasuvi%2Faudio%2FErmp9wxZzaGwxo2QXeD4_1653123202951.wav?alt=media,Ermp9wxZzaGwxo2QXeD4_Lie.wav,Aniket Chauhan,"Theog, Shimla, Himachal Pradesh, India",21-30,,Lie,झूट,Language and Communication,,v,verb,पप्पू रा छोटा बेगी खोटो लाओ।,Pappu's son tells lies a lot.,,,,,
EujyJOBOhMOGxtaECOOD,नथेआ,,,,Shimla Saraji,,,,https://firebasestorage.googleapis.com/v0/b/talking-dictionaries-alpha.appspot.com/o/mahasuvi%2Faudio%2FEujyJOBOhMOGxtaECOOD_1653296199144.wav?alt=media,EujyJOBOhMOGxtaECOOD_Clumsy.wav,Aniket Chauhan,"Theog, Shimla, Himachal Pradesh, India",21-30,,Clumsy,अनाड़ी,States and Characteristics,,adj,adjective,"काम शिख, बेगे नथेआ ए तू।","Learn work, you are very clumsy.",,,,,
F4Pz8yHgYcTbjX3ueceK,होकड़ो,,,,Shimla Saraji,,,,https://firebasestorage.googleapis.com/v0/b/talking-dictionaries-alpha.appspot.com/o/mahasuvi%2Faudio%2FF4Pz8yHgYcTbjX3ueceK_1653313025126.wav?alt=media,F4Pz8yHgYcTbjX3ueceK_Little.wav,Aniket Chauhan,"Theog, Shimla, Himachal Pradesh, India",21-30,,Little,थोड़ा,Quantities and Quantifiers,,adj,adjective,होकड़ो ज़ेयो चिष आण।,Bring a little water.,,,,,
FCh9UrAbzQnXjTVgT4Ow,आणह,,,,Shimla Saraji,,,,https://firebasestorage.googleapis.com/v0/b/talking-dictionaries-alpha.appspot.com/o/mahasuvi%2Faudio%2FFCh9UrAbzQnXjTVgT4Ow_1653120662502.wav?alt=media,FCh9UrAbzQnXjTVgT4Ow_bring.wav,Aniket Chauhan,"Theog, Shimla, Himachal Pradesh, India",21-30,,bring,लाओ,Physical Actions,,v,verb,दूध आणह।,Bring milk.,दूध लाओ।,,,,
FCrcM5g8bLPggu344xEd,सौरदा,,,,Chuhara,,,,,,,,,,Crawl,घुटनों के बल चलना,Physical Actions,Motion,,,तेरे मूंडा माथे का सौरदैं लागौंदो,What is it crawling on your head?,,,,,
FCtRw8L1HG3jGGqamsE4,रिहयू,,,,,,,,,,,,,,to miss someone,किसी को याद करने के लिए,Emotions,Mental actions,n,noun,मुं लागो सितु रो रिहयु,I'm missing Seetu.,मुझे सीतू की याद आ रही है।,,,,
FGUODVRmMgnfPRbEqqQ2,घिंड़,,,,Shimla Saraji,,,,,,,,,,smear (usually with something dirty),पोतना (आमतौर पर कुछ गंदे के साथ),Physical Actions,Cleanliness and hygiene,v,verb,गारे घिंड़ गोए झुड़के तौएं,You have smeared your clothes with mud,,,,,
FKQiZ3eoaa3EOLnoFjwu,हौच,,,,Chuhara,,,,,,,,,,lost,लुप्त,Location and Directions,States and Characteristics,adj,adjective,मेरो बाकटू हौचीगो,My kid(goat) got lost.,,,,,
FLkIFcvaZTRBlhNf1TtB,मेकणा,,,,,,,,https://firebasestorage.googleapis.com/v0/b/talking-dictionaries-alpha.appspot.com/o/mahasuvi%2Faudio%2FFLkIFcvaZTRBlhNf1TtB_1653311379200.wav?alt=media,FLkIFcvaZTRBlhNf1TtB_act_of_twisting.wav,Aniket Chauhan,"Theog, Shimla, Himachal Pradesh, India",21-30,,act of twisting,घुमाने की क्रिया,Physical Actions,,v,verb,,,,,,,
FP2hGQj8nnOOUJAnbptg,धाचणा,,,,,,,,https://firebasestorage.googleapis.com/v0/b/talking-dictionaries-alpha.appspot.com/o/mahasuvi%2Faudio%2FFP2hGQj8nnOOUJAnbptg_1653295978114.wav?alt=media,FP2hGQj8nnOOUJAnbptg_the_act_of_raising_children.wav,Aniket Chauhan,"Theog, Shimla, Himachal Pradesh, India",21-30,,the act of raising children,बच्चों को पालने का कार्य,Life stages and rites of passage,Kinship and relationships,v,verb,,,,,,,
FWMYJHNYXKMIyfHi5ni8,बोकी,,,,Shimla Saraji,,,,https://firebasestorage.googleapis.com/v0/b/talking-dictionaries-alpha.appspot.com/o/mahasuvi%2Faudio%2FFWMYJHNYXKMIyfHi5ni8_1653309449469.wav?alt=media,FWMYJHNYXKMIyfHi5ni8_1_phallus_of_a_goat_2_extremely_stupid_person.wav,Aniket Chauhan,"Theog, Shimla, Himachal Pradesh, India",21-30,,1. phallus of a goat; 2. extremely stupid person,1. बकरे का लिंग; 2. अत्यंत मूर्ख व्यक्ति,Body parts,,n,noun,बोकी नोरी बातो कोरे तू।,You talk like a dimwit.,,,,,
Fcsn6ue5RquAjRBGXEsm,छोश,,,,Shadochi,,,,https://firebasestorage.googleapis.com/v0/b/talking-dictionaries-alpha.appspot.com/o/mahasuvi%2Faudio%2FFcsn6ue5RquAjRBGXEsm_1653125285965.wav?alt=media,Fcsn6ue5RquAjRBGXEsm_Massage.wav,Aniket Chauhan,"Theog, Shimla, Himachal Pradesh, India",21-30,,Massage,मल,Physical Actions,,v,verb,,,,,,,
Fj2yk1L9F9Sq3bqnyJrt,मिटणो,,,,Shadochi,,,,https://firebasestorage.googleapis.com/v0/b/talking-dictionaries-alpha.appspot.com/o/mahasuvi%2Faudio%2FFj2yk1L9F9Sq3bqnyJrt_1653311114909.wav?alt=media,Fj2yk1L9F9Sq3bqnyJrt_invocation_of_deity_in_his_Oracles_body.wav,Aniket Chauhan,"Theog, Shimla, Himachal Pradesh, India",21-30,,invocation of deity in his Oracle's body,अपने प्रवक्ता के शरीर में देवता का आह्वान,Spirituality and Religion,Interjections,v,verb,,,,,,,
FkLCTA6SpVHL3TV5Om1o,मौऊल,,,,Rohruri ,,,,https://firebasestorage.googleapis.com/v0/b/talking-dictionaries-alpha.appspot.com/o/mahasuvi%2Faudio%2FFkLCTA6SpVHL3TV5Om1o_1653311499659.wav?alt=media,FkLCTA6SpVHL3TV5Om1o_Palace.wav,Aniket Chauhan,"Theog, Shimla, Himachal Pradesh, India",21-30,,Palace,महल,Construction,,n,noun,राणी ओ मौऊलो दी लुकी दो।,The queen is hiding in the palace.,,,,,
FphmXZWIOdgWhJWYtJh2,माश,,,,Shimla Saraji,,,,https://firebasestorage.googleapis.com/v0/b/talking-dictionaries-alpha.appspot.com/o/mahasuvi%2Faudio%2FFphmXZWIOdgWhJWYtJh2_1653311034013.wav?alt=media,FphmXZWIOdgWhJWYtJh2_Massage.wav,Aniket Chauhan,"Theog, Shimla, Himachal Pradesh, India",21-30,,Massage,मल,,,v,verb,,,,,,,
Frpwc7QGA5nWIcENbl8Q,शिग्रि,,,,,,,,https://firebasestorage.googleapis.com/v0/b/talking-dictionaries-alpha.appspot.com/o/mahasuvi%2Faudio%2FFrpwc7QGA5nWIcENbl8Q_1653312242332.wav?alt=media,Frpwc7QGA5nWIcENbl8Q_Quickly.wav,Aniket Chauhan,"Theog, Shimla, Himachal Pradesh, India",21-30,,Quickly,जल्दी,States and Characteristics,,adv,adverb,,,,,,,
Fs36bjD8CxavI50b4H41,प्राओणी-प्राओणी,,,,Shadochi,,,,,,,,,,Quickly,जल्दी-जल्दी,States and Characteristics,,,,,,,,,,
FsNoM4yLlHk92Bnq1isy,कुकड़ी,,,,"Shimla Saraji, Bishshau",,,,https://firebasestorage.googleapis.com/v0/b/talking-dictionaries-alpha.appspot.com/o/mahasuvi%2Faudio%2FFsNoM4yLlHk92Bnq1isy_1653122057969.wav?alt=media,FsNoM4yLlHk92Bnq1isy_Maize_corn.wav,Aniket Chauhan,"Theog, Shimla, Himachal Pradesh, India",21-30,,Maize (corn),मक्का,"Plants, trees and other vegetation","Food, cooking and foodways",n,noun,,,,,,,
FymHVO5vZMydqFPjtPPj,सनाई,,,,Shimla Saraji,,,,https://firebasestorage.googleapis.com/v0/b/talking-dictionaries-alpha.appspot.com/o/mahasuvi%2Faudio%2FFymHVO5vZMydqFPjtPPj_1653312391567.wav?alt=media,FymHVO5vZMydqFPjtPPj_Shehnai_an_Indian_woodwind_instrument.wav,Aniket Chauhan,"Theog, Shimla, Himachal Pradesh, India",21-30,,Shehnai (an Indian woodwind instrument),शहनाई,Music and Entertainment,,n,noun,बेगी मीठी ओ सनाई री धुन।,The tune of Shehnai is very sweet.,,,,,
G3VQkb0MP6ktF2P4y0hD,घॉडिणा,,,,Shimla Saraji (Theog),,,,https://firebasestorage.googleapis.com/v0/b/talking-dictionaries-alpha.appspot.com/o/mahasuvi%2Faudio%2FG3VQkb0MP6ktF2P4y0hD_1653124644165.wav?alt=media,G3VQkb0MP6ktF2P4y0hD_to_fight.wav,Aniket Chauhan,"Theog, Shimla, Himachal Pradesh, India",21-30,,to fight,लड़ाई करना,Physical Actions,Physical Impact,v,verb,,,,,,,
GEJPLNa5vlDSLDYQv9Sa,चिश,,,,,,,,https://firebasestorage.googleapis.com/v0/b/talking-dictionaries-alpha.appspot.com/o/audio%2Fmahasuvi%2FGEJPLNa5vlDSLDYQv9Sa_1624191041336.wav?alt=media,GEJPLNa5vlDSLDYQv9Sa_Water.wav,Aniket Chauhan,"Theog, Shimla, Himachal Pradesh, India",21-30,,Water,पानी,"Water, bodies of water and the water cycle",,ni,inanimate noun,मूं चीश दे।,Give me water.,मुझे पानी दो।,,,,
GHUC8VCRKw5jALv5wHa5,पचीगडे,,,,"Bushahri, Rohruri ",,,,https://firebasestorage.googleapis.com/v0/b/talking-dictionaries-alpha.appspot.com/o/mahasuvi%2Faudio%2FGHUC8VCRKw5jALv5wHa5_1653296627931.wav?alt=media,GHUC8VCRKw5jALv5wHa5_Delicacy_made_from_Taro_leaves.wav,Aniket Chauhan,"Theog, Shimla, Himachal Pradesh, India",21-30,,Delicacy made from  Taro leaves,अरबी के पत्तों से बना व्यंजन,"Plants, trees and other vegetation","Food, cooking and foodways",n,noun,,,,,,,
GJlkMxbL4UzzZ0ShC8Q6,बली,,,,Rohruri ,,,,https://firebasestorage.googleapis.com/v0/b/talking-dictionaries-alpha.appspot.com/o/mahasuvi%2Faudio%2FGJlkMxbL4UzzZ0ShC8Q6_1653297265743.wav?alt=media,GJlkMxbL4UzzZ0ShC8Q6_interjection.wav,Aniket Chauhan,"Theog, Shimla, Himachal Pradesh, India",21-30,,interjection,विस्मयादिबोधक,Interjections,,int,interjection,,,,,,,
GOyaIGIwqcR0zGzYt5z9,चाक,,,,,,,,https://firebasestorage.googleapis.com/v0/b/talking-dictionaries-alpha.appspot.com/o/mahasuvi%2Faudio%2FGOyaIGIwqcR0zGzYt5z9_1653124742185.wav?alt=media,GOyaIGIwqcR0zGzYt5z9_Chew.wav,Aniket Chauhan,"Theog, Shimla, Himachal Pradesh, India",21-30,,Chew,चबा,Physical Actions,Body functions,v,verb,,,,"Food, cooking and foodways",,,
GZv0vLDHRq9XrQikwiJR,एज़ो,,,,Shimla Saraji,,,,https://firebasestorage.googleapis.com/v0/b/talking-dictionaries-alpha.appspot.com/o/mahasuvi%2Faudio%2FGZv0vLDHRq9XrQikwiJR_1653121133463.wav?alt=media,GZv0vLDHRq9XrQikwiJR_this.wav,Aniket Chauhan,"Theog, Shimla, Himachal Pradesh, India",21-30,,this,यह,Pro-forms,,pro,pronoun,एज़ो का ओ?,What is this?,,,,,
Ggv5ZCHdiHfmhndgKfnU,बैठ,,,,,,,,https://firebasestorage.googleapis.com/v0/b/talking-dictionaries-alpha.appspot.com/o/mahasuvi%2Faudio%2FGgv5ZCHdiHfmhndgKfnU_1653309379801.wav?alt=media,Ggv5ZCHdiHfmhndgKfnU_Labour_work_for_which_a_piece_of_land_was_given_in_return_for_cultivation_temporarily.wav,Aniket Chauhan,"Theog, Shimla, Himachal Pradesh, India",21-30,,Labour work for which a piece of land was given in return for cultivation temporarily,श्रम कार्य जिसके बदले में खेती के लिए भूमि का एक टुकड़ा दिया जाता था,Work and occupations,Agriculture,,,,,,,,,
GhHaZ0fV0PT9IomJrqDd,खाखू,,,,,,,,https://firebasestorage.googleapis.com/v0/b/talking-dictionaries-alpha.appspot.com/o/audio%2Fmahasuvi%2FGhHaZ0fV0PT9IomJrqDd_1624192018958.wav?alt=media,GhHaZ0fV0PT9IomJrqDd_Cheeks.wav,Aniket Chauhan,"Theog, Shimla, Himachal Pradesh, India",21-30,,Cheeks,गाल,Body parts,,n,noun,,,,,,,
Gk1oAtEo96wstdJ8pcGw,कास,,,,Rohruri ,,,,https://firebasestorage.googleapis.com/v0/b/talking-dictionaries-alpha.appspot.com/o/mahasuvi%2Faudio%2FGk1oAtEo96wstdJ8pcGw_1653121990326.wav?alt=media,Gk1oAtEo96wstdJ8pcGw_Whom_Which.wav,Aniket Chauhan,"Theog, Shimla, Himachal Pradesh, India",21-30,,"Whom, Which","किसको, किस",Pro-forms,,pro,pronoun,,,,,,,
Gl8sLBcTwG8Gxyqwtm9P,फड़ाक,,,,,,,,https://firebasestorage.googleapis.com/v0/b/talking-dictionaries-alpha.appspot.com/o/mahasuvi%2Faudio%2FGl8sLBcTwG8Gxyqwtm9P_1653297069676.wav?alt=media,Gl8sLBcTwG8Gxyqwtm9P_flick.wav,Aniket Chauhan,"Theog, Shimla, Himachal Pradesh, India",21-30,,flick,झटका,Physical Actions,,v,verb,,,,,,,
Gtw4iAUjvhrHyOArxXy2,बरशो,,,,"Chuhara, Barari",,,,,,,,,,Years,वर्षों,Time,,,,,,,,,,
GvGVr0LCJBUBacoTJlbS,ठीसकरी,,,,Shimla Saraji,,,,,,,,,,a woman who likes to dress up and adorn herself,एक महिला जो सजना-संवरना और खुद को सजाना पसंद करती है,"Humans, Social Relations and Organization",Clothing and adornment,adj,adjective,मेरिये तू बेगी ठीसकरी जाणी।,"My dear, you seem like someone who likes to dress up a lot.",,,,,
GzMGJW1ggyXchFaMS1bv,शाओणा,,,,Shimla Saraji,,,,,,,,,,Having dusky complexion,सांवला रंग होना,States and Characteristics,Colors,adj,adjective,ठाणे रे पुलसिये शाओणे गोरे,The policemen of station are fair and dusky.,थाने के पुलिसकर्मी गोरे और सांवले हैं,,,,
H79o9Uk9Aot25tttqolO,बाउड़,,,,Barari,,,,,,,,,,Wooden floor,लकड़ी के फर्श,Household,,n,noun,तोएं बाउड़ नई लींबे ?,Haven't you mopped the floor?,क्या तुमने फर्श नहीं पोंछा?,,,,
H7ekyk6CTIdMgYj9MOf9,केछे,,,,Shadochi,,,,https://firebasestorage.googleapis.com/v0/b/talking-dictionaries-alpha.appspot.com/o/mahasuvi%2Faudio%2FH7ekyk6CTIdMgYj9MOf9_1653122198818.wav?alt=media,H7ekyk6CTIdMgYj9MOf9_Where.wav,Aniket Chauhan,"Theog, Shimla, Himachal Pradesh, India",21-30,,Where,किधर,Location and Directions,,adv,adverb,,,,,,,
H8wIn1bSZfm8HF6VV6I8,स्कोड,,,,,,,,https://firebasestorage.googleapis.com/v0/b/talking-dictionaries-alpha.appspot.com/o/mahasuvi%2Faudio%2FH8wIn1bSZfm8HF6VV6I8_1653312793598.wav?alt=media,H8wIn1bSZfm8HF6VV6I8_Prohibition_to_enter_the_temple_for_sometime_after_birth_of_child_in_ones_family.wav,Aniket Chauhan,"Theog, Shimla, Himachal Pradesh, India",21-30,,Prohibition to enter the temple for sometime after birth of child in one's family,परिवार में बच्चे के जन्म के बाद मंदिर में प्रवेश पर प्रतिबंध,Life stages and rites of passage,Spirituality and Religion,,,,,,,,,
HCvcq4xnikk4NtGmOwwZ,गोरट,,,,Shadochi,,,,https://firebasestorage.googleapis.com/v0/b/talking-dictionaries-alpha.appspot.com/o/mahasuvi%2Faudio%2FHCvcq4xnikk4NtGmOwwZ_1653124252667.wav?alt=media,HCvcq4xnikk4NtGmOwwZ_Watermill.wav,Aniket Chauhan,"Theog, Shimla, Himachal Pradesh, India",21-30,,Watermill,पनचक्की,Agriculture,Construction,n,noun,,,,"Water, bodies of water and the water cycle",,,
HFKzkThfzVg7HkhGXuX9,शाही,,,,Shimla Saraji,,,,https://firebasestorage.googleapis.com/v0/b/talking-dictionaries-alpha.appspot.com/o/mahasuvi%2Faudio%2FHFKzkThfzVg7HkhGXuX9_1653312142229.wav?alt=media,HFKzkThfzVg7HkhGXuX9_Hedgehog.wav,Aniket Chauhan,"Theog, Shimla, Himachal Pradesh, India",21-30,,Hedgehog,कांटेदार जंगली चूहा,Animals,,n,noun,शाही दिशा मुं खेचो दा।,I saw a hegdehog in the field.,,,,,
HFt67rc8y9zk3Eco5q5P,आरा,,,,Shimla Saraji,,,,https://firebasestorage.googleapis.com/v0/b/talking-dictionaries-alpha.appspot.com/o/mahasuvi%2Faudio%2FHFt67rc8y9zk3Eco5q5P_1653120850238.wav?alt=media,HFt67rc8y9zk3Eco5q5P_.wav,Aniket Chauhan,"Theog, Shimla, Himachal Pradesh, India",21-30,,,,Interjections,,int,interjection,आरा तूएँ एज़ो का कियो?,Man what have you done?,अरे तुमने ये क्या किया?,,,,
HHs8FLzXXioIs5MAF60R,बृहडा,,,,Shimla Saraji,,,,https://firebasestorage.googleapis.com/v0/b/talking-dictionaries-alpha.appspot.com/o/mahasuvi%2Faudio%2FHHs8FLzXXioIs5MAF60R_1653309168411.wav?alt=media,HHs8FLzXXioIs5MAF60R_A_person_belonging_to_the_caste_of_goldsmith.wav,Aniket Chauhan,"Theog, Shimla, Himachal Pradesh, India",21-30,,A person belonging to the caste of goldsmith,सुनार की जाति से संबंधित एक व्यक्ति,"Humans, Social Relations and Organization",,n,noun,बृहडे चाणो स्नागण।,The goldsmith made this gold ornament.,,,,,
HPXa1X5KljPctAqr3WoL,बूई,,,,"Bushahri (Nankhari), Shimla Saraji",,,,,,,,,,Paternal aunt,बूआ,Kinship and relationships,,n,noun,,,,,,,
HSt2lV8qGv6jwXrsAdp3,बीड,,,,Shimla Saraji,,,,https://firebasestorage.googleapis.com/v0/b/talking-dictionaries-alpha.appspot.com/o/mahasuvi%2Faudio%2FHSt2lV8qGv6jwXrsAdp3_1653309121922.wav?alt=media,HSt2lV8qGv6jwXrsAdp3_Process_of_making_jewellery.wav,Aniket Chauhan,"Theog, Shimla, Himachal Pradesh, India",21-30,,Process of making jewellery,आभूषण बनाने की प्रक्रिया,Physical Actions,"Art, crafts and textiles",v,verb,,,,Clothing and adornment,,,
HUfCsedEIVQ8AubhIQJR,घियु,,,,,,,,https://firebasestorage.googleapis.com/v0/b/talking-dictionaries-alpha.appspot.com/o/mahasuvi%2Faudio%2FHUfCsedEIVQ8AubhIQJR_1653124477366.wav?alt=media,HUfCsedEIVQ8AubhIQJR_Clarified_butter.wav,Aniket Chauhan,"Theog, Shimla, Himachal Pradesh, India",21-30,,Clarified butter,घी,"Food, cooking and foodways",,n,noun,,,,,,,
HZqDm4n2ucQWgC9uRnyn,भौंपुर,,,,"Shadochi, Rohruri ",,,,https://firebasestorage.googleapis.com/v0/b/talking-dictionaries-alpha.appspot.com/o/mahasuvi%2Faudio%2FHZqDm4n2ucQWgC9uRnyn_1653310676637.wav?alt=media,HZqDm4n2ucQWgC9uRnyn_Shoulder.wav,Aniket Chauhan,"Theog, Shimla, Himachal Pradesh, India",21-30,,Shoulder,कंधा,Body parts,,n,noun,,,,,,,
Hc4E0AMsaWV2lvKRMh08,नान्धडा,,,,Shimla Saraji,,,,https://firebasestorage.googleapis.com/v0/b/talking-dictionaries-alpha.appspot.com/o/mahasuvi%2Faudio%2FHc4E0AMsaWV2lvKRMh08_1653296301703.wav?alt=media,Hc4E0AMsaWV2lvKRMh08_Small.wav,Aniket Chauhan,"Theog, Shimla, Himachal Pradesh, India",21-30,,Small,छोटा,Sizes and dimensions,,adj,adjective,,,,,,,
HiTwgcxYGEnubb1L7whB,आलू,,,,Shimla Saraji,,,,https://firebasestorage.googleapis.com/v0/b/talking-dictionaries-alpha.appspot.com/o/mahasuvi%2Faudio%2FHiTwgcxYGEnubb1L7whB_1653120859046.wav?alt=media,HiTwgcxYGEnubb1L7whB_potato.wav,Aniket Chauhan,"Theog, Shimla, Himachal Pradesh, India",21-30,,potato,आलू,"Plants, trees and other vegetation",,n,noun,आलू बिक लागे सोस्ते।,Potatos are selling for cheap.,आलू सस्ते बिक रहे है।,,,,
HisJCjVTygRRpqtrCLJE,चोटुओ,,,,,,,,https://firebasestorage.googleapis.com/v0/b/talking-dictionaries-alpha.appspot.com/o/mahasuvi%2Faudio%2FHisJCjVTygRRpqtrCLJE_1653124990817.wav?alt=media,HisJCjVTygRRpqtrCLJE_To_lack_in_quantity.wav,Aniket Chauhan,"Theog, Shimla, Himachal Pradesh, India",21-30,,To lack in quantity,मात्रा में कमी होना,,,,,,,,,,,
HiyxuI5IsIWolBsXL7Og,लूद,,,,Sharachali,,,,https://firebasestorage.googleapis.com/v0/b/talking-dictionaries-alpha.appspot.com/o/mahasuvi%2Faudio%2FHiyxuI5IsIWolBsXL7Og_1653311860580.wav?alt=media,HiyxuI5IsIWolBsXL7Og_Vulture.wav,Aniket Chauhan,"Theog, Shimla, Himachal Pradesh, India",21-30,,Vulture,गिद्ध,Birds,,n,noun,,,,,,,
Hl36M5eNIW8UqhY3e0YA,कांईया,,,,"Shimla Saraji, Barari, Bishshau, Shadochi",,,,,,,,,,"a miser, cheapskate","एक कंजूस, कमीना","Humans, Social Relations and Organization",Finance and Business,,,ला एतरौ कांईयौं न बौण ।,"Man, don't be such a cheapskate.",,,,,
HoOqVb3wlxjySGvIMSiC,झिंओ,,,,Shimla Saraji (Theog),,,,,,,,,,towards,की ओर,Location and Directions,,,,आं जुब्बलो झिंओ डे लागा।,I am going towards Jubbal.,,,,,
HqB1hDMSSgMlHeZ1GdkG,दुज्जो,,,,"Shadochi, Rohruri ",,,,https://firebasestorage.googleapis.com/v0/b/talking-dictionaries-alpha.appspot.com/o/mahasuvi%2Faudio%2FHqB1hDMSSgMlHeZ1GdkG_1653131891998.wav?alt=media,HqB1hDMSSgMlHeZ1GdkG_Another.wav,Aniket Chauhan,"Theog, Shimla, Himachal Pradesh, India",21-30,,Another,दूसरा,Quantifiers,,det,determiner,,,,,,,
Hs4hPZMqxSfa4LSqvGBk,पजेरा,,,,,,,,https://firebasestorage.googleapis.com/v0/b/talking-dictionaries-alpha.appspot.com/o/mahasuvi%2Faudio%2FHs4hPZMqxSfa4LSqvGBk_1653296637913.wav?alt=media,Hs4hPZMqxSfa4LSqvGBk_Priest.wav,Aniket Chauhan,"Theog, Shimla, Himachal Pradesh, India",21-30,,Priest,पुजारी,Spirituality and Religion,Work and occupations,n,noun,,,,,,,
HtXyYqJjrLyRN6HlNzlU,दाच,,,,Shimla Saraji,,,,https://firebasestorage.googleapis.com/v0/b/talking-dictionaries-alpha.appspot.com/o/audio%2Fmahasuvi%2FHtXyYqJjrLyRN6HlNzlU_1625549699997.wav?alt=media,HtXyYqJjrLyRN6HlNzlU_Wood_cutting_handtool_similar_to_Sickle.wav,Rajneesh Verma,"Theog, Shimla",31-40,,Wood cutting handtool similar to Sickle,दराट,Tools and weapons,,n,noun,,,,,HtXyYqJjrLyRN6HlNzlU_Wood_cutting_handtool_similar_to_Sickle.jpg,https://firebasestorage.googleapis.com/v0/b/talking-dictionaries-alpha.appspot.com/o/images%2Fmahasuvi%2FHtXyYqJjrLyRN6HlNzlU_1625549648595.jpg?alt=media,
HwKMOP5OJoIRrGperJYp,चाँड,,,,"Bushahri, Rohruri ",,,,https://firebasestorage.googleapis.com/v0/b/talking-dictionaries-alpha.appspot.com/o/mahasuvi%2Faudio%2FHwKMOP5OJoIRrGperJYp_1653124718634.wav?alt=media,HwKMOP5OJoIRrGperJYp_Attic.wav,Aniket Chauhan,"Theog, Shimla, Himachal Pradesh, India",21-30,,Attic,अटारी,Construction,Household,n,noun,,,,,,,
HxGkisniVp2kuyBVs8Hp,घेसड,,,,Bushahri (Nankhari),,,,,,,,,,humidity,आर्द्रता,"Sky, weather and climate","Water, bodies of water and the water cycle",n,noun,खासो घेसड ना आज,Humidity is too much today,,,,,
HxsyNbBLokrMlnj0V4o9,छुनणौ,,,,Shadochi,,,,,,,,,,shatter,टूटना,Physical Actions,Physical Impact,,,आपणौ मूंड की छुनौ तैं?,Where did you shatter your head?,,,,,
Hz9xO0pSSQK0fyRJTPAo,चर्चरी,,,,Chuhara,,,,,,,,,,spicy,तीखा,Senses and perception,,adj,adjective,एती चर्चरी दाल कैले चाणी भाईया,Why did you make this spicy curry brother?,,,,,
HzGJjIuX4i1X8888aFpY,खेद,,,,,,,,https://firebasestorage.googleapis.com/v0/b/talking-dictionaries-alpha.appspot.com/o/mahasuvi%2Faudio%2FHzGJjIuX4i1X8888aFpY_1653123174022.wav?alt=media,HzGJjIuX4i1X8888aFpY_Evict_shoo_away.wav,Aniket Chauhan,"Theog, Shimla, Himachal Pradesh, India",21-30,,"Evict, shoo away",बेदखल,Physical Actions,,v,verb,,,,,,,
I2T6usvBVp9YcIO8QW0q,पलाच,,,,Rohruri ,,,,https://firebasestorage.googleapis.com/v0/b/talking-dictionaries-alpha.appspot.com/o/mahasuvi%2Faudio%2FI2T6usvBVp9YcIO8QW0q_1653296660817.wav?alt=media,I2T6usvBVp9YcIO8QW0q_Blood.wav,Aniket Chauhan,"Theog, Shimla, Himachal Pradesh, India",21-30,,Blood,खून,Body parts,,n,noun,,,,,,,
IBOSAeDhUXimLBoelvfE,झुंगथणा,,,,,,,,https://firebasestorage.googleapis.com/v0/b/talking-dictionaries-alpha.appspot.com/o/mahasuvi%2Faudio%2FIBOSAeDhUXimLBoelvfE_1653130646779.wav?alt=media,IBOSAeDhUXimLBoelvfE_act_of_jerking_violently.wav,Aniket Chauhan,"Theog, Shimla, Himachal Pradesh, India",21-30,,act of jerking violently,हिंसक रूप से झटकाने का कार्य,Physical Actions,,v,verb,,,,,,,
ICgPcTB9TKV88MN5y60O,पिपड़ी,,,,,,,,https://firebasestorage.googleapis.com/v0/b/talking-dictionaries-alpha.appspot.com/o/mahasuvi%2Faudio%2FICgPcTB9TKV88MN5y60O_1653296783307.wav?alt=media,ICgPcTB9TKV88MN5y60O_Chilli.wav,Aniket Chauhan,"Theog, Shimla, Himachal Pradesh, India",21-30,,Chilli,मिर्च,"Food, cooking and foodways","Plants, trees and other vegetation",n,noun,,,,,,,
IDdnTDxfOjH0mbjYGD8b,बेश,,,,,,,,https://firebasestorage.googleapis.com/v0/b/talking-dictionaries-alpha.appspot.com/o/mahasuvi%2Faudio%2FIDdnTDxfOjH0mbjYGD8b_1653309292782.wav?alt=media,IDdnTDxfOjH0mbjYGD8b_Sit.wav,Aniket Chauhan,"Theog, Shimla, Himachal Pradesh, India",21-30,,Sit,बेठ,Physical Actions,Posture,v,verb,,,,,,,
IL6GLPxIPSm6ysnk6K9R,डीग,,,,Bushahri,,,,https://firebasestorage.googleapis.com/v0/b/talking-dictionaries-alpha.appspot.com/o/mahasuvi%2Faudio%2FIL6GLPxIPSm6ysnk6K9R_1653131325971.wav?alt=media,IL6GLPxIPSm6ysnk6K9R_Stick.wav,Aniket Chauhan,"Theog, Shimla, Himachal Pradesh, India",21-30,,Stick,छड़ी,Universe and the natural world,Tools and weapons,n,noun,,,,,,,
IM6Rjx2VXl7KdLHpCFVs,आज़को,ɑːzkoː,,,Shimla Saraji,,,,https://firebasestorage.googleapis.com/v0/b/talking-dictionaries-alpha.appspot.com/o/mahasuvi%2Faudio%2FIM6Rjx2VXl7KdLHpCFVs_1653120635901.wav?alt=media,IM6Rjx2VXl7KdLHpCFVs_todays.wav,Aniket Chauhan,"Theog, Shimla, Himachal Pradesh, India",21-30,,today's,आज का,Time,,adj,adjective,आज़को देस ई बुरो ओ।,Today's day is bad.,आजका दिन ही बुरा है।,,,,
IMxUMA5JbFKNco64KSs8,खिंड,,,,Shimla Saraji,,,,,,,,,,scatter,बिखराव,Physical Actions,,v,verb,मोला सारो खारो खिंड गो तौएँ,"Man, you have scattered all the salt",,,,,
IOo0LeXjIc14joOJgRl1,डेर,,,,Shadochi,,,,https://firebasestorage.googleapis.com/v0/b/talking-dictionaries-alpha.appspot.com/o/mahasuvi%2Faudio%2FIOo0LeXjIc14joOJgRl1_1653131353521.wav?alt=media,IOo0LeXjIc14joOJgRl1_Lump.wav,Aniket Chauhan,"Theog, Shimla, Himachal Pradesh, India",21-30,,Lump,ढ़ेला,,,n,noun,,,,,,,
IUAWaXcGAyWjRrCpclPx,आफ़िये,ɑːfʰiːjeː,,,Shimla Saraji,,,,https://firebasestorage.googleapis.com/v0/b/talking-dictionaries-alpha.appspot.com/o/mahasuvi%2Faudio%2FIUAWaXcGAyWjRrCpclPx_1653120777859.wav?alt=media,IUAWaXcGAyWjRrCpclPx_myself.wav,Aniket Chauhan,"Theog, Shimla, Himachal Pradesh, India",21-30,,myself,खुद से,Pro-forms,,pro,pronoun,आफ़िये  कोरू आं आपणो काम।,I do my work on my own.,अपने आप करता हूं मैं अपने काम।,,,,
IUqILn9KkaCmd3JMkGVF,ठुंगे,,,,Shimla Saraji,,,,https://firebasestorage.googleapis.com/v0/b/talking-dictionaries-alpha.appspot.com/o/mahasuvi%2Faudio%2FIUqILn9KkaCmd3JMkGVF_1653131035231.wav?alt=media,IUqILn9KkaCmd3JMkGVF_Poke.wav,Aniket Chauhan,"Theog, Shimla, Himachal Pradesh, India",21-30,,Poke,हल्का धक्का,Physical Actions,,v,verb,,,,,,,
IUyD6dymyZjiCGJhLPoX,थाला,,,,,,,,https://firebasestorage.googleapis.com/v0/b/talking-dictionaries-alpha.appspot.com/o/mahasuvi%2Faudio%2FIUyD6dymyZjiCGJhLPoX_1653131808206.wav?alt=media,IUyD6dymyZjiCGJhLPoX_Bottom.wav,Aniket Chauhan,"Theog, Shimla, Himachal Pradesh, India",21-30,,Bottom,निचला हिस्सा,Location and Directions,,prep,preposition,,,,,,,
IWzs9QhlZZVkZBt5KXWm,भुल्का,,,,"Shimla Saraji, Bishshau, Barari",,,,,,,,,,green leafy vegetable,हरी पत्तेदार सब्जी,"Plants, trees and other vegetation","Food, cooking and foodways",,,भुल्का चाण पाओ तुएँ?,Did you make the vegetable?,,,,,
IaSNvgA3zEowtSRlTYJR,चोगरुआ,,,,"Bushahri, Shimla Saraji",,,,https://firebasestorage.googleapis.com/v0/b/talking-dictionaries-alpha.appspot.com/o/mahasuvi%2Faudio%2FIaSNvgA3zEowtSRlTYJR_1653124943378.wav?alt=media,IaSNvgA3zEowtSRlTYJR_To_be_aware_of_something.wav,Aniket Chauhan,"Theog, Shimla, Himachal Pradesh, India",21-30,,To be aware of something,किसी चीज से अवगत होना,Mental actions,,n,noun,,,,,,,
IfZjN8nG4KtGLyB39thI,रूड,,,,Chuhara,,,,,,,,,,Sunlight,सूरज की रोशनी,Universe and the natural world,"Sky, weather and climate",,,,,,,,,
Im2ThWoXtWXae2KM7OVU,कांडा,,,,Shimla Saraji,,,,https://firebasestorage.googleapis.com/v0/b/talking-dictionaries-alpha.appspot.com/o/mahasuvi%2Faudio%2FIm2ThWoXtWXae2KM7OVU_1653121631296.wav?alt=media,Im2ThWoXtWXae2KM7OVU_Peak.wav,Aniket Chauhan,"Theog, Shimla, Himachal Pradesh, India",21-30,,Peak,चोटी,Universe and the natural world,"Earth, geology and landscape",n,noun,काली रे कांडे गाई हाला नी पाई।,You don't make noise on Kali's peak.,,,,,
IniJoSPVCyXRARwnbhjc,बरिश,,,,Barari,,,,,,,,,,Year,वर्ष,Time,,,,,,,,,,
IoyRKJCM6KEROTaGl2c2,धाओ,,,,,,,,https://firebasestorage.googleapis.com/v0/b/talking-dictionaries-alpha.appspot.com/o/mahasuvi%2Faudio%2FIoyRKJCM6KEROTaGl2c2_1653295958015.wav?alt=media,IoyRKJCM6KEROTaGl2c2_Yelling_to_call_out_someone.wav,Aniket Chauhan,"Theog, Shimla, Himachal Pradesh, India",21-30,,Yelling to call out someone,किसी को बुलाने के लिए चिल्लाना,Language and Communication,,v,verb,,,,,,,
IqL0JjnG4fkxGts8nw1O,हाड़ो,,,,Shimla Saraji,,,,https://firebasestorage.googleapis.com/v0/b/talking-dictionaries-alpha.appspot.com/o/mahasuvi%2Faudio%2FIqL0JjnG4fkxGts8nw1O_1653312868032.wav?alt=media,IqL0JjnG4fkxGts8nw1O_Bone.wav,Aniket Chauhan,"Theog, Shimla, Himachal Pradesh, India",21-30,,Bone,हड्डी,Body parts,,n,noun,काम कोर कोरियो हाड़ो चुट गोए।,My bones have broken after working so much.,,,,,
ItWVNrlv5ryk8QjMdYNd,रु,,,,Bishshau,,,,https://firebasestorage.googleapis.com/v0/b/talking-dictionaries-alpha.appspot.com/o/mahasuvi%2Faudio%2FItWVNrlv5ryk8QjMdYNd_1653311603844.wav?alt=media,ItWVNrlv5ryk8QjMdYNd_Cry.wav,Aniket Chauhan,"Theog, Shimla, Himachal Pradesh, India",21-30,,Cry,रो,Physical Actions,Emotions,v,verb,,,,Body functions,,,
J0R4tGsiJ9lz7Wi0ZYHK,लोशटा,,,,,,,,https://firebasestorage.googleapis.com/v0/b/talking-dictionaries-alpha.appspot.com/o/audio%2Fmahasuvi%2FJ0R4tGsiJ9lz7Wi0ZYHK_1624191123730.wav?alt=media,J0R4tGsiJ9lz7Wi0ZYHK_Clever_manipulative.wav,Aniket Chauhan,"Theog, Shimla, Himachal Pradesh, India",21-30,,"Clever, manipulative.",चालाक,States and Characteristics,,adj,adjective,,,,,,,
J5gMWOUFksY8c6lmztMj,बोशो,,,,Shimla Saraji,,,,,,,,,,Years,वर्षों,Time,,,,,,,,,,
JDFoO388UKDdKSubmngB,झुड़ी,,,,Kumharsain,,,,https://firebasestorage.googleapis.com/v0/b/talking-dictionaries-alpha.appspot.com/o/mahasuvi%2Faudio%2FJDFoO388UKDdKSubmngB_1653130693362.wav?alt=media,JDFoO388UKDdKSubmngB_Wrinkle.wav,Aniket Chauhan,"Theog, Shimla, Himachal Pradesh, India",21-30,,Wrinkle,शिकन,Body parts,,n,noun,,,,,,,
JKzgGF5d6zVXMQ85cZaR,दोती,,,,Shimla Saraji,,,,https://firebasestorage.googleapis.com/v0/b/talking-dictionaries-alpha.appspot.com/o/mahasuvi%2Faudio%2FJKzgGF5d6zVXMQ85cZaR_1653295925639.wav?alt=media,JKzgGF5d6zVXMQ85cZaR_Morning.wav,Aniket Chauhan,"Theog, Shimla, Himachal Pradesh, India",21-30,,Morning,सुबह,Time,,n,noun,,,,,,,
JMO4hnCSpudzRzZ9GWAG,घुंडू,,,,Bishshau,,,,https://firebasestorage.googleapis.com/v0/b/talking-dictionaries-alpha.appspot.com/o/mahasuvi%2Faudio%2FJMO4hnCSpudzRzZ9GWAG_1653124541377.wav?alt=media,JMO4hnCSpudzRzZ9GWAG_Knee.wav,Aniket Chauhan,"Theog, Shimla, Himachal Pradesh, India",21-30,,Knee,घुटना,Body parts,,n,noun,,,,,,,
JPTWJz0HB33hciRfTZTd,पियूंला,,,,Shimla Saraji,,,,https://firebasestorage.googleapis.com/v0/b/talking-dictionaries-alpha.appspot.com/o/mahasuvi%2Faudio%2FJPTWJz0HB33hciRfTZTd_1653296800245.wav?alt=media,JPTWJz0HB33hciRfTZTd_Yellow.wav,Aniket Chauhan,"Theog, Shimla, Himachal Pradesh, India",21-30,,Yellow,पिला,Colors,,adj,adjective,पियूंला ढ़ाटू बामियो आजे पोरशी।,Come wearing a yellow headscarf day after tomorrow.,,,,,
JWPIrdoFCRlcIYMzClsB,आग,ɑːg,,,Shimla Saraji,,,,https://firebasestorage.googleapis.com/v0/b/talking-dictionaries-alpha.appspot.com/o/mahasuvi%2Faudio%2FJWPIrdoFCRlcIYMzClsB_1653120494745.wav?alt=media,JWPIrdoFCRlcIYMzClsB_fire.wav,Aniket Chauhan,"Theog, Shimla, Himachal Pradesh, India",21-30,,fire,आग,Universe and the natural world,,n,noun,तोल आग लागी दो।,A fire is below.,नीचे आग लगी हुई है।,,,,
JcBFsgpAkiLGUdwz2sSM,गाओ,,,,Shimla Saraji,,,,https://firebasestorage.googleapis.com/v0/b/talking-dictionaries-alpha.appspot.com/o/mahasuvi%2Faudio%2FJcBFsgpAkiLGUdwz2sSM_1653123440594.wav?alt=media,JcBFsgpAkiLGUdwz2sSM_cow.wav,Aniket Chauhan,"Theog, Shimla, Himachal Pradesh, India",21-30,,cow,गाय,Animals,,n,noun,मुखे दुई गाओ आणे।,Bring two cows for me.,,,,,
JhVeC9XtR9e4sGd42TyP,सूणा,,,,"Shimla Saraji, Bishshau",,,,,,,,,,Pregnancy,गर्भावस्था,Life stages and rites of passage,,n,noun,रामु री छेवड़ी सुई दो ओ?,Is Ramu's wife pregnant?,क्या रामू की पत्नी गर्भवती है?,,,,
JhygGKljhN0e5IDdCYct,कोडूओ,,,,,,,,https://firebasestorage.googleapis.com/v0/b/talking-dictionaries-alpha.appspot.com/o/mahasuvi%2Faudio%2FJhygGKljhN0e5IDdCYct_1653122434255.wav?alt=media,JhygGKljhN0e5IDdCYct_Bitter_in_taste.wav,Aniket Chauhan,"Theog, Shimla, Himachal Pradesh, India",21-30,,Bitter (in taste),कडवा,Senses and perception,,adj,adjective,,,,,,,
JkB2q5SW97AnV1Yw6z9w,खसरीण,,,,Shimla Saraji,,,,,,,,,,Smell of fart,गोज़ की गंध,Senses and perception,,n,noun,खसरीण कुणे मारी?,Who let a fart?,किसने एक गोज़ किया?,,,,
JmdUx75aHcC3u1dbYXbX,रोंगै,,,,Barari,,,,,,,,,,Of course,बेशक,,,adv,adverb,रोंगै चांण डॉलकी,Of course make meat.,बेशक मांस बनाओ।,,,,
JnWA2zt0ZeEnj2RyRGeY,झिकणा,,,,Shimla Saraji,,,,https://firebasestorage.googleapis.com/v0/b/talking-dictionaries-alpha.appspot.com/o/mahasuvi%2Faudio%2FJnWA2zt0ZeEnj2RyRGeY_1653130583783.wav?alt=media,JnWA2zt0ZeEnj2RyRGeY_to_disfigure.wav,Aniket Chauhan,"Theog, Shimla, Himachal Pradesh, India",21-30,,to disfigure,विकृत करना,Physical Actions,Physical Impact,v,verb,,,,,,,
JpCdWfqt3DUIJQEKBLVD,बाई,,,,,,,,https://firebasestorage.googleapis.com/v0/b/talking-dictionaries-alpha.appspot.com/o/mahasuvi%2Faudio%2FJpCdWfqt3DUIJQEKBLVD_1653297325453.wav?alt=media,JpCdWfqt3DUIJQEKBLVD_Arms.wav,Aniket Chauhan,"Theog, Shimla, Himachal Pradesh, India",21-30,,Arms,बाहं,Body parts,,n,noun,,,,,,,
JuFGgRkSEFcuuaq9Dbrp,सिंहणी,,,,"Shimla Saraji, Shadochi",,,,https://firebasestorage.googleapis.com/v0/b/talking-dictionaries-alpha.appspot.com/o/mahasuvi%2Faudio%2FJuFGgRkSEFcuuaq9Dbrp_1653312452799.wav?alt=media,JuFGgRkSEFcuuaq9Dbrp_Lioness.wav,Aniket Chauhan,"Theog, Shimla, Himachal Pradesh, India",21-30,,Lioness,शेरनी,Animals,,n,noun,,,,,,,
K06zrADB4UPJdzMPbRB1,टूश,,,,,,,,https://firebasestorage.googleapis.com/v0/b/talking-dictionaries-alpha.appspot.com/o/mahasuvi%2Faudio%2FK06zrADB4UPJdzMPbRB1_1653130943588.wav?alt=media,K06zrADB4UPJdzMPbRB1_Wipe.wav,Aniket Chauhan,"Theog, Shimla, Himachal Pradesh, India",21-30,,Wipe,पोछ,Physical Actions,Cleanliness and hygiene,v,verb,,,,,,,
K0ffsARi2tT0Rr74Xulc,टिप,,,,Rohruri ,,,,https://firebasestorage.googleapis.com/v0/b/talking-dictionaries-alpha.appspot.com/o/mahasuvi%2Faudio%2FK0ffsARi2tT0Rr74Xulc_1653130807851.wav?alt=media,K0ffsARi2tT0Rr74Xulc_Pick_up.wav,Aniket Chauhan,"Theog, Shimla, Himachal Pradesh, India",21-30,,Pick up,उठाना,Physical Actions,,v,verb,,,,,,,
K46BnxDEay42UCr5vqIx,शरेणा,,,,,,,,https://firebasestorage.googleapis.com/v0/b/talking-dictionaries-alpha.appspot.com/o/mahasuvi%2Faudio%2FK46BnxDEay42UCr5vqIx_1653312021538.wav?alt=media,K46BnxDEay42UCr5vqIx_Pillow.wav,Aniket Chauhan,"Theog, Shimla, Himachal Pradesh, India",21-30,,Pillow,तकिया,Household,Sleep,n,noun,,,,,,,
KB1ER6oNJbWmMDuRieUt,कोन्हीया,,,,Bishshau,,,,https://firebasestorage.googleapis.com/v0/b/talking-dictionaries-alpha.appspot.com/o/mahasuvi%2Faudio%2FKB1ER6oNJbWmMDuRieUt_1653122518720.wav?alt=media,KB1ER6oNJbWmMDuRieUt_Lord_Krishna.wav,Aniket Chauhan,"Theog, Shimla, Himachal Pradesh, India",21-30,,Lord Krishna,भगवान कृष्ण,Sacred names,Spirituality and Religion,n,noun,,,,,,,
KKyPTK1jnSlze0sZI7oF,सिक,,,,,,,,https://firebasestorage.googleapis.com/v0/b/talking-dictionaries-alpha.appspot.com/o/mahasuvi%2Faudio%2FKKyPTK1jnSlze0sZI7oF_1653312459167.wav?alt=media,KKyPTK1jnSlze0sZI7oF_Crawl.wav,Aniket Chauhan,"Theog, Shimla, Himachal Pradesh, India",21-30,,Crawl,घुटनों के बल चलना,Physical Actions,Motion,v,verb,,,,,,,
KL4Uc7xl0w5OmK0byKsF,आंजो,,,,"Shimla Saraji, Bishshau",,,,,,,,,,intestines,आंत,Body parts,,n,noun,,,,,,,
KSZfHFKGVcNO7rITviEL,ऐब,,,,Shimla Saraji,,,,https://firebasestorage.googleapis.com/v0/b/talking-dictionaries-alpha.appspot.com/o/mahasuvi%2Faudio%2FKSZfHFKGVcNO7rITviEL_1653121324876.wav?alt=media,KSZfHFKGVcNO7rITviEL_vice.wav,Aniket Chauhan,"Theog, Shimla, Himachal Pradesh, India",21-30,,vice,दोष,Social activities and interactions,,n,noun,मुं भांग शोटने रा ऐब ओ।,I have a vice of smoking weed.,,,,,
KSqzB9ZaC2Gh4IFDUVqB,दडक,,,,Sharachali,,,,https://firebasestorage.googleapis.com/v0/b/talking-dictionaries-alpha.appspot.com/o/mahasuvi%2Faudio%2FKSqzB9ZaC2Gh4IFDUVqB_1653131840275.wav?alt=media,KSqzB9ZaC2Gh4IFDUVqB_Attic.wav,Aniket Chauhan,"Theog, Shimla, Himachal Pradesh, India",21-30,,Attic,अटारी,Construction,Household,n,noun,,,,,,,
KUOQ3t13i50HFoLZ6QM6,राज़ो,,,,Shimla Saraji,,,,,,,,,,Happened,हुआ,,,v,verb,मोड़ो दी छोईले मा केरी राज़ी?,What happened at Chaila turn?,छैला मोड़ पर क्या हुआ?,,,,
KVWDTF7SreNf3FEx9JlE,डॉणकी,,,,Rohruri ,,,,,,,,,,Meat,मांस,"Food, cooking and foodways",,n,noun,"खुब मार बा ईऊ डॉणकी, कामा जाड़दे लगा तात्ती","Eat a lot of meat, you skinny guy","बहुत सारा मांस खाओ, दुबले-पतले आदमी",,,,
KZJQTPbkzTWHbmuWBcOw,फॉम्बा,,,,Shimla Saraji (Theog),,,,https://firebasestorage.googleapis.com/v0/b/talking-dictionaries-alpha.appspot.com/o/mahasuvi%2Faudio%2FKZJQTPbkzTWHbmuWBcOw_1653297217335.wav?alt=media,KZJQTPbkzTWHbmuWBcOw_Scratching_skin_due_to_itching.wav,Aniket Chauhan,"Theog, Shimla, Himachal Pradesh, India",21-30,,Scratching skin due to itching,खुजली के कारण त्वचा में खुजलाहट होना,Physical Actions,"Health, well-being and sickness",v,verb,,,,,,,
Kbx540TZoSvzDltUJIcS,आफि,ɑːfʰiː,,,Shimla Saraji,,,,https://firebasestorage.googleapis.com/v0/b/talking-dictionaries-alpha.appspot.com/o/mahasuvi%2Faudio%2FKbx540TZoSvzDltUJIcS_1653120765025.wav?alt=media,Kbx540TZoSvzDltUJIcS_myself.wav,Aniket Chauhan,"Theog, Shimla, Himachal Pradesh, India",21-30,,myself,खुद,Pro-forms,,pro,pronoun,आफ़ी कोरा कोरे आपणे काम।,Do your work on your own.,अपने काम खुद किया करो।,,,,
KczNOOIIb9hpUqi9Y1yH,काउनी,kəuɳiː,,,,,,,https://firebasestorage.googleapis.com/v0/b/talking-dictionaries-alpha.appspot.com/o/audio%2Fmahasuvi%2FKczNOOIIb9hpUqi9Y1yH_1624191502388.wav?alt=media,KczNOOIIb9hpUqi9Y1yH_Foxtail_millet.wav,Aniket Chauhan,"Theog, Shimla, Himachal Pradesh, India",21-30,,Foxtail millet,कंगनी,"Plants, trees and other vegetation",Agriculture,n,noun,,,,,,,
KgkiBaT5XagLAU4ZnDDX,छुआण,,,,Shimla Saraji,,,,,,,,,,fallen dry pine needles,चीड़ की गिरी हुई और सूखी हुई सुइयाँ,"Plants, trees and other vegetation",,,,,,,,,,
Kjr9W057kWuAT2mXRiCR,बीजो,,,,,,,,https://firebasestorage.googleapis.com/v0/b/talking-dictionaries-alpha.appspot.com/o/mahasuvi%2Faudio%2FKjr9W057kWuAT2mXRiCR_1653309114492.wav?alt=media,Kjr9W057kWuAT2mXRiCR_Dry_weather.wav,Aniket Chauhan,"Theog, Shimla, Himachal Pradesh, India",21-30,,Dry weather,शुष्क मौसम,"Sky, weather and climate",,,,,,,,,,
Ko69Vbslb0wFfcJiJOwS,चिष,,,,Shimla Saraji,,,,https://firebasestorage.googleapis.com/v0/b/talking-dictionaries-alpha.appspot.com/o/mahasuvi%2Faudio%2FKo69Vbslb0wFfcJiJOwS_1653124838548.wav?alt=media,Ko69Vbslb0wFfcJiJOwS_thirst.wav,Aniket Chauhan,"Theog, Shimla, Himachal Pradesh, India",21-30,,thirst,"पानी, प्यास","Food, cooking and foodways",Senses and perception,n,noun,मुं बेगी चिष लाग लागी।,I'm very thirsty.,,,,,
Kr21PlY2ryj7WJP6E0Qy,जाॅश,,,,,,,,,,,,,,Talent/Skill,प्रतिभा/कौशल,,,n,noun,मेरे हाथो दो मीठडो खाणो चाणणे रो जॉश ओ।,I have a talent of making delicious food.,मेरे पास स्वादिष्ट खाना बनाने का हुनर ​​है।,,,,
KsD2njPx4PfBE3cKS4gG,फ़शाव,,,,Shimla Saraji,,,,https://firebasestorage.googleapis.com/v0/b/talking-dictionaries-alpha.appspot.com/o/mahasuvi%2Faudio%2FKsD2njPx4PfBE3cKS4gG_1653297097019.wav?alt=media,KsD2njPx4PfBE3cKS4gG_Trouble.wav,Aniket Chauhan,"Theog, Shimla, Himachal Pradesh, India",21-30,,Trouble,मुसीबत,,,n,noun,,,,,,,
KsLCDPxK9GbTx7Ncbfm5,झूटणों,,,,Rohruri ,,,,,,,,,,Swelling,सूजन,"Health, well-being and sickness",,adj,adjective,भाँगा बी झूटणें?,Do you want to smoke weed?,क्या आप भांग धूम्रपान करना चाहते हैं?,,,,
Kw1X8tltUSgLFoxA5SeT,रेका,,,,"Shimla Saraji, Bishshau",,,,https://firebasestorage.googleapis.com/v0/b/talking-dictionaries-alpha.appspot.com/o/mahasuvi%2Faudio%2FKw1X8tltUSgLFoxA5SeT_1653311654517.wav?alt=media,Kw1X8tltUSgLFoxA5SeT_Another.wav,Aniket Chauhan,"Theog, Shimla, Himachal Pradesh, India",21-30,,Another,दूसरा,Quantifiers,,det,determiner,,,,,,,
KyFGEJWwZ37B7EQqUYrj,कुनीयार,,,,Chuhara,,,,,,,,,,posterior portion of a farm,खेत का पिछला भाग,Agriculture,,,,,,,,,,
L125ugt02v8fY61M2jFJ,नान्दो,,,,Bishshau,,,,https://firebasestorage.googleapis.com/v0/b/talking-dictionaries-alpha.appspot.com/o/mahasuvi%2Faudio%2FL125ugt02v8fY61M2jFJ_1653296294495.wav?alt=media,L125ugt02v8fY61M2jFJ_Small.wav,Aniket Chauhan,"Theog, Shimla, Himachal Pradesh, India",21-30,,Small,छोटा,Sizes and dimensions,,adj,adjective,,,,,,,
L4eTM8wxH7t0bNGkOsjJ,मांडणा,,,,"Sharachali, Rohruri ",,,,https://firebasestorage.googleapis.com/v0/b/talking-dictionaries-alpha.appspot.com/o/mahasuvi%2Faudio%2FL4eTM8wxH7t0bNGkOsjJ_1653310765295.wav?alt=media,L4eTM8wxH7t0bNGkOsjJ_To_massage.wav,Aniket Chauhan,"Theog, Shimla, Himachal Pradesh, India",21-30,,To massage,मलना,Physical Actions,,v,verb,,,,,,,
LBVGi5sOo79MDt1tIuiI,डडरांण,,,,Rohruri ,,,,,,,,,,Unpleasant smell of overcooked food,अधिक पके भोजन की अप्रिय गंध,Senses and perception,"Food, cooking and foodways",n,noun,चाऊड़ा का तिड़े डडरांण लगे दे आन्दे,Smokey smell is comming from rice,चावल से धुएँ की महक आ रही है,,,,
LDy0vT5LXXxJdSVM6lyn,हिया,,,,"Shimla Saraji, Sharachali, Bishshau",,,,https://firebasestorage.googleapis.com/v0/b/talking-dictionaries-alpha.appspot.com/o/mahasuvi%2Faudio%2FLDy0vT5LXXxJdSVM6lyn_1653312955817.wav?alt=media,LDy0vT5LXXxJdSVM6lyn_Heart.wav,Aniket Chauhan,"Theog, Shimla, Himachal Pradesh, India",21-30,,Heart,हृदय,Body parts,,n,noun,,,,,,,
LEknuwjH2i4XjDKL8P6d,काछू,kɑːcʰu,,,,,,,https://firebasestorage.googleapis.com/v0/b/talking-dictionaries-alpha.appspot.com/o/audio%2Fmahasuvi%2FLEknuwjH2i4XjDKL8P6d_1627478193254.wav?alt=media,LEknuwjH2i4XjDKL8P6d_Underarm.wav,Aniket Chauhan,"Theog, Shimla, Himachal Pradesh, India",21-30,,Underarm,बगल,Body parts,,adj,adjective,,,,,,,
LFS0ElxNtJwBP92uYXVm,दोत,,,,Shadochi,,,,https://firebasestorage.googleapis.com/v0/b/talking-dictionaries-alpha.appspot.com/o/mahasuvi%2Faudio%2FLFS0ElxNtJwBP92uYXVm_1653295899785.wav?alt=media,LFS0ElxNtJwBP92uYXVm_Morning.wav,Aniket Chauhan,"Theog, Shimla, Himachal Pradesh, India",21-30,,Morning,सुबह,Time,,n,noun,,,,,,,
LLp0MeVMTDcxOL5MZVGD,डेली,,,,Rohruri (Spail),,,,https://firebasestorage.googleapis.com/v0/b/talking-dictionaries-alpha.appspot.com/o/mahasuvi%2Faudio%2FLLp0MeVMTDcxOL5MZVGD_1653131387104.wav?alt=media,LLp0MeVMTDcxOL5MZVGD_Lump.wav,Aniket Chauhan,"Theog, Shimla, Himachal Pradesh, India",21-30,,Lump,ढ़ेला,,,n,noun,,,,,,,
LNYwIAekupYiqFHUx89K,शुना,,,,,,,,https://firebasestorage.googleapis.com/v0/b/talking-dictionaries-alpha.appspot.com/o/mahasuvi%2Faudio%2FLNYwIAekupYiqFHUx89K_1653312288072.wav?alt=media,LNYwIAekupYiqFHUx89K_Lonely.wav,Aniket Chauhan,"Theog, Shimla, Himachal Pradesh, India",21-30,,Lonely,अकेला,States and Characteristics,,adj,adjective,,,,,,,
LRjipuiONNaaYAnmPFjM,बाब,,,,"Shadochi, Rohruri ",,,,https://firebasestorage.googleapis.com/v0/b/talking-dictionaries-alpha.appspot.com/o/mahasuvi%2Faudio%2FLRjipuiONNaaYAnmPFjM_1653308350194.wav?alt=media,LRjipuiONNaaYAnmPFjM_Father.wav,Aniket Chauhan,"Theog, Shimla, Himachal Pradesh, India",21-30,,Father,पिता,Kinship and relationships,,n,noun,,,,,,,
LZ2SeVTPzpao4AfOwh35,कतडीण,,,,Shimla Saraji,,,,,,,,,,nonsensical talk,बेतुकी बात,Language and Communication,Social activities and interactions,n,noun," पोरा टोले एथो, कतडीण ना ला बेली","Go away from here, don't talk useless nonsense",,,,,
LeBY3gfnKptbWZ0ikRtE,हेड़ा,,,,Shimla Saraji,,,,https://firebasestorage.googleapis.com/v0/b/talking-dictionaries-alpha.appspot.com/o/mahasuvi%2Faudio%2FLeBY3gfnKptbWZ0ikRtE_1653313016227.wav?alt=media,LeBY3gfnKptbWZ0ikRtE_Hunt.wav,Aniket Chauhan,"Theog, Shimla, Himachal Pradesh, India",21-30,,Hunt,शिकार,Physical Actions,Hunting and Fishing,v,verb,आं डेया दो था तुम्बरू रे बोणे हेडे खेलदा।,I went to Tumbdu's forest to play hunting.,,,,,
Lhazats7ddeTBfrNfk51,बाटण,,,,Shadochi,,,,,,,,,,Brahmin woman,ब्राह्मण स्त्री,"Humans, Social Relations and Organization",Names of people and clans,n,noun,,,,,,,
LhcpD8BzJfdkc2XsujvN,क्रौंड़ी,,,,Rohruri ,,,,,,,,,,Hug,झप्पी,Physical Actions,Social activities and interactions,v,verb,ऐई बल्ला! क्रौंड़ी ता ला,Come on have a hug.,आओ गले मिलो।,,,,
LkRY1RZ0jB5UIyJ1nsXy,बांठिया,,,,Shimla Saraji,,,,https://firebasestorage.googleapis.com/v0/b/talking-dictionaries-alpha.appspot.com/o/mahasuvi%2Faudio%2FLkRY1RZ0jB5UIyJ1nsXy_1653297315560.wav?alt=media,LkRY1RZ0jB5UIyJ1nsXy_Beautiful.wav,Aniket Chauhan,"Theog, Shimla, Himachal Pradesh, India",21-30,,Beautiful,सुंदर,States and Characteristics,,adj,adjective,बेगी बांठिया ओ मेरो धीटु।,My daughter is very beautiful.,,,,,
Ll4R8tV7qVKkcemFaJzW,माली,,,,,,,,https://firebasestorage.googleapis.com/v0/b/talking-dictionaries-alpha.appspot.com/o/mahasuvi%2Faudio%2FLl4R8tV7qVKkcemFaJzW_1653311001565.wav?alt=media,Ll4R8tV7qVKkcemFaJzW_The_person_who_gets_possessed_by_the_deity.wav,Aniket Chauhan,"Theog, Shimla, Himachal Pradesh, India",21-30,,The person who gets possessed by the deity,वह व्यक्ति जो देवता के वश में हो जाता है,"Humans, Social Relations and Organization",Spirituality and Religion,n,noun,,,,,,,
LmNExJds2sjq9L0Q6YbW,भैस,,,,"Shimla Saraji, Shadochi, Rohruri (Nawar), Rohruri (Mandalgarh), Sharachali",,,,,,,,,,habit,आदत,,,n,noun,देसो सुतणे रा भैस पोड गोआ ताओं!,You have become habitual of sleeping in the day.,,,,,
LukAN56G3agviuSvhMha,लोहू,,,,"Shimla Saraji, Sharachali",,,,https://firebasestorage.googleapis.com/v0/b/talking-dictionaries-alpha.appspot.com/o/mahasuvi%2Faudio%2FLukAN56G3agviuSvhMha_1653311973868.wav?alt=media,LukAN56G3agviuSvhMha_Blood.wav,Aniket Chauhan,"Theog, Shimla, Himachal Pradesh, India",21-30,,Blood,खून,Body parts,,n,noun,,,,,,,
LvDOOQDDU9pu0U5pDZnj,चुटुक चार,,,,Rohruri ,,,,https://firebasestorage.googleapis.com/v0/b/talking-dictionaries-alpha.appspot.com/o/mahasuvi%2Faudio%2FLvDOOQDDU9pu0U5pDZnj_1653124880642.wav?alt=media,LvDOOQDDU9pu0U5pDZnj_Silently.wav,Aniket Chauhan,"Theog, Shimla, Himachal Pradesh, India",21-30,,Silently,चुपचाप,States and Characteristics,,redup,reduplication,,,,,,,
LymbEF5ECTlKIJJe3PXB,लाषना,,,,,,,,https://firebasestorage.googleapis.com/v0/b/talking-dictionaries-alpha.appspot.com/o/mahasuvi%2Faudio%2FLymbEF5ECTlKIJJe3PXB_1653311805462.wav?alt=media,LymbEF5ECTlKIJJe3PXB_Yearning.wav,Aniket Chauhan,"Theog, Shimla, Himachal Pradesh, India",21-30,,Yearning,ललक,Emotions,,n,noun,,,,,,,
Lyrn4To237cn46gMUPuQ,ऐशी,,,,,,,,https://firebasestorage.googleapis.com/v0/b/talking-dictionaries-alpha.appspot.com/o/mahasuvi%2Faudio%2FLyrn4To237cn46gMUPuQ_1653121372530.wav?alt=media,Lyrn4To237cn46gMUPuQ_like_this.wav,Aniket Chauhan,"Theog, Shimla, Himachal Pradesh, India",21-30,,like this,ऐसे,,,,,,,,,,,
Lzm6VKBJKAVUhYI3xNyy,सिलदार,,,,,,,,https://firebasestorage.googleapis.com/v0/b/talking-dictionaries-alpha.appspot.com/o/mahasuvi%2Faudio%2FLzm6VKBJKAVUhYI3xNyy_1653312477347.wav?alt=media,Lzm6VKBJKAVUhYI3xNyy_Tehsildar_tax_collector.wav,Aniket Chauhan,"Theog, Shimla, Himachal Pradesh, India",21-30,,Tehsildar (tax collector),तहसीलदार,"Humans, Social Relations and Organization",Finance and Business,n,noun,,,,Government and Law,,,
M0a01aQIaVHsiMkh7Biw,घोरची,,,,"Shimla Saraji, Barari, Chuhara",,,,,,,,,,"property, money","संपत्ति, पैसा",Finance and Business,,n,noun,डोइंस नाने सोरदी घोरची चाणी दो तांखे।,Grandfather Dains has made enough property/money for you.,,,,,
M71mlHBtiUG2iv76wdHZ,कुंगशी,,,,"Barari, Shadochi",,,,,,,,,,Stinging nettle,बिच्छू बुटी,"Plants, trees and other vegetation",,n,noun,आं पीटा आंमे कुंगशीये कोरै,My mom beat me with stinging nettle,मेरी माँ ने मुझे चुभने वाले बिछुआ से पीटा,,,,
M8xxrgIh3HiZqlqMGOCh,माची,,,,,,,,https://firebasestorage.googleapis.com/v0/b/talking-dictionaries-alpha.appspot.com/o/mahasuvi%2Faudio%2FM8xxrgIh3HiZqlqMGOCh_1653310846313.wav?alt=media,M8xxrgIh3HiZqlqMGOCh_A_married_womans_paternal_housefamily.wav,Aniket Chauhan,"Theog, Shimla, Himachal Pradesh, India",21-30,,A married woman's paternal house/family,माइका,"Humans, Social Relations and Organization",Kinship and relationships,n,noun,,,,,,,
M9zCoXIht6KUkps5347R,बोठ,,,,,,,,https://firebasestorage.googleapis.com/v0/b/talking-dictionaries-alpha.appspot.com/o/mahasuvi%2Faudio%2FM9zCoXIht6KUkps5347R_1653310008925.wav?alt=media,M9zCoXIht6KUkps5347R_Sit.wav,Aniket Chauhan,"Theog, Shimla, Himachal Pradesh, India",21-30,,Sit,बेठ,Physical Actions,Posture,v,verb,,,,,,,
MDfWGrkgOll96dvODMmA,शांगरी,,,,,,,,https://firebasestorage.googleapis.com/v0/b/talking-dictionaries-alpha.appspot.com/o/mahasuvi%2Faudio%2FMDfWGrkgOll96dvODMmA_1653312035808.wav?alt=media,MDfWGrkgOll96dvODMmA_Blue_Eyes.wav,Aniket Chauhan,"Theog, Shimla, Himachal Pradesh, India",21-30,,Blue Eyes,नीली आंखें,Body parts,,adj,adjective,,,,,,,
MM9Z4xZ1HUYIJSpWKqJN,शिखा,,,,Shadochi,,,,https://firebasestorage.googleapis.com/v0/b/talking-dictionaries-alpha.appspot.com/o/mahasuvi%2Faudio%2FMM9Z4xZ1HUYIJSpWKqJN_1653312215324.wav?alt=media,MM9Z4xZ1HUYIJSpWKqJN_The_topmost_portion_of_something.wav,Aniket Chauhan,"Theog, Shimla, Himachal Pradesh, India",21-30,,The topmost portion of something,किसी चीज का सबसे ऊपरी भाग,Location and Directions,,adj,adjective,,,,,,,
MO57b39h0TH6jsVYdYHh,पटडा,,,,Bushahri,,,,https://firebasestorage.googleapis.com/v0/b/talking-dictionaries-alpha.appspot.com/o/mahasuvi%2Faudio%2FMO57b39h0TH6jsVYdYHh_1653296652963.wav?alt=media,MO57b39h0TH6jsVYdYHh_Elevated_sitting_platform_at_the_corner_of_a_house_near_windows.wav,Aniket Chauhan,"Theog, Shimla, Himachal Pradesh, India",21-30,,Elevated sitting platform at the corner of a house near windows,खिड़कियों के पास एक घर के कोने पर ऊंचा बैठने का मंच,Household,Construction,n,noun,,,,,,,
MP5M2CEP3C69f0nbPDiK,छिटा,,,,Shimla Saraji,,,,https://firebasestorage.googleapis.com/v0/b/talking-dictionaries-alpha.appspot.com/o/mahasuvi%2Faudio%2FMP5M2CEP3C69f0nbPDiK_1653125177632.wav?alt=media,MP5M2CEP3C69f0nbPDiK_Twig_stick.wav,Aniket Chauhan,"Theog, Shimla, Himachal Pradesh, India",21-30,,"Twig, stick",छोटा लकड़ी का टुकड़ा,"Plants, trees and other vegetation",,n,noun,,,,,,,
MPKluvXyn9Kii4EkX1Mx,थाड़ा,,,,,,,,,,,,,,Grasshopper,टिड्डी,Insects and small creatures,,n,noun,तेरे गुज्जे दा थाड़ा डे गोआ!,A grasshopper went inside your pocket,एक टिड्डा आपकी जेब में चला गया,,,,
MSLMNSZjcN5JosR5sUDh,भाज,,,,"Shimla Saraji, Bishshau, Sharachali",,,,https://firebasestorage.googleapis.com/v0/b/talking-dictionaries-alpha.appspot.com/o/mahasuvi%2Faudio%2FMSLMNSZjcN5JosR5sUDh_1653310463569.wav?alt=media,MSLMNSZjcN5JosR5sUDh_Stop.wav,Aniket Chauhan,"Theog, Shimla, Himachal Pradesh, India",21-30,,Stop,विराम,Physical Actions,,v,verb,,,,,,,
MXyt8uB6HB5l4B3j6aib,भाटकी,,,,Shimla Saraji,,,,https://firebasestorage.googleapis.com/v0/b/talking-dictionaries-alpha.appspot.com/o/mahasuvi%2Faudio%2FMXyt8uB6HB5l4B3j6aib_1653310527652.wav?alt=media,MXyt8uB6HB5l4B3j6aib_Brahmin_woman.wav,Aniket Chauhan,"Theog, Shimla, Himachal Pradesh, India",21-30,,Brahmin woman,ब्राह्मण स्त्री,"Humans, Social Relations and Organization",,n,noun,,,,,,,
MZdQrvlEHyG5H6bOz3JD,शाओलो,,,,Sharachali,,,,,,,,,,Having dusky complexion,सांवला रंग होना,States and Characteristics,Colors,adj,adjective,दीपू रे छेऊडे शाओले पर बाठणे अस,Deepu's wife is dusky but beautiful,दीपू की पत्नी सांवली लेकिन खूबसूरत हैं,,,,
Mdu1xgAPP2EPYB0q6IKW,कूहल,,,,,,,,https://firebasestorage.googleapis.com/v0/b/talking-dictionaries-alpha.appspot.com/o/audio%2Fmahasuvi%2FMdu1xgAPP2EPYB0q6IKW_1624193033263.wav?alt=media,Mdu1xgAPP2EPYB0q6IKW_Canal_small_stream.wav,Aniket Chauhan,"Theog, Shimla, Himachal Pradesh, India",21-30,,"Canal, small stream",नहर,"Water, bodies of water and the water cycle",,n,noun,,,,,,,
MhqV4WjksfYqnq7VB1Df,शाश,,,,Rohruri (Spail),,,,https://firebasestorage.googleapis.com/v0/b/talking-dictionaries-alpha.appspot.com/o/mahasuvi%2Faudio%2FMhqV4WjksfYqnq7VB1Df_1653312119065.wav?alt=media,MhqV4WjksfYqnq7VB1Df_Lassi.wav,Aniket Chauhan,"Theog, Shimla, Himachal Pradesh, India",21-30,,Lassi,लस्सी,"Food, cooking and foodways",,n,noun,,,,,,,
Mn4l7JcD6v5ier3P3jrq,थाट,,,,,,,,https://firebasestorage.googleapis.com/v0/b/talking-dictionaries-alpha.appspot.com/o/mahasuvi%2Faudio%2FMn4l7JcD6v5ier3P3jrq_1653131769704.wav?alt=media,Mn4l7JcD6v5ier3P3jrq_Resolve_a_dispute.wav,Aniket Chauhan,"Theog, Shimla, Himachal Pradesh, India",21-30,,Resolve a dispute,समाधान करना,Language and Communication,,,,,,,,,,
MoKLPUTxszcBmj07DgEy,तीरी,,,,Barari,,,,,,,,,," A cabinet, mainly used for storing or displaying things.","एक कैबिनेट, मुख्य रूप से चीजों को संग्रहीत करने या प्रदर्शित करने के लिए उपयोग किया जाता है।",Construction,Household,n,noun,मोऐ छाड़ी थी तीरै दी थाली,I kept the plates in the teera.,मैंने तीरै में प्लेटें रख दीं।,,,,
MrZAMg1DPVtDsPuMXcE0,किमशे,,,,Rohruri ,,,,,,,,,,Stinging nettle,बिच्छू बुटी,"Plants, trees and other vegetation",,n,noun,"ऐई किमशी रो झोट आणं, आज़ करू ऐस जानिया खतम","ऐई किमशी रो झोट आणं, आज़ करू ऐस जानिया खतम","बिछुआ का गुच्छा लाओ, आज मैं उसे मार डालूँगा!",,,,
MrZsDsVcrIswNAvSYYYv,शोडा,,,,Shimla Saraji,,,,https://firebasestorage.googleapis.com/v0/b/talking-dictionaries-alpha.appspot.com/o/mahasuvi%2Faudio%2FMrZsDsVcrIswNAvSYYYv_1653312323633.wav?alt=media,MrZsDsVcrIswNAvSYYYv_Bad.wav,Aniket Chauhan,"Theog, Shimla, Himachal Pradesh, India",21-30,,Bad,बुरा,States and Characteristics,,adj,adjective,,,,,,,
Mu9ZvMFeLfQC9Ql4nwln,टिपौ,,,,Shadochi,,,,,,,,,,drop,बूंद,,,n,noun,,,,,,,
MwmzRXyZT6juWjaOXBys,बशटांगु,,,,Shimla Saraji (Theog),,,,https://firebasestorage.googleapis.com/v0/b/talking-dictionaries-alpha.appspot.com/o/mahasuvi%2Faudio%2FMwmzRXyZT6juWjaOXBys_1653297293395.wav?alt=media,MwmzRXyZT6juWjaOXBys_One_who_gives_out_marriage_proposal_on_behalf_of_the_groom.wav,Aniket Chauhan,"Theog, Shimla, Himachal Pradesh, India",21-30,,One who gives out marriage proposal on behalf of the groom,पुरुष की तरफ से विवाह प्रस्ताव देने वाला,"Humans, Social Relations and Organization",Social activities and interactions,n,noun,,,,Life stages and rites of passage,,,
N4GRqOZhHfY0ABsHjEaG,नेगाणे,,,,Rohruri ,,,,https://firebasestorage.googleapis.com/v0/b/talking-dictionaries-alpha.appspot.com/o/mahasuvi%2Faudio%2FN4GRqOZhHfY0ABsHjEaG_1653296531762.wav?alt=media,N4GRqOZhHfY0ABsHjEaG_Wife_of_Negi.wav,Aniket Chauhan,"Theog, Shimla, Himachal Pradesh, India",21-30,,Wife of Negi,नेगी की पत्नी,Spirituality and Religion,,n,noun,,,,,,,
NCXj3ERCDHiquROoJAdp,चोट,,,,"Shimla Saraji, Bishshau",,,,https://firebasestorage.googleapis.com/v0/b/talking-dictionaries-alpha.appspot.com/o/mahasuvi%2Faudio%2FNCXj3ERCDHiquROoJAdp_1653124964575.wav?alt=media,NCXj3ERCDHiquROoJAdp_Attack_damage.wav,Aniket Chauhan,"Theog, Shimla, Himachal Pradesh, India",21-30,,"Attack, damage","आक्रमण, क्षति",Physical Actions,Physical Impact,v,verb,,,,,,,
NEtgPHlyaF5Zg7qHORLU,माटा,,,,Shimla Saraji,,,,https://firebasestorage.googleapis.com/v0/b/talking-dictionaries-alpha.appspot.com/o/mahasuvi%2Faudio%2FNEtgPHlyaF5Zg7qHORLU_1653310863629.wav?alt=media,NEtgPHlyaF5Zg7qHORLU_Soil.wav,Aniket Chauhan,"Theog, Shimla, Himachal Pradesh, India",21-30,,Soil,मिट्टी,"Earth, geology and landscape",,n,noun,माटा आणा दो ना तूएँ? ,You have brought the soil?,,,,,
NLJU1s079zyZnhu9pwxw,पियाऊणे,,,,Rohruri ,,,,https://firebasestorage.googleapis.com/v0/b/talking-dictionaries-alpha.appspot.com/o/mahasuvi%2Faudio%2FNLJU1s079zyZnhu9pwxw_1653296793164.wav?alt=media,NLJU1s079zyZnhu9pwxw_Act_of_milking_an_animal.wav,Aniket Chauhan,"Theog, Shimla, Himachal Pradesh, India",21-30,,Act of milking an animal,किसी जानवर को दुहने की क्रिया,Physical Actions,Animal husbandry,v,verb,,,,,,,
NLgmmHErCvAXp4UC0J4h,झुंगथ,,,,,,,,https://firebasestorage.googleapis.com/v0/b/talking-dictionaries-alpha.appspot.com/o/mahasuvi%2Faudio%2FNLgmmHErCvAXp4UC0J4h_1653130613611.wav?alt=media,NLgmmHErCvAXp4UC0J4h_jerk_violently.wav,Aniket Chauhan,"Theog, Shimla, Himachal Pradesh, India",21-30,,jerk violently,हिंसक रूप से झटका,Physical Actions,,v,verb,,,,,,,
NNnq3MFC2OxAqn1lyR8F,झेटणो,,,,Shadochi,,,,https://firebasestorage.googleapis.com/v0/b/talking-dictionaries-alpha.appspot.com/o/mahasuvi%2Faudio%2FNNnq3MFC2OxAqn1lyR8F_1653130729469.wav?alt=media,NNnq3MFC2OxAqn1lyR8F_to_fight.wav,Aniket Chauhan,"Theog, Shimla, Himachal Pradesh, India",21-30,,to fight,लड़ाई करना,Physical Actions,Physical Impact,v,verb,,,,,,,
NOfTc05XR5f0jbFMnNN6,चुंग,,,,,,,,https://firebasestorage.googleapis.com/v0/b/talking-dictionaries-alpha.appspot.com/o/mahasuvi%2Faudio%2FNOfTc05XR5f0jbFMnNN6_1653124864520.wav?alt=media,NOfTc05XR5f0jbFMnNN6_Pick_up.wav,Aniket Chauhan,"Theog, Shimla, Himachal Pradesh, India",21-30,,Pick up,उठाना,Physical Actions,,v,verb,,,,,,,
NSkCMpUnqu3CR8ERIy0t,राछणो,,,,"Shimla Saraji, Bishshau",,,,,,,,,,to get lost,खो जाना,Physical Actions,Location and Directions,,,,,,,,,
NT5DwUliHjU8wGE7HQk5,शुदे,,,,Shimla Saraji,,,,,,,,,,Although,यद्यपि,"Coordinators, Subordinators, Relativizers, Quotatives",,conj,conjunction,डोबण तो मुकतो ओ शुदे चिश ओ थोड़ो।,The curry is in abundance although the water is little,,,,,
NX1NMUzHXBY4MmnO14Tg,थाग,,,,,,,,https://firebasestorage.googleapis.com/v0/b/talking-dictionaries-alpha.appspot.com/o/mahasuvi%2Faudio%2FNX1NMUzHXBY4MmnO14Tg_1653131702911.wav?alt=media,NX1NMUzHXBY4MmnO14Tg_Carry.wav,Aniket Chauhan,"Theog, Shimla, Himachal Pradesh, India",21-30,,Carry,ले जाना,Physical Actions,,v,verb,,,,,,,
NaLXppE7DZtioTWjy4a2,कौरला,,,,Rohruri ,,,,https://firebasestorage.googleapis.com/v0/b/talking-dictionaries-alpha.appspot.com/o/mahasuvi%2Faudio%2FNaLXppE7DZtioTWjy4a2_1653122698790.wav?alt=media,NaLXppE7DZtioTWjy4a2_Parrot.wav,Aniket Chauhan,"Theog, Shimla, Himachal Pradesh, India",21-30,,Parrot,तोता,Birds,,n,noun,,,,,,,
NbXcfkVoygg8HxtAviaT,बोल्द,,,,Shimla Saraji,,,,https://firebasestorage.googleapis.com/v0/b/talking-dictionaries-alpha.appspot.com/o/mahasuvi%2Faudio%2FNbXcfkVoygg8HxtAviaT_1653310085496.wav?alt=media,NbXcfkVoygg8HxtAviaT_bull.wav,Aniket Chauhan,"Theog, Shimla, Himachal Pradesh, India",21-30,,bull,बेल,Animals,,n,noun,बोल्द खेचो दे डे गोए।,Bulls have gone into the fields.,,,,,
NdP30hWrjBlYDuvWemTh,शाहू,,,,Sharachali,,,,https://firebasestorage.googleapis.com/v0/b/talking-dictionaries-alpha.appspot.com/o/mahasuvi%2Faudio%2FNdP30hWrjBlYDuvWemTh_1653312156068.wav?alt=media,NdP30hWrjBlYDuvWemTh_Mother_inlaw.wav,Aniket Chauhan,"Theog, Shimla, Himachal Pradesh, India",21-30,,Mother in-law,सास,Kinship and relationships,,n,noun,,,,,,,
NmtRvXgujrsPHsqol4uC,शेगूण,,,,Rohruri ,,,,,,,,,,Pyrus pashia,कैंथ,"Plants, trees and other vegetation","Food, cooking and foodways",n,noun,शेगणा-रा कांडा ना चोड़े,Don't break Kainth's needles,कैंथ की सुइयां मत तोड़ो,,,,
NqjslEJBCCh9TP9wa0v1,गोम्पणा,,,,"Shimla Saraji, Bishshau",,,,,,,,,,to bear pain,दर्द सहना,"Health, well-being and sickness",Mental actions,v,verb,"ऐबे औषती खाए पोरी, बेदणो केईं गोम्पणी ओ तेरे?","Eat the medicine now, why do you have to bear the pain?","अब दवा खाओ, दर्द क्यों सहना पड़ता है?",,,,
NrLeJ7z691RpXnhP20Yl,कान्ह,,,,,,,,https://firebasestorage.googleapis.com/v0/b/talking-dictionaries-alpha.appspot.com/o/audio%2Fmahasuvi%2FNrLeJ7z691RpXnhP20Yl_1627478261881.wav?alt=media,NrLeJ7z691RpXnhP20Yl_Shoulder.wav,Aniket Chauhan,"Theog, Shimla, Himachal Pradesh, India",21-30,,Shoulder,कंधा,Body parts,,n,noun,,,,,,,
NsLZ8R1XmLYqOnSdlom9,रौज़ी,,,,Shadochi,,,,,,,,,,Eating food sufficiently/such that it satiates appetite completely,पर्याप्त मात्रा में भोजन करना/ऐसा कि यह पूरी तरह से भूख को तृप्त करता है,"Food, cooking and foodways",Senses and perception,n,noun,"रौज़ी/रौज़यो खाऐ , ऐबै नी मिलणो कुछ","Eat sufficiently, you won't get anything now","खूब खाओ, अब कुछ नहीं मिलेगा",,,,
NyT5F5kkPVw2rn5zBGbg,लॉ,,,,Shimla Saraji,,,,https://firebasestorage.googleapis.com/v0/b/talking-dictionaries-alpha.appspot.com/o/mahasuvi%2Faudio%2FNyT5F5kkPVw2rn5zBGbg_1653311949849.wav?alt=media,NyT5F5kkPVw2rn5zBGbg_Buy.wav,Aniket Chauhan,"Theog, Shimla, Himachal Pradesh, India",21-30,,Buy,खरीद,Physical Actions,Finance and Business,v,verb,,,,,,,
O0dKG8btLzaDtbcYjGbX,काँसो,,,,"Shadochi, Rohruri ",,,,https://firebasestorage.googleapis.com/v0/b/talking-dictionaries-alpha.appspot.com/o/mahasuvi%2Faudio%2FO0dKG8btLzaDtbcYjGbX_1653121591365.wav?alt=media,O0dKG8btLzaDtbcYjGbX_Bronze.wav,Aniket Chauhan,"Theog, Shimla, Himachal Pradesh, India",21-30,,Bronze,पीतल,Tools and weapons,,n,noun,,,,,,,
O3AuVhNYPEIhMfVFrqP4,चूल,,,,,,,,https://firebasestorage.googleapis.com/v0/b/talking-dictionaries-alpha.appspot.com/o/mahasuvi%2Faudio%2FO3AuVhNYPEIhMfVFrqP4_1653124899221.wav?alt=media,O3AuVhNYPEIhMfVFrqP4_Fireplace.wav,Aniket Chauhan,"Theog, Shimla, Himachal Pradesh, India",21-30,,Fireplace,चूल्हा,Household,,n,noun,,,,,,,
O8ydfr2mqFIJTRcyR67n,टेहली,,,,Shimla Saraji,,,,https://firebasestorage.googleapis.com/v0/b/talking-dictionaries-alpha.appspot.com/o/mahasuvi%2Faudio%2FO8ydfr2mqFIJTRcyR67n_1653130988832.wav?alt=media,O8ydfr2mqFIJTRcyR67n_Yelling_to_call_someone_far_away.wav,Aniket Chauhan,"Theog, Shimla, Himachal Pradesh, India",21-30,,Yelling to call someone far away,किसी दूर बैठे व्यक्ति को बुलाने के लिए चिल्लाना,Language and Communication,,v,verb,,,,,,,
OCMPIJI6VPpLraVEnMKW,आगळ,,,,Shimla Saraji (Theog),,,,,,,,,,lock,बंद,Household,Tools and weapons,,,,,,,,,
OGck3PrM33z7Cbfijoic,बुच्चै,,,,"Shimla Saraji, Bishshau",,,,https://firebasestorage.googleapis.com/v0/b/talking-dictionaries-alpha.appspot.com/o/mahasuvi%2Faudio%2FOGck3PrM33z7Cbfijoic_1653309146433.wav?alt=media,OGck3PrM33z7Cbfijoic_.wav,Aniket Chauhan,"Theog, Shimla, Himachal Pradesh, India",21-30,,,,Interjections,,int,interjection,,,,,,,
OIFs7N2UqCD8TPyutfjR,निर्वाला,,,,"Chuhara, Rohruri (Spail)",,,,,,,,,,gifts/fruits/money given to a sick person,बीमार व्यक्ति को दिए गए उपहार/फल/धन,"Health, well-being and sickness",Social activities and interactions,n,noun,,,,,,,
OLFHe2FhIi9LeUuXwTdT,निमित,,,,Rohruri ,,,,https://firebasestorage.googleapis.com/v0/b/talking-dictionaries-alpha.appspot.com/o/mahasuvi%2Faudio%2FOLFHe2FhIi9LeUuXwTdT_1653296447735.wav?alt=media,OLFHe2FhIi9LeUuXwTdT_Alcohol_offered_to_deity.wav,Aniket Chauhan,"Theog, Shimla, Himachal Pradesh, India",21-30,,Alcohol offered to deity,देवता को अर्पित की गई शराब,"Food, cooking and foodways",Spirituality and Religion,n,noun,,,,,,,
OLsHvmbDPcJCCB2THHJp,बरशोद,,,,Shimla Saraji,,,,,,,,,,The ceremony in memory of a person after one year of his death,किसी व्यक्ति की मृत्यु के एक वर्ष बाद उसकी स्मृति में समारोह,Life stages and rites of passage,,n,noun,बरशोद कोबे?,When is the death anniversary?,पुण्यतिथि कब है?,,,,
OXobnSIXxH8VUeD8VfeQ,दाबणा,,,,,,,,https://firebasestorage.googleapis.com/v0/b/talking-dictionaries-alpha.appspot.com/o/mahasuvi%2Faudio%2FOXobnSIXxH8VUeD8VfeQ_1653131877095.wav?alt=media,OXobnSIXxH8VUeD8VfeQ_To_bury.wav,Aniket Chauhan,"Theog, Shimla, Himachal Pradesh, India",21-30,,To bury,गाड़ना,Physical Actions,Life stages and rites of passage,v,verb,,,,,,,
OhSxZLIMzhBftUmfeyuB,शोरो,,,,Shadochi,,,,https://firebasestorage.googleapis.com/v0/b/talking-dictionaries-alpha.appspot.com/o/mahasuvi%2Faudio%2FOhSxZLIMzhBftUmfeyuB_1653312353916.wav?alt=media,OhSxZLIMzhBftUmfeyuB_Father_inlaw.wav,Aniket Chauhan,"Theog, Shimla, Himachal Pradesh, India",21-30,,Father in-law,ससुर,Kinship and relationships,,n,noun,,,,,,,
OkzZRTcr1TluznqbiTw6,जौंट,,,,Rohruri (Spail),,,,,,,,,,smear (usually with something dirty),पोतना (आमतौर पर कुछ गंदे के साथ),Physical Actions,Cleanliness and hygiene,v,verb,ताईयां आपणा झुढका गारी का गा जौंटे ।,You have smeared your clothes with mud,,,,,
OleG2pY2wU7qewOKdy3K,कोढ़ण,,,,Shadochi,,,,https://firebasestorage.googleapis.com/v0/b/talking-dictionaries-alpha.appspot.com/o/mahasuvi%2Faudio%2FOleG2pY2wU7qewOKdy3K_1653122441607.wav?alt=media,OleG2pY2wU7qewOKdy3K_Koli_woman.wav,Aniket Chauhan,"Theog, Shimla, Himachal Pradesh, India",21-30,,Koli woman,कोली स्त्री,"Humans, Social Relations and Organization",Names of people and clans,n,noun,,,,,,,
OmNcj7jTCcGyJ571yGlU,बेलरी,,,,Rohruri ,,,,https://firebasestorage.googleapis.com/v0/b/talking-dictionaries-alpha.appspot.com/o/mahasuvi%2Faudio%2FOmNcj7jTCcGyJ571yGlU_1653309278524.wav?alt=media,OmNcj7jTCcGyJ571yGlU_Maize_corn.wav,Aniket Chauhan,"Theog, Shimla, Himachal Pradesh, India",21-30,,Maize (corn),मक्का,"Plants, trees and other vegetation","Food, cooking and foodways",n,noun,,,,,,,
OnZGgrwB59Qayoo57zQ5,तोड़,,,,Rohruri (Mandalgarh),,,,https://firebasestorage.googleapis.com/v0/b/talking-dictionaries-alpha.appspot.com/o/mahasuvi%2Faudio%2FOnZGgrwB59Qayoo57zQ5_1653131626104.wav?alt=media,OnZGgrwB59Qayoo57zQ5_Below.wav,Aniket Chauhan,"Theog, Shimla, Himachal Pradesh, India",21-30,,Below,नीचे,Location and Directions,,prep,preposition,,,,,,,
OpzSgcawXIzSfObcJK32,भान्न,,,,Rohruri ,,,,,,,,,,Tie,बाँधना,Physical Actions,,v,verb,धागो भान्न ऐई,Tie the thread,धागा बांधें,,,,
Or81N5IwUi17WkSZxqZL,गोबशी,,,,,,,,https://firebasestorage.googleapis.com/v0/b/talking-dictionaries-alpha.appspot.com/o/mahasuvi%2Faudio%2FOr81N5IwUi17WkSZxqZL_1653124109731.wav?alt=media,Or81N5IwUi17WkSZxqZL_Pit_of_decomposing_cow_dung.wav,Aniket Chauhan,"Theog, Shimla, Himachal Pradesh, India",21-30,,Pit of decomposing cow dung,गोबर सड़ने का गड्ढा,Animal husbandry,,n,noun,,,,,,,
Orb9puIHC94c93BWtD4W,गुर,,,,,,,,https://firebasestorage.googleapis.com/v0/b/talking-dictionaries-alpha.appspot.com/o/mahasuvi%2Faudio%2FOrb9puIHC94c93BWtD4W_1653124010680.wav?alt=media,Orb9puIHC94c93BWtD4W_The_person_who_gets_possessed_by_the_deity.wav,Aniket Chauhan,"Theog, Shimla, Himachal Pradesh, India",21-30,,The person who gets possessed by the deity,वह व्यक्ति जो देवता के वश में हो जाता है,"Humans, Social Relations and Organization",Spirituality and Religion,n,noun,,,,,,,
OsXFXLaZM1LakjPGzUYO,ओला,,,,Shimla Saraji,,,,https://firebasestorage.googleapis.com/v0/b/talking-dictionaries-alpha.appspot.com/o/mahasuvi%2Faudio%2FOsXFXLaZM1LakjPGzUYO_1653121427550.wav?alt=media,OsXFXLaZM1LakjPGzUYO_.wav,Aniket Chauhan,"Theog, Shimla, Himachal Pradesh, India",21-30,,,,Interjections,,int,interjection,ओला ओरा आजे।,Hey come here.,अरे इधर आओ।,,,,
Ot2WMkCR2O3TvmtxkxdK,मौसै,,,,"Shadochi, Kumharsain",,,,,,,,,,with difficultly or great effort,बड़ी मुश्किल से या बड़ी मेहनत से,States and Characteristics,,n,noun,तोढ़ा मौसै आऔ ऊबी,I came up with a great effort from below.,,,,,
Ot3rvD8LK5xaenyQNTZa,गूंज,,,,"Shimla Saraji, Bushahri, Bishshau",,,,https://firebasestorage.googleapis.com/v0/b/talking-dictionaries-alpha.appspot.com/o/mahasuvi%2Faudio%2FOt3rvD8LK5xaenyQNTZa_1653124040234.wav?alt=media,Ot3rvD8LK5xaenyQNTZa_Moustache.wav,Aniket Chauhan,"Theog, Shimla, Himachal Pradesh, India",21-30,,Moustache,मुछ,Body parts,,n,noun,,,,,,,
OxsCWCkbw7Wmd6FxCm0j,ठेई,,,,Shimla Saraji,,,,,,,,,,with difficultly or great effort,बड़ी मुश्किल से या बड़ी मेहनत से,States and Characteristics,,n,noun,तोलो ठेई आजा ऊबा।,I came up with a great effort from below.,,,,,
OyG1yEnCjw3jIqeznFWE,एखो,,,,,,,,https://firebasestorage.googleapis.com/v0/b/talking-dictionaries-alpha.appspot.com/o/mahasuvi%2Faudio%2FOyG1yEnCjw3jIqeznFWE_1653121122725.wav?alt=media,OyG1yEnCjw3jIqeznFWE_some.wav,Aniket Chauhan,"Theog, Shimla, Himachal Pradesh, India",21-30,,some,थोड़ा,Quantifiers,,pro,pronoun,,,,,,,
P5NaVV7XsYSxcYiT5rZT,पीड़ी,,,,Rohruri ,,,,https://firebasestorage.googleapis.com/v0/b/talking-dictionaries-alpha.appspot.com/o/mahasuvi%2Faudio%2FP5NaVV7XsYSxcYiT5rZT_1653296824946.wav?alt=media,P5NaVV7XsYSxcYiT5rZT_Elevated_sitting_platform_at_the_corner_of_a_house_near_windows.wav,Aniket Chauhan,"Theog, Shimla, Himachal Pradesh, India",21-30,,Elevated sitting platform at the corner of a house near windows,खिड़कियों के पास एक घर के कोने पर ऊंचा बैठने का मंच,Household,Construction,n,noun,,,,,,,
PCRYifeqtrR0oiFNvmFK,फ़ेनी,,,,Shimla Saraji,,,,https://firebasestorage.googleapis.com/v0/b/talking-dictionaries-alpha.appspot.com/o/mahasuvi%2Faudio%2FPCRYifeqtrR0oiFNvmFK_1653297118852.wav?alt=media,PCRYifeqtrR0oiFNvmFK_heel.wav,Aniket Chauhan,"Theog, Shimla, Himachal Pradesh, India",21-30,,heel,एड़ी,Body parts,,n,noun,तेरी फ़ेनी दो लोहू टोल लागो।,Blood is coming out of your heel.,,,,,
PFSEf1VbynyKwyuDAXCz,फशाश,,,,Shimla Saraji,,,,,,,,,,pacify,शांत करना,Language and Communication,Emotions,v,verb,एस धीटु ओरे आण फशाशीयो,Bring this girl here by pacifying,,,,,
PNeXhp3sa5EK2FT6xcCP,गारा,,,,Shimla Saraji,,,,https://firebasestorage.googleapis.com/v0/b/talking-dictionaries-alpha.appspot.com/o/mahasuvi%2Faudio%2FPNeXhp3sa5EK2FT6xcCP_1653123506513.wav?alt=media,PNeXhp3sa5EK2FT6xcCP_Mud.wav,Aniket Chauhan,"Theog, Shimla, Himachal Pradesh, India",21-30,,Mud,कीचड़,Universe and the natural world,"Earth, geology and landscape",n,noun,बाटो तो गारा पाओ दो मोहिंशे।,Buffalo's have left dung on the path.,,,,,
PQwMSECaFJcsldZVWp1A,चैओ,,,,"Shimla Saraji, Bishshau",,,,,,,,,,moisture/dew,नमी / ओस,"Water, bodies of water and the water cycle",,n,noun,चैओए मेरे बुटो भिज गोए!,The dew got my shoes wet!,,,,,
PYCh3rSuJ08bgpDSsxoY,कुम्भार,,,,"Shadochi, Chuhara",,,,,,,,,,potter wasp,कुम्हार ततैया,Insects and small creatures,,,,,,,,,,
PasfPVq8ipPpOprr9u18,पड़ाज़,,,,Bushahri,,,,,,,,,,message,संदेश,Language and Communication,,n,noun,पौपुए देणे मेरे पड़ाज़?,Did Pappu give my message?,,,,,
PcWHBxN59iHAoLNUvvJj,निंगरा,,,,"Shimla Saraji, Bishshau",,,,https://firebasestorage.googleapis.com/v0/b/talking-dictionaries-alpha.appspot.com/o/mahasuvi%2Faudio%2FPcWHBxN59iHAoLNUvvJj_1653296326357.wav?alt=media,PcWHBxN59iHAoLNUvvJj_Apathetic.wav,Aniket Chauhan,"Theog, Shimla, Himachal Pradesh, India",21-30,,Apathetic,उदासीन,Emotions,States and Characteristics,adj,adjective,,,,,,,
PpC0I2E7V7Ayi9kWZ58x,फ़ाई,,,,,,,,https://firebasestorage.googleapis.com/v0/b/talking-dictionaries-alpha.appspot.com/o/mahasuvi%2Faudio%2FPpC0I2E7V7Ayi9kWZ58x_1653297104352.wav?alt=media,PpC0I2E7V7Ayi9kWZ58x_Trouble.wav,Aniket Chauhan,"Theog, Shimla, Himachal Pradesh, India",21-30,,Trouble,मुसीबत,,,n,noun,,,,,,,
PzUFHgqfIsneTw5HRw9D,गिरिज,,,,Rohruri ,,,,https://firebasestorage.googleapis.com/v0/b/talking-dictionaries-alpha.appspot.com/o/mahasuvi%2Faudio%2FPzUFHgqfIsneTw5HRw9D_1653123545296.wav?alt=media,PzUFHgqfIsneTw5HRw9D_Vulture.wav,Aniket Chauhan,"Theog, Shimla, Himachal Pradesh, India",21-30,,Vulture,गिद्ध,Birds,,n,noun,,,,,,,
Q1jHVTNkmA7esohIrwxW,धनेरा,,,,Shimla Saraji,,,,https://firebasestorage.googleapis.com/v0/b/talking-dictionaries-alpha.appspot.com/o/mahasuvi%2Faudio%2FQ1jHVTNkmA7esohIrwxW_1653295941008.wav?alt=media,Q1jHVTNkmA7esohIrwxW_Incense_holder_used_for_worshipping_a_deity.wav,Aniket Chauhan,"Theog, Shimla, Himachal Pradesh, India",21-30,,Incense holder used for worshipping a deity,देवता की पूजा के लिए धूप धारक,Spirituality and Religion,Tools and weapons,n,noun,,,,,,,
Q2ttSYuXvdlW3ASp2r8S,हौस,,,,,,,,https://firebasestorage.googleapis.com/v0/b/talking-dictionaries-alpha.appspot.com/o/mahasuvi%2Faudio%2FQ2ttSYuXvdlW3ASp2r8S_1653313051299.wav?alt=media,Q2ttSYuXvdlW3ASp2r8S_Laugh.wav,Aniket Chauhan,"Theog, Shimla, Himachal Pradesh, India",21-30,,Laugh,हस,Physical Actions,Emotions,v,verb,,,,,,,
Q5faG0FmrouWJk5VXb29,खे स्वा,,,,Shimla Saraji,,,,,,,,,,Nonsense,बकवास,Language and Communication,,,,,,,,,,
Q6B8YShRu6GKe8zuOLhy,सौल्डा,,,,Shadochi,,,,,,,,,,innocent,मासूम,States and Characteristics,,adj,adjective,श्यामू बेगी सोल्डो आ।,Shyamu is very innocent.,,,,,
Q8H8Ud21mByLnnFLN89V,धुरुच,,,,Rohruri ,,,,https://firebasestorage.googleapis.com/v0/b/talking-dictionaries-alpha.appspot.com/o/mahasuvi%2Faudio%2FQ8H8Ud21mByLnnFLN89V_1653296027422.wav?alt=media,Q8H8Ud21mByLnnFLN89V_Incense_holder_used_for_worshipping_a_deity.wav,Aniket Chauhan,"Theog, Shimla, Himachal Pradesh, India",21-30,,Incense holder used for worshipping a deity,देवता की पूजा के लिए धूप धारक,Spirituality and Religion,Tools and weapons,n,noun,,,,,,,
Q9GXg4MyLgAXHxIsDdwv,शढोड़ी,,,,Rohruri ,,,,,,,,,,Dried apples/fruits,सूखे सेब / फल,"Food, cooking and foodways","Plants, trees and other vegetation",n,noun,डाबे भितर पाए गी शढोड़ी?,Have you put the dried apples in the box?,क्या आपने सूखे सेबों को डिब्बे में रखा है?,,,,
Q9zWRwS2QYTRsTxaQgwM,चुपी,,,,,,,,https://firebasestorage.googleapis.com/v0/b/talking-dictionaries-alpha.appspot.com/o/mahasuvi%2Faudio%2FQ9zWRwS2QYTRsTxaQgwM_1653124891739.wav?alt=media,Q9zWRwS2QYTRsTxaQgwM_Silently.wav,Aniket Chauhan,"Theog, Shimla, Himachal Pradesh, India",21-30,,Silently,चुपके से,States and Characteristics,,adv,adverb,,,,,,,
QDOE1rL8mKxSk9DkhRi4,बिश्टु,,,,,,,,https://firebasestorage.googleapis.com/v0/b/talking-dictionaries-alpha.appspot.com/o/mahasuvi%2Faudio%2FQDOE1rL8mKxSk9DkhRi4_1653309049986.wav?alt=media,QDOE1rL8mKxSk9DkhRi4_One_who_gives_out_marriage_proposal_on_behalf_of_the_groom.wav,Aniket Chauhan,"Theog, Shimla, Himachal Pradesh, India",21-30,,One who gives out marriage proposal on behalf of the groom,पुरुष की तरफ से विवाह प्रस्ताव देने वाला,"Humans, Social Relations and Organization",Life stages and rites of passage,n,noun,,,,Social activities and interactions,,,
QDmLGWJsK9ZqiOKMx76q,आद्रो,,,,Shimla Saraji,,,,https://firebasestorage.googleapis.com/v0/b/talking-dictionaries-alpha.appspot.com/o/mahasuvi%2Faudio%2FQDmLGWJsK9ZqiOKMx76q_1653120673782.wav?alt=media,QDmLGWJsK9ZqiOKMx76q_Ginger.wav,Aniket Chauhan,"Theog, Shimla, Himachal Pradesh, India",21-30,,Ginger,अदरक,"Plants, trees and other vegetation",,n,noun,चा दो आद्रो पा।,Put ginger in the tea.,,,,,
QIIi03mzHgMSSG2iKUQl,मांजी,,,,,,,,https://firebasestorage.googleapis.com/v0/b/talking-dictionaries-alpha.appspot.com/o/mahasuvi%2Faudio%2FQIIi03mzHgMSSG2iKUQl_1653310749993.wav?alt=media,QIIi03mzHgMSSG2iKUQl_Between.wav,Aniket Chauhan,"Theog, Shimla, Himachal Pradesh, India",21-30,,Between,बीच में,Location and Directions,,prep,preposition,,,,,,,
QJtIYGhtpAOkqDih0pRy,खुड़,,,,,,,,https://firebasestorage.googleapis.com/v0/b/talking-dictionaries-alpha.appspot.com/o/mahasuvi%2Faudio%2FQJtIYGhtpAOkqDih0pRy_1653123050183.wav?alt=media,QJtIYGhtpAOkqDih0pRy_Cowshed.wav,Aniket Chauhan,"Theog, Shimla, Himachal Pradesh, India",21-30,,Cowshed,गोशाला,Construction,Animal husbandry,n,noun,,,,,,,
QSInqBSCeSxfKfwtsyAz,मुखे,,,,,,,,https://firebasestorage.googleapis.com/v0/b/talking-dictionaries-alpha.appspot.com/o/mahasuvi%2Faudio%2FQSInqBSCeSxfKfwtsyAz_1653311200559.wav?alt=media,QSInqBSCeSxfKfwtsyAz_For_me.wav,Aniket Chauhan,"Theog, Shimla, Himachal Pradesh, India",21-30,,For me,मेरे लिए,States and Characteristics,,,,,,,,,,
QU8SndCBEv5wMTSWxzD2,गीऐ,,,,Shadochi,,,,,,,,,,Gums,मसूड़े,Body parts,,,,,,,,,,
QUnf249oH5Xv33zpKi4s,छोता,,,,Shimla Saraji,,,,https://firebasestorage.googleapis.com/v0/b/talking-dictionaries-alpha.appspot.com/o/mahasuvi%2Faudio%2FQUnf249oH5Xv33zpKi4s_1653125278164.wav?alt=media,QUnf249oH5Xv33zpKi4s_Umbrella.wav,Aniket Chauhan,"Theog, Shimla, Himachal Pradesh, India",21-30,,Umbrella,छाता,Tools and weapons,,n,noun,छोता आणा मुएँ मेले दो गिनीयो।,I've bought this umbrella from the festival.,,,,,
Qa8ZE3vSvg06P3vbDfG0,आई,ɑːiː,,,Shimla Saraji,,,,https://firebasestorage.googleapis.com/v0/b/talking-dictionaries-alpha.appspot.com/o/mahasuvi%2Faudio%2FQa8ZE3vSvg06P3vbDfG0_1653120451226.wav?alt=media,Qa8ZE3vSvg06P3vbDfG0_mother.wav,Aniket Chauhan,"Theog, Shimla, Himachal Pradesh, India",21-30,,mother,माता,Kinship and relationships,,n,noun,मेरी आई केथी ओ?,Where is my mother?,मेरी माँ कहाँ है?,,,,
Qfhwg40hXEp946fPcbcu,छोशणा,,,,Shadochi,,,,https://firebasestorage.googleapis.com/v0/b/talking-dictionaries-alpha.appspot.com/o/mahasuvi%2Faudio%2FQfhwg40hXEp946fPcbcu_1653125294196.wav?alt=media,Qfhwg40hXEp946fPcbcu_To_massage.wav,Aniket Chauhan,"Theog, Shimla, Himachal Pradesh, India",21-30,,To massage,मलना,Physical Actions,,v,verb,,,,,,,
Qin6liL4Nb1tTYWow3Yy,परेरी,,,,"Shimla Saraji, Shadochi",,,,,,,,,,"spicy, used in feminine form","तीखा, स्त्रीलिंग रूप में",Senses and perception,States and Characteristics,adj,adjective,,,,,,,
QjuRIWN8w2mgGuSLfUJq,धींधडे,,,,"Shimla Saraji, Bishshau, Shadochi",,,,https://firebasestorage.googleapis.com/v0/b/talking-dictionaries-alpha.appspot.com/o/mahasuvi%2Faudio%2FQjuRIWN8w2mgGuSLfUJq_1653295995147.wav?alt=media,QjuRIWN8w2mgGuSLfUJq_Delicacy_made_from_Taro_leaves.wav,Aniket Chauhan,"Theog, Shimla, Himachal Pradesh, India",21-30,,Delicacy made from  Taro leaves,अरबी के पत्तों से बना व्यंजन,"Plants, trees and other vegetation","Food, cooking and foodways",n,noun,,,,,,,
QmDgpt9Xub0yOyxIz9AP,आगु,ɑːgu,,,Shimla Saraji,,,,https://firebasestorage.googleapis.com/v0/b/talking-dictionaries-alpha.appspot.com/o/mahasuvi%2Faudio%2FQmDgpt9Xub0yOyxIz9AP_1653120547383.wav?alt=media,QmDgpt9Xub0yOyxIz9AP_in_front.wav,Aniket Chauhan,"Theog, Shimla, Himachal Pradesh, India",21-30,,in front,आगे,Location and Directions,,adv,adverb,आगु हांडे।,Walk ahead.,आगे चलो।,,,,
QqDiSkPtNv6ywudZAkpC,आरटी,,,,Shimla Saraji,,,,https://firebasestorage.googleapis.com/v0/b/talking-dictionaries-alpha.appspot.com/o/mahasuvi%2Faudio%2FQqDiSkPtNv6ywudZAkpC_1653120818729.wav?alt=media,QqDiSkPtNv6ywudZAkpC_peach_tree.wav,Aniket Chauhan,"Theog, Shimla, Himachal Pradesh, India",21-30,,peach tree,आड़ू का वृक्ष,"Plants, trees and other vegetation",,n,noun,आरटी लाई ओ मुएँ एज़ी बोरशे।,I have planted peach tree this year.,आड़ू का पेड़ लगाया मैंने इस साल।,,,,
QrC3bcwszlbIEW1s6Vc6,कनौऊ,,,,"Shadochi, Rohruri (Mandalgarh)",,,,,,,,,,earwax,कान का गंधक,Body parts,,n,noun,,,,,,,
QthsJnr2Lhnvs94GbB2u,कारी,,,,Sharachali,,,,https://firebasestorage.googleapis.com/v0/b/talking-dictionaries-alpha.appspot.com/o/mahasuvi%2Faudio%2FQthsJnr2Lhnvs94GbB2u_1653121963768.wav?alt=media,QthsJnr2Lhnvs94GbB2u_The_person_who_looks_after_administrative_affairs_of_the_deity.wav,Aniket Chauhan,"Theog, Shimla, Himachal Pradesh, India",21-30,,The person who looks after administrative affairs of the deity,वह व्यक्ति जो देवता के प्रशासनिक मामलों को देखता है,"Humans, Social Relations and Organization",Work and occupations,n,noun,,,,Spirituality and Religion,,,
R3rvDlxkmA28Sqxfrir1,आँगशी,ɑːⁿgɕiː,,,Shimla Saraji,,,,https://firebasestorage.googleapis.com/v0/b/talking-dictionaries-alpha.appspot.com/o/mahasuvi%2Faudio%2FR3rvDlxkmA28Sqxfrir1_1653113514033.wav?alt=media,R3rvDlxkmA28Sqxfrir1_rake.wav,Aniket Chauhan,"Theog, Shimla, Himachal Pradesh, India",21-30,,rake,जेली,Tools and weapons,,ni,inanimate noun,आँगशी बी आणी ओ?,Brought the rake?,जेली भी लाई है?,,,,
R4Hpu9PR1h4NNgLr2xSY,निंउद्रौ,,,,Shadochi,,,,,,,,,,invitation,आमंत्रण,Language and Communication,Social activities and interactions,n,noun,मोतु लै निंउद्रौ दिनी एरौ ?,Did you give an invitation to Motu?,,,,,
R5LPeF7IC7E0qO16M0sd,थाट,,,,,,,,https://firebasestorage.googleapis.com/v0/b/talking-dictionaries-alpha.appspot.com/o/mahasuvi%2Faudio%2FR5LPeF7IC7E0qO16M0sd_1653131721004.wav?alt=media,R5LPeF7IC7E0qO16M0sd_Resolve.wav,Aniket Chauhan,"Theog, Shimla, Himachal Pradesh, India",21-30,,Resolve,समाधान,Mental actions,,v,verb,,,,,,,
R7dA761IEekMNWDZf7EN,झिश,,,,Shimla Saraji,,,,https://firebasestorage.googleapis.com/v0/b/talking-dictionaries-alpha.appspot.com/o/mahasuvi%2Faudio%2FR7dA761IEekMNWDZf7EN_1653130601704.wav?alt=media,R7dA761IEekMNWDZf7EN_Morning.wav,Aniket Chauhan,"Theog, Shimla, Himachal Pradesh, India",21-30,,Morning,सुबह,Time,,n,noun,झिशी पाणी पिणो चेईं।,One should drink water early in the morning.,,,,,
R92POFYcPMRbuQUYUJKF,भुगड़ौ,,,,Shadochi,,,,,,,,,,Coriander,धनिया,"Plants, trees and other vegetation","Food, cooking and foodways",,,,,,,,,
RHq6s1g4u4kDBOutU4Sw,घवाल,,,,Shimla Saraji,,,,,,,,,,Hug,झप्पी,Physical Actions,Social activities and interactions,v,verb,आमा आजो ली रूपी री देयो ली घवालो,Roopi's mother will come and hug.,रूपी की माँ आकर गले लगेगी।,,,,
RI1IsdDYR42Jo4pZ36wk,हाँड,ɦɑːⁿɖ,,,Shimla Saraji,,,,https://firebasestorage.googleapis.com/v0/b/talking-dictionaries-alpha.appspot.com/o/mahasuvi%2Faudio%2FRI1IsdDYR42Jo4pZ36wk_1653129463892.wav?alt=media,RI1IsdDYR42Jo4pZ36wk_walk.wav,Aniket Chauhan,"Theog, Shimla, Himachal Pradesh, India",21-30,,walk,चलो,Physical Actions,Motion,v,verb,सुले  हांड दाइये।,Walk slowly elder sister.,आराम से चलो बड़ी बहन।,,,,
RJwUfIdXbLDampCPfJmv,जोकटी,,,,,,,,https://firebasestorage.googleapis.com/v0/b/talking-dictionaries-alpha.appspot.com/o/mahasuvi%2Faudio%2FRJwUfIdXbLDampCPfJmv_1653130490565.wav?alt=media,RJwUfIdXbLDampCPfJmv_Small_wooden_slivers_used_to_start_a_fire.wav,Aniket Chauhan,"Theog, Shimla, Himachal Pradesh, India",21-30,,Small wooden slivers used to start a fire,आग लगाने के लिए लकड़ी की छोटी-छोटी कतरने,Household,"Plants, trees and other vegetation",n,noun,,,,,,,
ROG3MZmZaglAjOfKczs9,केट्टे,,,,,,,,https://firebasestorage.googleapis.com/v0/b/talking-dictionaries-alpha.appspot.com/o/mahasuvi%2Faudio%2FROG3MZmZaglAjOfKczs9_1653122225728.wav?alt=media,ROG3MZmZaglAjOfKczs9_How_many.wav,Aniket Chauhan,"Theog, Shimla, Himachal Pradesh, India",21-30,,How many,कितने,Quantifiers,,det,determiner,,,,,,,
RPdAgqER165Kfd9I6zd2,गलढ़,,,,Shadochi,,,,https://firebasestorage.googleapis.com/v0/b/talking-dictionaries-alpha.appspot.com/o/mahasuvi%2Faudio%2FRPdAgqER165Kfd9I6zd2_1653123422419.wav?alt=media,RPdAgqER165Kfd9I6zd2_Vulture.wav,Aniket Chauhan,"Theog, Shimla, Himachal Pradesh, India",21-30,,Vulture,गिद्ध,Birds,,n,noun,,,,,,,
RUsba47q9azO8nEhG34q,चुटुक,,,,"Bushahri, Rohruri ",,,,https://firebasestorage.googleapis.com/v0/b/talking-dictionaries-alpha.appspot.com/o/mahasuvi%2Faudio%2FRUsba47q9azO8nEhG34q_1653124872836.wav?alt=media,RUsba47q9azO8nEhG34q_Silently.wav,Aniket Chauhan,"Theog, Shimla, Himachal Pradesh, India",21-30,,Silently,चुपचाप,States and Characteristics,,adv,adverb,,,,,,,
RWPVWNvdDmRq4uQPp3kV,गोबराश,,,,Bishshau,,,,https://firebasestorage.googleapis.com/v0/b/talking-dictionaries-alpha.appspot.com/o/mahasuvi%2Faudio%2FRWPVWNvdDmRq4uQPp3kV_1653124102710.wav?alt=media,RWPVWNvdDmRq4uQPp3kV_Pit_of_decomposing_cow_dung.wav,Aniket Chauhan,"Theog, Shimla, Himachal Pradesh, India",21-30,,Pit of decomposing cow dung,गोबर सड़ने का गड्ढा,Animal husbandry,,n,noun,,,,,,,
RdJC4EbNneqFdWqGsgEF,चींचीं,,,,Barari,,,,,,,,,,Meat,मांस,"Food, cooking and foodways",,n,noun,मं खाओ चींचई रो डोबण,I had Stewed meat.,मेरे पास तला हुआ मांस था।,,,,
RdV9hdX8ZgQBs5lRVNAZ,तुश,,,,"Bushahri, Shadochi, Rohruri ",,,,https://firebasestorage.googleapis.com/v0/b/talking-dictionaries-alpha.appspot.com/o/mahasuvi%2Faudio%2FRdV9hdX8ZgQBs5lRVNAZ_1653131608317.wav?alt=media,RdV9hdX8ZgQBs5lRVNAZ_Rice_husk.wav,Aniket Chauhan,"Theog, Shimla, Himachal Pradesh, India",21-30,,Rice husk,चावल का छिलका,Agriculture,,n,noun,,,,,,,
RgCoZuiKhHAPnr00Ob8B,बेद,,,,Shimla Saraji,,,,https://firebasestorage.googleapis.com/v0/b/talking-dictionaries-alpha.appspot.com/o/mahasuvi%2Faudio%2FRgCoZuiKhHAPnr00Ob8B_1653309246865.wav?alt=media,RgCoZuiKhHAPnr00Ob8B_Invite.wav,Aniket Chauhan,"Theog, Shimla, Himachal Pradesh, India",21-30,,Invite,बुलाओ,Language and Communication,Social activities and interactions,n,noun,बेदयो आंण तेस छोटू।,Invite that kid.,,,,,
RgF6xMoz7wLCu4gSGDbW,किया,,,,Rohruri ,,,,https://firebasestorage.googleapis.com/v0/b/talking-dictionaries-alpha.appspot.com/o/mahasuvi%2Faudio%2FRgF6xMoz7wLCu4gSGDbW_1653122017824.wav?alt=media,RgF6xMoz7wLCu4gSGDbW_Where.wav,Aniket Chauhan,"Theog, Shimla, Himachal Pradesh, India",21-30,,Where,कहाँ,Location and Directions,,adv,adverb,,,,,,,
Riaa3ELDAC2PVaE1GR7L,डांगे,,,,"Bishshau, Shimla Saraji",,,,https://firebasestorage.googleapis.com/v0/b/talking-dictionaries-alpha.appspot.com/o/mahasuvi%2Faudio%2FRiaa3ELDAC2PVaE1GR7L_1653131135354.wav?alt=media,Riaa3ELDAC2PVaE1GR7L_Stains.wav,Aniket Chauhan,"Theog, Shimla, Himachal Pradesh, India",21-30,,Stains,दाग,Cleanliness and hygiene,,n,noun,,,,,,,
Ril9J8aqy3IHMmi1psU6,नरेण,,,,,,,,https://firebasestorage.googleapis.com/v0/b/talking-dictionaries-alpha.appspot.com/o/mahasuvi%2Faudio%2FRil9J8aqy3IHMmi1psU6_1653296217148.wav?alt=media,Ril9J8aqy3IHMmi1psU6_Lord_Narayan.wav,Aniket Chauhan,"Theog, Shimla, Himachal Pradesh, India",21-30,,Lord Narayan,नारायण,Sacred names,Spirituality and Religion,n,noun,,,,,,,
RoxqNsKv1w6Hb3CVyjup,घराडू,,,,Shimla Saraji,,,,,,,,,,Snore(s),खर्राटे,Sleep,,,,,,,,,,
Rp7gqBsLK51QvBuv2z5v,नोखो,,,,,,,,https://firebasestorage.googleapis.com/v0/b/talking-dictionaries-alpha.appspot.com/o/mahasuvi%2Faudio%2FRp7gqBsLK51QvBuv2z5v_1653296584458.wav?alt=media,Rp7gqBsLK51QvBuv2z5v_Strange.wav,Aniket Chauhan,"Theog, Shimla, Himachal Pradesh, India",21-30,,Strange,अनोखा,States and Characteristics,,adj,adjective,,,,,,,
RrbsZUSNuOEhBCMmVTeu,ऊबा,,,,,,,,https://firebasestorage.googleapis.com/v0/b/talking-dictionaries-alpha.appspot.com/o/mahasuvi%2Faudio%2FRrbsZUSNuOEhBCMmVTeu_1653121097793.wav?alt=media,RrbsZUSNuOEhBCMmVTeu_Above.wav,Aniket Chauhan,"Theog, Shimla, Himachal Pradesh, India",21-30,,Above,ऊपर,Location and Directions,,prep,preposition,,,,,,,
RyFWIVRGao7luxYCBquJ,सुणो,,,,"Sharachali, Rohruri ",,,,https://firebasestorage.googleapis.com/v0/b/talking-dictionaries-alpha.appspot.com/o/mahasuvi%2Faudio%2FRyFWIVRGao7luxYCBquJ_1653312535990.wav?alt=media,RyFWIVRGao7luxYCBquJ_Dream.wav,Aniket Chauhan,"Theog, Shimla, Himachal Pradesh, India",21-30,,Dream,सपना,Sleep,,n,noun,,,,,,,
S0btgZJN5VF4yOgcrCky,प्राशो,,,,,,,,https://firebasestorage.googleapis.com/v0/b/talking-dictionaries-alpha.appspot.com/o/mahasuvi%2Faudio%2FS0btgZJN5VF4yOgcrCky_1653297031605.wav?alt=media,S0btgZJN5VF4yOgcrCky_Bright_bright_light.wav,Aniket Chauhan,"Theog, Shimla, Himachal Pradesh, India",21-30,,"Bright, bright light","उज्ज्वल, उज्ज्वल प्रकाश",,,adj,adjective,,,,,,,
SB4WfU5EgxSNO8zLlvMo,मुच,,,,,,,,,,,,,,Pee,मूत्र,Body functions,,,,एथे कुणे मुचो?,Who peed here?,,,,,
SCHAMt7WhSwQa02ee5YK,थाथरा,,,,,,,,https://firebasestorage.googleapis.com/v0/b/talking-dictionaries-alpha.appspot.com/o/mahasuvi%2Faudio%2FSCHAMt7WhSwQa02ee5YK_1653131786322.wav?alt=media,SCHAMt7WhSwQa02ee5YK_Clumsy.wav,Aniket Chauhan,"Theog, Shimla, Himachal Pradesh, India",21-30,,Clumsy,अनाड़ी,States and Characteristics,,adj,adjective,,,,,,,
SCMRBJpxc48y5hgGeIMz,ज़ोबरी,,,,Shimla Saraji,,,,https://firebasestorage.googleapis.com/v0/b/talking-dictionaries-alpha.appspot.com/o/mahasuvi%2Faudio%2FSCMRBJpxc48y5hgGeIMz_1653125437991.wav?alt=media,SCMRBJpxc48y5hgGeIMz_Forcefully.wav,Aniket Chauhan,"Theog, Shimla, Himachal Pradesh, India",21-30,,Forcefully,ज़बरदस्ती,States and Characteristics,,adv,adverb,"ओरा आज, ना तो तां तोबे ज़ोबरीये नियूँ।","Come here, otherwise will take you forcefully.",,,,,
SGRVysjoHpn9A6qq0PjM,कुम्भारो ई कोठी,,,,Shadochi,,,,,,,,,,nest of potter's wasp,कुम्हार के ततैया का घोंसला,Universe and the natural world,Insects and small creatures,,,,,,,,,
SJt5PiBr2pLhxhZOUjRe,मंडा,,,,Rohruri ,,,,https://firebasestorage.googleapis.com/v0/b/talking-dictionaries-alpha.appspot.com/o/mahasuvi%2Faudio%2FSJt5PiBr2pLhxhZOUjRe_1653310691508.wav?alt=media,SJt5PiBr2pLhxhZOUjRe_When_a_person_doesnt_want_to_do_something_but_unwillingly_has_to_do.wav,Aniket Chauhan,"Theog, Shimla, Himachal Pradesh, India",21-30,,When a person doesn't want to do something but unwillingly has to do,जब कोई व्यक्ति कुछ करना नहीं चाहता लेकिन अनिच्छा से करना पड़ता है,Emotions,,,,,,,,,,
SMjCO6uZNffRV3UH3yy3,घोरट,,,,"Shimla Saraji, Bishshau",,,,https://firebasestorage.googleapis.com/v0/b/talking-dictionaries-alpha.appspot.com/o/mahasuvi%2Faudio%2FSMjCO6uZNffRV3UH3yy3_1653124662294.wav?alt=media,SMjCO6uZNffRV3UH3yy3_Watermill.wav,Aniket Chauhan,"Theog, Shimla, Himachal Pradesh, India",21-30,,Watermill,पनचक्की,Construction,Agriculture,n,noun,,,,"Water, bodies of water and the water cycle",,,
SNgww4xXl4kTnRY8U6YA,सौको,,,,Shadochi,,,,https://firebasestorage.googleapis.com/v0/b/talking-dictionaries-alpha.appspot.com/o/mahasuvi%2Faudio%2FSNgww4xXl4kTnRY8U6YA_1653312785428.wav?alt=media,SNgww4xXl4kTnRY8U6YA_related_by_blood_kinsfolk.wav,Aniket Chauhan,"Theog, Shimla, Himachal Pradesh, India",21-30,,"related by blood, kinsfolk",रक्त से संबंधित,States and Characteristics,Kinship and relationships,n pl,plural noun,,,,,,,
SRwm1iUEyfTMGQH09Krs,रीछ,,,,,,,,https://firebasestorage.googleapis.com/v0/b/talking-dictionaries-alpha.appspot.com/o/mahasuvi%2Faudio%2FSRwm1iUEyfTMGQH09Krs_1653311596190.wav?alt=media,SRwm1iUEyfTMGQH09Krs_Bear.wav,Aniket Chauhan,"Theog, Shimla, Himachal Pradesh, India",21-30,,Bear,भालू,Animals,,n,noun,,,,,,,
SVFoKB0xAnN5Joczr7CJ,चिलाउंटु,,,,Chuhara,,,,,,,,,,green pine needles,चीड़ की हरी सुईयां,"Plants, trees and other vegetation",,,,,,,,,,
SfpN1R151VfBjfTNu0Bp,पेच,,,,Shimla Saraji,,,,https://firebasestorage.googleapis.com/v0/b/talking-dictionaries-alpha.appspot.com/o/mahasuvi%2Faudio%2FSfpN1R151VfBjfTNu0Bp_1653296876731.wav?alt=media,SfpN1R151VfBjfTNu0Bp_Pluck.wav,Aniket Chauhan,"Theog, Shimla, Himachal Pradesh, India",21-30,,Pluck,उखेड़,Physical Actions,,v,verb,,,,,,,
SsVzyxqWNUvSGRS03PdJ,टिब्बा,,,,,,,,https://firebasestorage.googleapis.com/v0/b/talking-dictionaries-alpha.appspot.com/o/audio%2Fmahasuvi%2FSsVzyxqWNUvSGRS03PdJ_1627648652258.wav?alt=media,SsVzyxqWNUvSGRS03PdJ_Peak.wav,Aniket Chauhan,"Theog, Shimla, Himachal Pradesh, India",21-30,,Peak,चोटी,"Earth, geology and landscape",,n,noun,,,,,,,
SvJlMYnoreS7H77MfJG1,हिकणो,,,,Rohruri ,,,,https://firebasestorage.googleapis.com/v0/b/talking-dictionaries-alpha.appspot.com/o/mahasuvi%2Faudio%2FSvJlMYnoreS7H77MfJG1_1653312940122.wav?alt=media,SvJlMYnoreS7H77MfJG1_Heart.wav,Aniket Chauhan,"Theog, Shimla, Himachal Pradesh, India",21-30,,Heart,हृदय,Body parts,,n,noun,,,,,,,
T3SMa9yLGE2qP5S8hxAp,एकली,,,,Shimla Saraji,,,,https://firebasestorage.googleapis.com/v0/b/talking-dictionaries-alpha.appspot.com/o/mahasuvi%2Faudio%2FT3SMa9yLGE2qP5S8hxAp_1653121106735.wav?alt=media,T3SMa9yLGE2qP5S8hxAp_alone.wav,Aniket Chauhan,"Theog, Shimla, Himachal Pradesh, India",21-30,,alone,अकेले,States and Characteristics,,adj,adjective,मेरे एकली सुतणे ओ।,I want to sleep alone.,,,,,
T6n6lC1dDSvF061w16ql,नेऊड,,,,"Shadochi, Bushahri, Bishshau",,,,https://firebasestorage.googleapis.com/v0/b/talking-dictionaries-alpha.appspot.com/o/mahasuvi%2Faudio%2FT6n6lC1dDSvF061w16ql_1653296500274.wav?alt=media,T6n6lC1dDSvF061w16ql_Low_lying_valley_area.wav,Aniket Chauhan,"Theog, Shimla, Himachal Pradesh, India",21-30,,Low lying valley area,निचला घाटी का इलाका,"Earth, geology and landscape",,n,noun,,,,,,,
T74L5TVS0sYSU2dMuEAi,ऊटा,,,,,,,,https://firebasestorage.googleapis.com/v0/b/talking-dictionaries-alpha.appspot.com/o/mahasuvi%2Faudio%2FT74L5TVS0sYSU2dMuEAi_1653121015078.wav?alt=media,T74L5TVS0sYSU2dMuEAi_Below.wav,Aniket Chauhan,"Theog, Shimla, Himachal Pradesh, India",21-30,,Below,नीचे,Location and Directions,,prep,preposition,,,,,,,
TD29gocWIDwTFhDulCKU,गोरु,,,,Shimla Saraji,,,,https://firebasestorage.googleapis.com/v0/b/talking-dictionaries-alpha.appspot.com/o/mahasuvi%2Faudio%2FTD29gocWIDwTFhDulCKU_1653124373952.wav?alt=media,TD29gocWIDwTFhDulCKU_Cattle.wav,Aniket Chauhan,"Theog, Shimla, Himachal Pradesh, India",21-30,,Cattle,पशु,Animals,,n,noun,गोरु चारदा डे लागा?,Going to take the cattle for grazing?,,,,,
TFriLBPMJXQRxcne7Tsk,डाक,,,,Sharachali,,,,https://firebasestorage.googleapis.com/v0/b/talking-dictionaries-alpha.appspot.com/o/mahasuvi%2Faudio%2FTFriLBPMJXQRxcne7Tsk_1653131248883.wav?alt=media,TFriLBPMJXQRxcne7Tsk_Evict.wav,Aniket Chauhan,"Theog, Shimla, Himachal Pradesh, India",21-30,,Evict,बेदखल,Government and Law,,v,verb,,,,,,,
TPH5vzkqduZb73GW0roY,कोरो,,,,Shadochi,,,,https://firebasestorage.googleapis.com/v0/b/talking-dictionaries-alpha.appspot.com/o/mahasuvi%2Faudio%2FTPH5vzkqduZb73GW0roY_1653122587912.wav?alt=media,TPH5vzkqduZb73GW0roY_Whom.wav,Aniket Chauhan,"Theog, Shimla, Himachal Pradesh, India",21-30,,Whom,किसको,,,pro,pronoun,,,,,,,
TTkdyDGUjInqw52T2Hq7,खुछकड़,,,,Shimla Saraji,,,,,,,,,,"temperamental, moody","मनमौजी, तुनकमिज़ाज",States and Characteristics,Emotions,,,एती खुछकड़ केईं ऐ तु?,Why are you so moody?,,,,,
TWuBqzNkR4kUPQGeIxyV,डॉलकी,,,,"Shimla Saraji, Bishshau",,,,,,,,,,Meat,मांस,"Food, cooking and foodways",,n,noun,"मेरे खाणी थी डॉलकी, मेरे दुखो हियो","I want to eat meat, I've a heartache","मुझे मांस खाना है, मुझे दिल का दर्द है",,,,
TcET0PSNPFwKceUjLD6o,छेउडी,,,,,,,,https://firebasestorage.googleapis.com/v0/b/talking-dictionaries-alpha.appspot.com/o/audio%2Fmahasuvi%2FTcET0PSNPFwKceUjLD6o_1624194702716.wav?alt=media,TcET0PSNPFwKceUjLD6o_Wife.wav,Aniket Chauhan,"Theog, Shimla, Himachal Pradesh, India",21-30,,Wife,पत्नी,Kinship and relationships,,na,animate noun,,,,,,,
Tgqqn2PFK7oW5uO72uCB,थरटे,,,,Shimla Saraji,,,,https://firebasestorage.googleapis.com/v0/b/talking-dictionaries-alpha.appspot.com/o/mahasuvi%2Faudio%2FTgqqn2PFK7oW5uO72uCB_1653131683806.wav?alt=media,Tgqqn2PFK7oW5uO72uCB_Legs_of_a_goat.wav,Aniket Chauhan,"Theog, Shimla, Himachal Pradesh, India",21-30,,Legs of a goat,बकरे की टांगे,Body parts,Animals,n,noun,,,,,,,
TjAV3nvwlriZC9DHz3xi,बेओड़,,,,Bushahri,,,,https://firebasestorage.googleapis.com/v0/b/talking-dictionaries-alpha.appspot.com/o/mahasuvi%2Faudio%2FTjAV3nvwlriZC9DHz3xi_1653309180409.wav?alt=media,TjAV3nvwlriZC9DHz3xi_Stepwell.wav,Aniket Chauhan,"Theog, Shimla, Himachal Pradesh, India",21-30,,Stepwell,बावड़ी,Construction,"Water, bodies of water and the water cycle",n,noun,,,,,,,
TkOokUIEJSCGQbcMzRuX,हुंदा,,,,,,,,https://firebasestorage.googleapis.com/v0/b/talking-dictionaries-alpha.appspot.com/o/mahasuvi%2Faudio%2FTkOokUIEJSCGQbcMzRuX_1653312981096.wav?alt=media,TkOokUIEJSCGQbcMzRuX_Below.wav,Aniket Chauhan,"Theog, Shimla, Himachal Pradesh, India",21-30,,Below,नीचे,Location and Directions,,prep,preposition,,,,,,,
TksYZ8wcXG7WOizksu29,चीं,,,,Chuhara,,,,,,,,,,meat,मांस,"Food, cooking and foodways",,n,noun,,,,,,,
TlsujMSXgkOEQs8L3BUg,प्रादा,,,,Shadochi,,,,https://firebasestorage.googleapis.com/v0/b/talking-dictionaries-alpha.appspot.com/o/mahasuvi%2Faudio%2FTlsujMSXgkOEQs8L3BUg_1653297002155.wav?alt=media,TlsujMSXgkOEQs8L3BUg_is_used_to_show_pity.wav,Aniket Chauhan,"Theog, Shimla, Himachal Pradesh, India",21-30,,is used to show pity,दया दिखाने के लिए प्रयोग किया जाता है,Interjections,,,,,,,,,,
TxMbapb193fkjfaKyCKt,बिशटी,,,,,,,,https://firebasestorage.googleapis.com/v0/b/talking-dictionaries-alpha.appspot.com/o/mahasuvi%2Faudio%2FTxMbapb193fkjfaKyCKt_1653309043087.wav?alt=media,TxMbapb193fkjfaKyCKt_Marriage_proposal.wav,Aniket Chauhan,"Theog, Shimla, Himachal Pradesh, India",21-30,,Marriage proposal,विवाह प्रस्ताव,Language and Communication,Life stages and rites of passage,n,noun,,,,Social activities and interactions,,,
Tygps2u5nFj87AmlRZRS,घीण,,,,,,,,https://firebasestorage.googleapis.com/v0/b/talking-dictionaries-alpha.appspot.com/o/mahasuvi%2Faudio%2FTygps2u5nFj87AmlRZRS_1653124486494.wav?alt=media,Tygps2u5nFj87AmlRZRS_Pity.wav,Aniket Chauhan,"Theog, Shimla, Himachal Pradesh, India",21-30,,Pity,दया,Emotions,,n,noun,,,,,,,
U0lzutlA199ZWZ3X5osi,नम्बरदार,,,,,,,,https://firebasestorage.googleapis.com/v0/b/talking-dictionaries-alpha.appspot.com/o/mahasuvi%2Faudio%2FU0lzutlA199ZWZ3X5osi_1653296208401.wav?alt=media,U0lzutlA199ZWZ3X5osi_Village_bigshot_who_collected_land_revenuetax.wav,Aniket Chauhan,"Theog, Shimla, Himachal Pradesh, India",21-30,,Village bigshot who collected land revenue/tax,भू-राजस्व/कर वसूल करने वाले गाँव के बड़े अभिनेता,"Humans, Social Relations and Organization",Finance and Business,n,noun,,,,,,,
U4zc5FhDrhyxCe96aQyu,बेओढ़ी,,,,Rohruri (Mandalgarh),,,,https://firebasestorage.googleapis.com/v0/b/talking-dictionaries-alpha.appspot.com/o/mahasuvi%2Faudio%2FU4zc5FhDrhyxCe96aQyu_1653309188107.wav?alt=media,U4zc5FhDrhyxCe96aQyu_Stepwell.wav,Aniket Chauhan,"Theog, Shimla, Himachal Pradesh, India",21-30,,Stepwell,बावड़ी,Construction,"Water, bodies of water and the water cycle",n,noun,,,,,,,
U6WMA3ncjla7BrOTIsSW,भान,,,,"Shimla Saraji, Kumharsain, Bishshau, Chuhara",,,,,,,,,,shatter,टूटना,Physical Actions,Physical Impact,,,आपणो मुंड केथो भानो तुएँ?,Where did you shatter your head?,,,,,
UA8owsjRYhXhl9t1SzDz,केर,,,,Shimla Saraji,,,,https://firebasestorage.googleapis.com/v0/b/talking-dictionaries-alpha.appspot.com/o/mahasuvi%2Faudio%2FUA8owsjRYhXhl9t1SzDz_1653122334114.wav?alt=media,UA8owsjRYhXhl9t1SzDz_Neck.wav,Aniket Chauhan,"Theog, Shimla, Himachal Pradesh, India",21-30,,Neck,गर्दन,Body parts,,n,noun,तेरी केर काली फिर गोई।,Your neck has turned black.,,,,,
UEOsUdWXcpqVabSppRxx,ज़ीणो,,,,Rohruri ,,,,https://firebasestorage.googleapis.com/v0/b/talking-dictionaries-alpha.appspot.com/o/mahasuvi%2Faudio%2FUEOsUdWXcpqVabSppRxx_1653125368564.wav?alt=media,UEOsUdWXcpqVabSppRxx_Like_similar.wav,Aniket Chauhan,"Theog, Shimla, Himachal Pradesh, India",21-30,,"Like, similar",समान,,,adj,adjective,,,,,,,
UIE1k2H3b8bNdjRYjVtB,पीपली,,,,,,,,https://firebasestorage.googleapis.com/v0/b/talking-dictionaries-alpha.appspot.com/o/mahasuvi%2Faudio%2FUIE1k2H3b8bNdjRYjVtB_1653296834781.wav?alt=media,UIE1k2H3b8bNdjRYjVtB_Chilli.wav,Aniket Chauhan,"Theog, Shimla, Himachal Pradesh, India",21-30,,Chilli,मिर्च,"Plants, trees and other vegetation","Food, cooking and foodways",n,noun,,,,,,,
UL4zuWGczQgGGnjZwTxE,झुड़के,,,,Shimla Saraji,,,,https://firebasestorage.googleapis.com/v0/b/talking-dictionaries-alpha.appspot.com/o/mahasuvi%2Faudio%2FUL4zuWGczQgGGnjZwTxE_1653130671833.wav?alt=media,UL4zuWGczQgGGnjZwTxE_Clothes.wav,Aniket Chauhan,"Theog, Shimla, Himachal Pradesh, India",21-30,,Clothes,कपड़े,Clothing and adornment,,n,noun,झुड़के धो आपणे शिगे।,Wash your clothes quickly.,,,,,
UPedninqC9m9wkzzlLUm,हौचणा,,,,Chuhara,,,,,,,,,,to get lost,खो जाना,Physical Actions,Location and Directions,v,verb,,,,,,,
UQLYWruTVg0Ef6f7PvHg,टाबरा,,,,Shimla Saraji,,,,https://firebasestorage.googleapis.com/v0/b/talking-dictionaries-alpha.appspot.com/o/mahasuvi%2Faudio%2FUQLYWruTVg0Ef6f7PvHg_1653130781514.wav?alt=media,UQLYWruTVg0Ef6f7PvHg_Family.wav,Aniket Chauhan,"Theog, Shimla, Himachal Pradesh, India",21-30,,Family,परिवार,Kinship and relationships,,n,noun,घुँघटे रा टाबरा बेगी बॉढ़ा ओ।,Ghungta's family is very large.,,,,,
URovyWxpIc0XKNGAqtg7,भोचडी,,,,"Shimla Saraji, Bishshau",,,,,,,,,,Brother's daughter(s),भतीजी,Kinship and relationships,,n,noun,मेरे भोचडे कोरो चंडीगढ़ नोकरे।,My niece works in Chandigarh.,,,,,
USs48Zh3l0tdE1Ocu6L5,रिख,,,,Shimla Saraji,,,,https://firebasestorage.googleapis.com/v0/b/talking-dictionaries-alpha.appspot.com/o/mahasuvi%2Faudio%2FUSs48Zh3l0tdE1Ocu6L5_1653311545690.wav?alt=media,USs48Zh3l0tdE1Ocu6L5_Bear.wav,Aniket Chauhan,"Theog, Shimla, Himachal Pradesh, India",21-30,,Bear,भालू,Animals,,n,noun,बोणो दा रिख हांडो झिशी।,Bear walks in the forest in morning.,,,,,
UUjRUEjlEDvQYsdYMqhm,पतिंग,,,,Shimla Saraji,,,,,,,,,,scatter,बिखरना,Physical Actions,,v,verb,,,,,,,
UYcLtc3FRYNJsNQEmL2o,शोजौ,,,,Shadochi,,,,,,,,,,Swelling,सूजन,"Health, well-being and sickness",,n,noun,तेरै लाता दी किलै आ शोजौ पौड़ौनौ?,Why is your foot swollen?,आपका पैर क्यों सूज गया है?,,,,
UYooccOolOcXnMZv7Baw,मुहा,,,,Sharachali,,,,https://firebasestorage.googleapis.com/v0/b/talking-dictionaries-alpha.appspot.com/o/mahasuvi%2Faudio%2FUYooccOolOcXnMZv7Baw_1653311290909.wav?alt=media,UYooccOolOcXnMZv7Baw_Rat.wav,Aniket Chauhan,"Theog, Shimla, Himachal Pradesh, India",21-30,,Rat,चूहा,Animals,,n,noun,,,,,,,
UZNVu8LjR8sStNqFy7Rk,भराढ़ो,,,,Kumharsain,,,,https://firebasestorage.googleapis.com/v0/b/talking-dictionaries-alpha.appspot.com/o/mahasuvi%2Faudio%2FUZNVu8LjR8sStNqFy7Rk_1653310375826.wav?alt=media,UZNVu8LjR8sStNqFy7Rk_Battle_axe_used_by_the_Khash_tribe.wav,Aniket Chauhan,"Theog, Shimla, Himachal Pradesh, India",21-30,,Battle axe used by the Khash tribe,खश जाती द्वारा इस्तेमाल किया जाने वाला फरसा,Tools and weapons,,n,noun,,,,,,,
UdLyVPtu9W0igvUiheCC,गौड़ा,,,,"Shimla Saraji (Theog), Barari",,,,,,,,,,"crotch, the portion of clothes around crotch","जाँघ एवं धड़ के जोड़ का क्षेत्र, जाँघ एवं धड़ के जोड़ का क्षेत्र के चारों ओर कपड़े का हिस्सा",Body parts,,,,,,,,,,
Ueg6NpoVDtJlKD89zbWd,मोड़ी,,,,"Bushahri, Shadochi",,,,https://firebasestorage.googleapis.com/v0/b/talking-dictionaries-alpha.appspot.com/o/mahasuvi%2Faudio%2FUeg6NpoVDtJlKD89zbWd_1653311451363.wav?alt=media,Ueg6NpoVDtJlKD89zbWd_Puffed_rice.wav,Aniket Chauhan,"Theog, Shimla, Himachal Pradesh, India",21-30,,Puffed rice,मुरमुरे,"Food, cooking and foodways",,n,noun,,,,,,,
UhAKoIYtMDm9bI3MLtTj,सातरा,,,,Barari,,,,,,,,,,fallen dry pine needles,चीड़ की गिरी हुई और सूखी हुई सुइयाँ,"Plants, trees and other vegetation",,,,,,,,,,
UkpTZsE8EpWXHeGYS2xh,खोटी,,,,,,,,https://firebasestorage.googleapis.com/v0/b/talking-dictionaries-alpha.appspot.com/o/mahasuvi%2Faudio%2FUkpTZsE8EpWXHeGYS2xh_1653123217297.wav?alt=media,UkpTZsE8EpWXHeGYS2xh_Lie.wav,Aniket Chauhan,"Theog, Shimla, Himachal Pradesh, India",21-30,,Lie,झूट,Language and Communication,,v,verb,,,,,,,
UlRwVQNQx1n2ZjtE0iq9,आरशू,,,,Shimla Saraji,,,,https://firebasestorage.googleapis.com/v0/b/talking-dictionaries-alpha.appspot.com/o/mahasuvi%2Faudio%2FUlRwVQNQx1n2ZjtE0iq9_1653120839775.wav?alt=media,UlRwVQNQx1n2ZjtE0iq9_mirror.wav,Aniket Chauhan,"Theog, Shimla, Himachal Pradesh, India",21-30,,mirror,शीशा,Household,,ni,inanimate noun,आरशु दो दिशो किएँ?,Is anything visible in the mirror?,शीशे में दिखता है कुछ?,,,,
UlnicV76zFbuyMRcjKvi,घोरी आड़ू,,,,Rohruri ,,,,https://firebasestorage.googleapis.com/v0/b/talking-dictionaries-alpha.appspot.com/o/mahasuvi%2Faudio%2FUlnicV76zFbuyMRcjKvi_1653124671805.wav?alt=media,UlnicV76zFbuyMRcjKvi_Taro_plant.wav,Aniket Chauhan,"Theog, Shimla, Himachal Pradesh, India",21-30,,Taro plant,अरबी का पौधा,"Plants, trees and other vegetation","Food, cooking and foodways",n,noun,,,,,,,
UpGpgQ7JWewPmLq3shOw,आख,ɑːkʰ,,,Shimla Saraji,,,,https://firebasestorage.googleapis.com/v0/b/talking-dictionaries-alpha.appspot.com/o/mahasuvi%2Faudio%2FUpGpgQ7JWewPmLq3shOw_1653120459684.wav?alt=media,UpGpgQ7JWewPmLq3shOw_eye.wav,Aniket Chauhan,"Theog, Shimla, Himachal Pradesh, India",21-30,,eye,आंख,Body parts,,n,noun,तेरी आखी दो का ओ?,What is in your eye?,तेरी आँख में क्या है?,,,,
UqoCUOvLaAgiZxq112Tp,हांडणा,ɦɑːⁿɖənɑː,,,Shimla Saraji,,,,https://firebasestorage.googleapis.com/v0/b/talking-dictionaries-alpha.appspot.com/o/mahasuvi%2Faudio%2FUqoCUOvLaAgiZxq112Tp_1653312832389.wav?alt=media,UqoCUOvLaAgiZxq112Tp_to_walk.wav,Aniket Chauhan,"Theog, Shimla, Himachal Pradesh, India",21-30,,to walk,चलना,Physical Actions,Motion,v,verb,सुले हांडणा चेईं।,Should walk slowly.,आराम से चलना चाहिए।,,,,
V0q46uLyE7YFdEQ46JkR,ईक,iːkː,,,,,,,https://firebasestorage.googleapis.com/v0/b/talking-dictionaries-alpha.appspot.com/o/audio%2Fmahasuvi%2FV0q46uLyE7YFdEQ46JkR_1624194828901.wav?alt=media,V0q46uLyE7YFdEQ46JkR_One.wav,Aniket Chauhan,"Theog, Shimla, Himachal Pradesh, India",21-30,,One,एक,Numerals,,num,numeral,,,,,,,
V2EdR4pP6ZWqv6ZXNlL0,मीच,,,,,,,,https://firebasestorage.googleapis.com/v0/b/talking-dictionaries-alpha.appspot.com/o/mahasuvi%2Faudio%2FV2EdR4pP6ZWqv6ZXNlL0_1653311143827.wav?alt=media,V2EdR4pP6ZWqv6ZXNlL0_Squint.wav,Aniket Chauhan,"Theog, Shimla, Himachal Pradesh, India",21-30,,Squint,भेंगापन,Physical Actions,Body functions,v,verb,,,,,,,
V7sqwf3yw8JeMKKk54ZZ,लपोड़,,,,"Shimla Saraji, Shadochi, Bishshau",,,,,,,,,,annoyance,चिढ़,Emotions,,n,noun,मुँ एसरी बुशो शुणयो बेगी लपोड़ आज़ लागी!,I'm getting really annoyed listen to his talk.,,,,,
VG2uB3ZhV8GezDWd6i3j,दौ,,,,,,,,,,,,,,Sunlight,सूरज की रोशनी,Universe and the natural world,"Sky, weather and climate",,,दौ बेगी तापो देसो।,The sunlight heats up a lot in the day.,,,,,
VHss3nn1GAv6hRVfOn9P,नकामो,,,,Bishshau,,,,,,,,,,to miss someone,किसी को याद करने के लिए,Mental actions,Emotions,n,noun,मुं लाग रो मेरी माई रो नकामो,I'm missing my mother,मुझे अपनी माँ की याद आ रही है,,,,
VMeJ4gCIvmIhIw3uetws,माहता,,,,,,,,https://firebasestorage.googleapis.com/v0/b/talking-dictionaries-alpha.appspot.com/o/mahasuvi%2Faudio%2FVMeJ4gCIvmIhIw3uetws_1653311092178.wav?alt=media,VMeJ4gCIvmIhIw3uetws_Record_keeperaccountant_of_the_king.wav,Aniket Chauhan,"Theog, Shimla, Himachal Pradesh, India",21-30,,Record keeper/accountant of the king,राजा का लेखाकार,"Humans, Social Relations and Organization",Work and occupations,n,noun,,,,Finance and Business,,,
VVI0f8JccJ5h1DNgeU3I,बेवरो,,,,Kumharsain,,,,https://firebasestorage.googleapis.com/v0/b/talking-dictionaries-alpha.appspot.com/o/mahasuvi%2Faudio%2FVVI0f8JccJ5h1DNgeU3I_1653309285997.wav?alt=media,VVI0f8JccJ5h1DNgeU3I_Overly_dramatic_person.wav,Aniket Chauhan,"Theog, Shimla, Himachal Pradesh, India",21-30,,Overly dramatic person,अत्यधिक नाटकीय व्यक्ति,"Humans, Social Relations and Organization",Emotions,adj,adjective,,,,,,,
Vbjgjcnj5J8MoZuAXxB7,धेड़,,,,,,,,https://firebasestorage.googleapis.com/v0/b/talking-dictionaries-alpha.appspot.com/o/mahasuvi%2Faudio%2FVbjgjcnj5J8MoZuAXxB7_1653296060487.wav?alt=media,Vbjgjcnj5J8MoZuAXxB7_Tear_apart.wav,Aniket Chauhan,"Theog, Shimla, Himachal Pradesh, India",21-30,,Tear apart,फाड़ना,Physical Actions,,v,verb,,,,,,,
Vg8Pux0Vz7b42EqEPHcp,स्नेरा,,,,"Shimla Saraji, Bishshau",,,,https://firebasestorage.googleapis.com/v0/b/talking-dictionaries-alpha.appspot.com/o/mahasuvi%2Faudio%2FVg8Pux0Vz7b42EqEPHcp_1653312822870.wav?alt=media,Vg8Pux0Vz7b42EqEPHcp_Right_as_a_direction.wav,Aniket Chauhan,"Theog, Shimla, Himachal Pradesh, India",21-30,,Right (as a direction),दाएं,Location and Directions,,adv,adverb,,,,,,,
VhlGm15s877WBim3ZVXH,कुक्कर,,,,,,,,https://firebasestorage.googleapis.com/v0/b/talking-dictionaries-alpha.appspot.com/o/audio%2Fmahasuvi%2FVhlGm15s877WBim3ZVXH_1624192488993.wav?alt=media,VhlGm15s877WBim3ZVXH_Dog.wav,Aniket Chauhan,"Theog, Shimla, Himachal Pradesh, India",21-30,,Dog,कुत्ता,Animals,,n,noun,,,,,,,
Vj4uq5QwsM2tRC6UQfyp,तेड,,,,"Sharachali, Shadochi, Rohruri (Mandalgarh), Bushahri (Nankhari)",,,,,,,,,,repeatedly saying the same thing over and over,रट लगाना,Language and Communication,,v,verb,फूके तेड लाए रोए।,Unnecessarily repeating things.,,,,,
VjNOTolhDCrAlzR4Xacm,खॉलजा,,,,,,,,,,,,,,resin/gum or a similar kind of exudate secreted by trees,पेड़ों द्वारा स्रावित राल/गोंद या इसी प्रकार का स्राव,Universe and the natural world,"Plants, trees and other vegetation",n,noun,खॉलजा घिंड गो मेरे बुटो दो।,My shoes got smeared with tree exudates.,,,,,
VjvzlajlUaISvCZDeQGy,केई,,,,Rohruri ,,,,https://firebasestorage.googleapis.com/v0/b/talking-dictionaries-alpha.appspot.com/o/mahasuvi%2Faudio%2FVjvzlajlUaISvCZDeQGy_1653122182550.wav?alt=media,VjvzlajlUaISvCZDeQGy_When.wav,Aniket Chauhan,"Theog, Shimla, Himachal Pradesh, India",21-30,,When,कब,Time,,adv,adverb,,,,,,,
VqGMVIUtPi1Cs3wdhmjn,कंगाऊड़ा,,,,Rohruri ,,,,https://firebasestorage.googleapis.com/v0/b/talking-dictionaries-alpha.appspot.com/o/mahasuvi%2Faudio%2FVqGMVIUtPi1Cs3wdhmjn_1653121477335.wav?alt=media,VqGMVIUtPi1Cs3wdhmjn_Act_of_combing_hair.wav,Aniket Chauhan,"Theog, Shimla, Himachal Pradesh, India",21-30,,Act of combing hair,बालों में कंघी करने की क्रिया,Physical Actions,Cleanliness and hygiene,v,verb,,,,,,,
VrzFiO6ughiJK6m3ymQF,हाट,,,,Shimla Saraji,,,,https://firebasestorage.googleapis.com/v0/b/talking-dictionaries-alpha.appspot.com/o/mahasuvi%2Faudio%2FVrzFiO6ughiJK6m3ymQF_1653312845693.wav?alt=media,VrzFiO6ughiJK6m3ymQF_Shop.wav,Aniket Chauhan,"Theog, Shimla, Himachal Pradesh, India",21-30,,Shop,दुकान,Construction,,n,noun,,,,,,,
Vs44pfeYMOaBxGD2BcEl,पाऊणा,,,,Shimla Saraji,,,,https://firebasestorage.googleapis.com/v0/b/talking-dictionaries-alpha.appspot.com/o/mahasuvi%2Faudio%2FVs44pfeYMOaBxGD2BcEl_1653296685197.wav?alt=media,Vs44pfeYMOaBxGD2BcEl_Guest.wav,Aniket Chauhan,"Theog, Shimla, Himachal Pradesh, India",21-30,,Guest,मेहमान,"Humans, Social Relations and Organization",,n,noun,पाऊणे आजे ओ मेरे।,My guests have come.,,,,,
Vz24VSaHU6QYHiY5vMzl,भाट,,,,Shimla Saraji,,,,https://firebasestorage.googleapis.com/v0/b/talking-dictionaries-alpha.appspot.com/o/mahasuvi%2Faudio%2FVz24VSaHU6QYHiY5vMzl_1653310517403.wav?alt=media,Vz24VSaHU6QYHiY5vMzl_Priest_Brahmin.wav,Aniket Chauhan,"Theog, Shimla, Himachal Pradesh, India",21-30,,"Priest, Brahmin","पंडित, ब्राह्मण","Humans, Social Relations and Organization",Spirituality and Religion,n,noun,भाट आजा दो पूजदा।,Priest has come to perform the religious ritual.,,,,,
W1veYgeikR9odOs9zV13,बेस्वा,,,,Shimla Saraji,,,,https://firebasestorage.googleapis.com/v0/b/talking-dictionaries-alpha.appspot.com/o/mahasuvi%2Faudio%2FW1veYgeikR9odOs9zV13_1653309301047.wav?alt=media,W1veYgeikR9odOs9zV13_overly_dramatic_person.wav,Aniket Chauhan,"Theog, Shimla, Himachal Pradesh, India",21-30,,overly dramatic person,अत्यधिक नाटकीय व्यक्ति,"Humans, Social Relations and Organization",Emotions,adj,adjective,तेसरो धीटु बेगी बेस्वा ओ।,His daughter is very dramatic.,,,,,
W2WZKBAQOWpcrbEVPSFl,जोखटी,,,,Shimla Saraji,,,,https://firebasestorage.googleapis.com/v0/b/talking-dictionaries-alpha.appspot.com/o/mahasuvi%2Faudio%2FW2WZKBAQOWpcrbEVPSFl_1653130501147.wav?alt=media,W2WZKBAQOWpcrbEVPSFl_Small_wooden_slivers_used_to_start_a_fire.wav,Aniket Chauhan,"Theog, Shimla, Himachal Pradesh, India",21-30,,Small wooden slivers used to start a fire,आग लगाने के लिए लकड़ी की छोटी-छोटी कतरने,Household,"Plants, trees and other vegetation",n,noun,,,,,,,
W35OGeAHH8BEYU8TRfEV,आखटी,ɑːkʰːʈiː,,,Shimla Saraji,,,,https://firebasestorage.googleapis.com/v0/b/talking-dictionaries-alpha.appspot.com/o/mahasuvi%2Faudio%2FW35OGeAHH8BEYU8TRfEV_1653120468918.wav?alt=media,W35OGeAHH8BEYU8TRfEV_eye.wav,Aniket Chauhan,"Theog, Shimla, Himachal Pradesh, India",21-30,,eye,आंख,Body parts,,n,noun,तेरी आखटी केईं ओ लाल?,Why are your eyes red?,तेरी आँखें लाल क्यों है?,,,,
W5TG3jACthvjRCN6EnSo,खिंडणा,,,,Shimla Saraji,,,,,,,,,,scatter,बिखरना,Physical Actions,,,,,,,,,,
W9qy8Qb4fyidMmF4TWH5,गिंदडू,,,,,,,,,,,,,,Ball,गेंद,Sports and games,,,,,,,,,,
WC3p7BBlzAfWca5oWDHq,ढ़ोल,,,,,,,,https://firebasestorage.googleapis.com/v0/b/talking-dictionaries-alpha.appspot.com/o/mahasuvi%2Faudio%2FWC3p7BBlzAfWca5oWDHq_1653131435314.wav?alt=media,WC3p7BBlzAfWca5oWDHq_Fall.wav,Aniket Chauhan,"Theog, Shimla, Himachal Pradesh, India",21-30,,Fall,गिर,Physical Actions,,v,verb,,,,,,,
WZgERIrFH8yFhF2mYtJW,टाली ,,,,Bishshau,,,,https://firebasestorage.googleapis.com/v0/b/talking-dictionaries-alpha.appspot.com/o/mahasuvi%2Faudio%2FWZgERIrFH8yFhF2mYtJW_1653130797374.wav?alt=media,WZgERIrFH8yFhF2mYtJW_Elevated_sitting_platform_at_the_corner_of_a_house_near_windows.wav,Aniket Chauhan,"Theog, Shimla, Himachal Pradesh, India",21-30,,Elevated sitting platform at the corner of a house near windows,खिड़कियों के पास एक घर के कोने पर ऊंचा बैठने का मंच,Household,Construction,n,noun,,,,,,,
Wa71IPYDnG4rNINFhgE1,लेर,,,,Shimla Saraji,,,,https://firebasestorage.googleapis.com/v0/b/talking-dictionaries-alpha.appspot.com/o/mahasuvi%2Faudio%2FWa71IPYDnG4rNINFhgE1_1653311869612.wav?alt=media,Wa71IPYDnG4rNINFhgE1_Scream.wav,Aniket Chauhan,"Theog, Shimla, Himachal Pradesh, India",21-30,,Scream,चींख,Language and Communication,,n,noun,केईं ऐ लेरो दिंदा लागा दो।,Why are you screaming?,,,,,
WeGJb73hy4vkw1egKr8V,बजंत्री,,,,Shadochi,,,,https://firebasestorage.googleapis.com/v0/b/talking-dictionaries-alpha.appspot.com/o/mahasuvi%2Faudio%2FWeGJb73hy4vkw1egKr8V_1653297257727.wav?alt=media,WeGJb73hy4vkw1egKr8V_Musician.wav,Aniket Chauhan,"Theog, Shimla, Himachal Pradesh, India",21-30,,Musician,संगीतकार,"Humans, Social Relations and Organization",Work and occupations,n,noun,,,,Music and Entertainment,,,
WfkUwLIk4GNLnak7oH7g,जांगल,,,,Barari,,,,,,,,,,anterior portion of a farm,खेत का अग्र भाग,Agriculture,,,,,,,,,,
WhSpY8lnMRckvYAsoPIz,होथल,,,,Shimla Saraji,,,,,,,,,,posterior portion of a farm,खेत का पिछला भाग,Agriculture,,,,,,,,,,
WkjU8b4N9b0ETyGONbie,धीटू,,,,,,,,https://firebasestorage.googleapis.com/v0/b/talking-dictionaries-alpha.appspot.com/o/audio%2Fmahasuvi%2FWkjU8b4N9b0ETyGONbie_1624193826388.wav?alt=media,WkjU8b4N9b0ETyGONbie_Daughter_little_girl.wav,Aniket Chauhan,"Theog, Shimla, Himachal Pradesh, India",21-30,,"Daughter, little girl.","बेटी, छोटी लड़की।",Kinship and relationships,,na,animate noun,,,,,,,
Wl0kep1Y1rdTHFe2T3mL,गिंदु,,,,,,,,,,,,,,Ball,गेंद,Sports and games,,,,गिंदु ऊटो डे गो।,The ball went down.,,,,,
WpwyqrI1SFKNDrsOXf3Z,गिज़,,,,Bishshau,,,,https://firebasestorage.googleapis.com/v0/b/talking-dictionaries-alpha.appspot.com/o/mahasuvi%2Faudio%2FWpwyqrI1SFKNDrsOXf3Z_1653123524612.wav?alt=media,WpwyqrI1SFKNDrsOXf3Z_Vulture.wav,Aniket Chauhan,"Theog, Shimla, Himachal Pradesh, India",21-30,,Vulture,गिद्ध,Birds,,n,noun,,,,,,,
WrUNQ8Wv8Hfy9m11AvId,जुब्बड़,,,,,,,,https://firebasestorage.googleapis.com/v0/b/talking-dictionaries-alpha.appspot.com/o/audio%2Fmahasuvi%2FWrUNQ8Wv8Hfy9m11AvId_1624194316104.wav?alt=media,WrUNQ8Wv8Hfy9m11AvId_Plain_area_with_grass.wav,Aniket Chauhan,"Theog, Shimla, Himachal Pradesh, India",21-30,,Plain area with grass,घास का मैदान,"Earth, geology and landscape",,n,noun,,,,,,,
Wrbzl0cGGGeqYVrhRGcs,मूषी,,,,,,,,https://firebasestorage.googleapis.com/v0/b/talking-dictionaries-alpha.appspot.com/o/audio%2Fmahasuvi%2FWrbzl0cGGGeqYVrhRGcs_1624193950611.wav?alt=media,Wrbzl0cGGGeqYVrhRGcs_Female_mouse.wav,Aniket Chauhan,"Theog, Shimla, Himachal Pradesh, India",21-30,,Female mouse,चुहिया,Animals,,,,,,,,,,
Wrc3sS9NLUEMT8zZqf1b,आपणो,ɑːpəɳoː,,,Shimla Saraji,,,,https://firebasestorage.googleapis.com/v0/b/talking-dictionaries-alpha.appspot.com/o/mahasuvi%2Faudio%2FWrc3sS9NLUEMT8zZqf1b_1653120695093.wav?alt=media,Wrc3sS9NLUEMT8zZqf1b_belonging_to_self.wav,Aniket Chauhan,"Theog, Shimla, Himachal Pradesh, India",21-30,,belonging to self,मेरा,,,pro,pronoun,आपणो नाओ ना दोसे कोसी क।,Don't tell your name to anybody.,अपना नाम मत बताना किसी को।,,,,
Wtjs5rtb9MQIhOM67GVX,भेन्सर,,,,,,,,https://firebasestorage.googleapis.com/v0/b/talking-dictionaries-alpha.appspot.com/o/mahasuvi%2Faudio%2FWtjs5rtb9MQIhOM67GVX_1653310597966.wav?alt=media,Wtjs5rtb9MQIhOM67GVX_Morning.wav,Aniket Chauhan,"Theog, Shimla, Himachal Pradesh, India",21-30,,Morning,सुबह,Time,,n,noun,,,,,,,
WvOvTPSSZ8MEMsn4ZNJ9,झोट,,,,,,,,https://firebasestorage.googleapis.com/v0/b/talking-dictionaries-alpha.appspot.com/o/mahasuvi%2Faudio%2FWvOvTPSSZ8MEMsn4ZNJ9_1653130737042.wav?alt=media,WvOvTPSSZ8MEMsn4ZNJ9_Stump_trunk.wav,Aniket Chauhan,"Theog, Shimla, Himachal Pradesh, India",21-30,,"Stump, trunk",तना,"Plants, trees and other vegetation",,n,noun,,,,,,,
Wz4lVYhhaDEdyZ7Zrxi5,पांग,,,,,,,,,,,,,,Moss,काई,"Plants, trees and other vegetation",,n,noun,पांगो गाय ऊटा ना फिशडे!,Don't slip down on the moss.,,,,,
X26NtNdE5xDhlTuTIRhn,सोहुआं,,,,Bishshau,,,,https://firebasestorage.googleapis.com/v0/b/talking-dictionaries-alpha.appspot.com/o/mahasuvi%2Faudio%2FX26NtNdE5xDhlTuTIRhn_1653312778388.wav?alt=media,X26NtNdE5xDhlTuTIRhn_Right.wav,Aniket Chauhan,"Theog, Shimla, Himachal Pradesh, India",21-30,,Right,दाएँ,Location and Directions,,adv,adverb,,,,,,,
X2poOW09Y583tOA2imP1,शिरपणी,,,,Shimla Saraji,,,,,,,,,,interrupting someone's work by unnecessarily trying or offering to do it,अनावश्यक रूप से प्रयास करने या करने की पेशकश करके किसी के काम में बाधा डालना,Physical Actions,Work and occupations,v,verb,"मु कोरणे दे आफीऐ, बेली शिरपणी ना ला!","Let me do myself, dont bother me unnecessarily by trying to do it.",,,,,
X3ZXCmVp3rY2pn16YY5t,औखड़,,,,Bishshau,,,,https://firebasestorage.googleapis.com/v0/b/talking-dictionaries-alpha.appspot.com/o/mahasuvi%2Faudio%2FX3ZXCmVp3rY2pn16YY5t_1653121458142.wav?alt=media,X3ZXCmVp3rY2pn16YY5t_Walnut.wav,Aniket Chauhan,"Theog, Shimla, Himachal Pradesh, India",21-30,,Walnut,अखरोट,"Plants, trees and other vegetation","Food, cooking and foodways",n,noun,,,,,,,
XDsqvQVOJkJEIg4oF1to,सुनागण,,,,,,,,https://firebasestorage.googleapis.com/v0/b/talking-dictionaries-alpha.appspot.com/o/mahasuvi%2Faudio%2FXDsqvQVOJkJEIg4oF1to_1653312560480.wav?alt=media,XDsqvQVOJkJEIg4oF1to_Gold_ornament.wav,Aniket Chauhan,"Theog, Shimla, Himachal Pradesh, India",21-30,,Gold ornament,सोने का आभूषण,"Art, crafts and textiles",Clothing and adornment,n,noun,,,,,,,
XFNeAynRozuDW7nEGYzn,डेरो,,,,"Shadochi, Rohruri ",,,,https://firebasestorage.googleapis.com/v0/b/talking-dictionaries-alpha.appspot.com/o/mahasuvi%2Faudio%2FXFNeAynRozuDW7nEGYzn_1653131379411.wav?alt=media,XFNeAynRozuDW7nEGYzn_Temporary_house_camp.wav,Aniket Chauhan,"Theog, Shimla, Himachal Pradesh, India",21-30,,"Temporary house, camp","अस्थाई घर, कैंप",Construction,,n,noun,,,,,,,
XNKtsywzH6fKkmp73Kzg,बाहों,,,,,,,,https://firebasestorage.googleapis.com/v0/b/talking-dictionaries-alpha.appspot.com/o/mahasuvi%2Faudio%2FXNKtsywzH6fKkmp73Kzg_1653308999998.wav?alt=media,XNKtsywzH6fKkmp73Kzg_Arms.wav,Aniket Chauhan,"Theog, Shimla, Himachal Pradesh, India",21-30,,Arms,बाहं,Body parts,,n,noun,,,,,,,
XNTWktcLownbxJzikI7C,भांगत्वाळी,,,,Shimla Saraji,,,,,,,,,,nonsensical talk,बेतुकी बात,Language and Communication,,n,noun,"पोरा टोले एथो, भांगत्वाळी ना ला","Go away from here, don't talk useless nonsense",,,,,
XXfshvFm2fF0yfvXr110,ई,,,,Shimla Saraji,,,,https://firebasestorage.googleapis.com/v0/b/talking-dictionaries-alpha.appspot.com/o/mahasuvi%2Faudio%2FXXfshvFm2fF0yfvXr110_1653130183150.wav?alt=media,XXfshvFm2fF0yfvXr110_mother.wav,Aniket Chauhan,"Theog, Shimla, Himachal Pradesh, India",21-30,,mother,माता,Kinship and relationships,,n,noun,ई तू इथो का कोरे?,Mother what are you doing here?,माँ तू यहां क्या कर रही है?,,,,
XbuUErkhLsbGBiWIVGbP,बीण्ड,,,,Shimla Saraji,,,,https://firebasestorage.googleapis.com/v0/b/talking-dictionaries-alpha.appspot.com/o/mahasuvi%2Faudio%2FXbuUErkhLsbGBiWIVGbP_1653309128564.wav?alt=media,XbuUErkhLsbGBiWIVGbP_1_Handle_of_a_spade_2_good_for_nothing.wav,Aniket Chauhan,"Theog, Shimla, Himachal Pradesh, India",21-30,,1. Handle of a spade; 2. good for nothing,1. एक कुदाल का हैंडल; 2. एक व्यक्ति जो किसी काम का नहीं,Tools and weapons,,n,noun,मेरा छोटा बीण्ड ओ।,My son is useless.,,,,,
XfMnuLhfXlGDMwnTGvmt,शिंखरी,,,,,,,,https://firebasestorage.googleapis.com/v0/b/talking-dictionaries-alpha.appspot.com/o/mahasuvi%2Faudio%2FXfMnuLhfXlGDMwnTGvmt_1653312188183.wav?alt=media,XfMnuLhfXlGDMwnTGvmt_The_topmost_portion_of_something.wav,Aniket Chauhan,"Theog, Shimla, Himachal Pradesh, India",21-30,,The topmost portion of something,किसी चीज का सबसे ऊपरी भाग,Location and Directions,,adj,adjective,,,,,,,
Xh653gjTIL6dPmQsxDgp,कोस,,,,Shimla Saraji,,,,https://firebasestorage.googleapis.com/v0/b/talking-dictionaries-alpha.appspot.com/o/mahasuvi%2Faudio%2FXh653gjTIL6dPmQsxDgp_1653122667324.wav?alt=media,Xh653gjTIL6dPmQsxDgp_Which_Whom.wav,Aniket Chauhan,"Theog, Shimla, Himachal Pradesh, India",21-30,,"Which, Whom","किस, किसको",,,pro,pronoun,,,,,,,
XkgUOeyf7dLWvhOJULzz,ओशू,,,,Shimla Saraji,,,,https://firebasestorage.googleapis.com/v0/b/talking-dictionaries-alpha.appspot.com/o/mahasuvi%2Faudio%2FXkgUOeyf7dLWvhOJULzz_1653121434839.wav?alt=media,XkgUOeyf7dLWvhOJULzz_this_year.wav,Aniket Chauhan,"Theog, Shimla, Himachal Pradesh, India",21-30,,this year,इस साल,Time,,adv,adverb,ओशु मेरे शिमले खे डेऊणे।,This year I'll go to Shimla.,इस साल मैं शिमला जाऊंगा।,,,,
Xl1uWqpB4CYxDRrnrJzU,रैइत,,,,Rohruri ,,,,https://firebasestorage.googleapis.com/v0/b/talking-dictionaries-alpha.appspot.com/o/mahasuvi%2Faudio%2FXl1uWqpB4CYxDRrnrJzU_1653311700676.wav?alt=media,Xl1uWqpB4CYxDRrnrJzU_Jurisdiction.wav,Aniket Chauhan,"Theog, Shimla, Himachal Pradesh, India",21-30,,Jurisdiction,क्षेत्राधिकार,"Humans, Social Relations and Organization",Government and Law,n,noun,,,,,,,
Xq2HTTRzDce3mzO00MoN,घेरे,,,,Shimla Saraji,,,,,,,,,,"Circles, dark circles","मंडलियां, काले घेरे",Sleep,"Health, well-being and sickness",n,noun,राती बिहुन्जेयो आँखी दे घेरे पोड गोए,Having stayed awake at night dark circles have formed in the eyes,रात में जागते रहने से आंखों में काले घेरे बन गए हैं,,,,
XsF9p1xfLI9a6DunbKDt,कवेड़,,,,Shimla Saraji,,,,,,,,,,Fog,कोहरा,"Sky, weather and climate",,n,noun,पोरे टोले शाऊणो री क्वेड़िये,Get away oh monsoon's fog.,दूर हो जाओ मानसून के कोहरे।,,,,
XvKelnj9ASFuyt2AJnPm,भाओं,,,,"Shimla Saraji, Shadochi",,,,,,,,,,even if,भले ही,"Coordinators, Subordinators, Relativizers, Quotatives",,conj,conjunction,"ऐबे तो मेरे डेऊणे ई ओ, भाओं ऊटा पोडूं",Now I will definitely go even if I fall down.,,,,,
Xww1L6ese83khdsYxwhK,गाची,,,,,,,,https://firebasestorage.googleapis.com/v0/b/talking-dictionaries-alpha.appspot.com/o/mahasuvi%2Faudio%2FXww1L6ese83khdsYxwhK_1653123447801.wav?alt=media,Xww1L6ese83khdsYxwhK_Waistband.wav,Aniket Chauhan,"Theog, Shimla, Himachal Pradesh, India",21-30,,Waistband,कमरबंद,Clothing and adornment,,n,noun,,,,,,,
XzNNTK2eZRRv8V39tIiT,आंडै,ɑːⁿɖeː,,,Shimla Saraji,,,,https://firebasestorage.googleapis.com/v0/b/talking-dictionaries-alpha.appspot.com/o/mahasuvi%2Faudio%2FXzNNTK2eZRRv8V39tIiT_1653120415465.wav?alt=media,XzNNTK2eZRRv8V39tIiT_testicles.wav,Aniket Chauhan,"Theog, Shimla, Himachal Pradesh, India",21-30,,testicles,अंडकोष,Body parts,,n,noun,मेरे आंडो दी बेदनी हो लागी।,My testicles are paining.,मेरे अंडकोष में दर्द हो रही है।,,,,
Y6PpN2uZg2q74FMywfPC,घुह,,,,Sharachali,,,,https://firebasestorage.googleapis.com/v0/b/talking-dictionaries-alpha.appspot.com/o/mahasuvi%2Faudio%2FY6PpN2uZg2q74FMywfPC_1653124596866.wav?alt=media,Y6PpN2uZg2q74FMywfPC_Wipe.wav,Aniket Chauhan,"Theog, Shimla, Himachal Pradesh, India",21-30,,Wipe,पोछ,Physical Actions,Cleanliness and hygiene,v,verb,,,,,,,
Y7pT4ANgG1XuWxl0WS5h,शोग,,,,,,,,https://firebasestorage.googleapis.com/v0/b/talking-dictionaries-alpha.appspot.com/o/mahasuvi%2Faudio%2FY7pT4ANgG1XuWxl0WS5h_1653312314252.wav?alt=media,Y7pT4ANgG1XuWxl0WS5h_Mourning.wav,Aniket Chauhan,"Theog, Shimla, Himachal Pradesh, India",21-30,,Mourning,शोक,Life stages and rites of passage,Emotions,n,noun,,,,,,,
YEFHKpYv6nPNCM4iRJRz,ऊतला,,,,,,,,https://firebasestorage.googleapis.com/v0/b/talking-dictionaries-alpha.appspot.com/o/mahasuvi%2Faudio%2FYEFHKpYv6nPNCM4iRJRz_1653121058913.wav?alt=media,YEFHKpYv6nPNCM4iRJRz_Above.wav,Aniket Chauhan,"Theog, Shimla, Himachal Pradesh, India",21-30,,Above,ऊपर,Location and Directions,,prep,preposition,,,,,,,
YG1s1kdSIqJVlR8ymHyI,थाम्बणा,,,,Shimla Saraji,,,,https://firebasestorage.googleapis.com/v0/b/talking-dictionaries-alpha.appspot.com/o/mahasuvi%2Faudio%2FYG1s1kdSIqJVlR8ymHyI_1653131796115.wav?alt=media,YG1s1kdSIqJVlR8ymHyI_to_take_control_to_take_hold_of.wav,Aniket Chauhan,"Theog, Shimla, Himachal Pradesh, India",21-30,,"to take control, to take hold of","नियंत्रण करना, नियंत्रण में रखना",,,v,verb,,,,,,,
YH2Ze5xOBR0Ic51DQyau,चरेरो,,,,Barari,,,,,,,,,,spicy,तीखा,Senses and perception,,adj,adjective,,,,,,,
YL1q4fwRDaTUU4jSATIS,कुतकणी,,,,Shadochi,,,,https://firebasestorage.googleapis.com/v0/b/talking-dictionaries-alpha.appspot.com/o/mahasuvi%2Faudio%2FYL1q4fwRDaTUU4jSATIS_1653122095910.wav?alt=media,YL1q4fwRDaTUU4jSATIS_Tickling.wav,Aniket Chauhan,"Theog, Shimla, Himachal Pradesh, India",21-30,,Tickling,गुदगुदी,Physical Actions,,v,verb,,,,,,,
YP4pDcpFLcYjFXFsYGqG,शुआ,,,,Shimla Saraji,,,,https://firebasestorage.googleapis.com/v0/b/talking-dictionaries-alpha.appspot.com/o/mahasuvi%2Faudio%2FYP4pDcpFLcYjFXFsYGqG_1653312266112.wav?alt=media,YP4pDcpFLcYjFXFsYGqG_Parrot.wav,Aniket Chauhan,"Theog, Shimla, Himachal Pradesh, India",21-30,,Parrot,तोता,Birds,,n,noun,शुआ पेड़ो री शिंखरी दा बौठा दो सेओ खांदा।,Parrot is eating apple sitting on the top of the tree.,,,,,
YTTXLHXZk7eShh1HghJy,देउ उतरना,,,,"Shimla Saraji, Bishshau",,,,https://firebasestorage.googleapis.com/v0/b/talking-dictionaries-alpha.appspot.com/o/mahasuvi%2Faudio%2FYTTXLHXZk7eShh1HghJy_1653131937928.wav?alt=media,YTTXLHXZk7eShh1HghJy_invocation_of_deity_in_his_Oracles_body.wav,Aniket Chauhan,"Theog, Shimla, Himachal Pradesh, India",21-30,,invocation of deity in his Oracle's body,अपने प्रवक्ता के शरीर में देवता का आह्वान,Spirituality and Religion,Interjections,v,verb,,,,,,,
YaplSZR9HTFQdccRFWhW,हाला,,,,"Shimla Saraji, Bishshau",,,,https://firebasestorage.googleapis.com/v0/b/talking-dictionaries-alpha.appspot.com/o/mahasuvi%2Faudio%2FYaplSZR9HTFQdccRFWhW_1653312883782.wav?alt=media,YaplSZR9HTFQdccRFWhW_Noise.wav,Aniket Chauhan,"Theog, Shimla, Himachal Pradesh, India",21-30,,Noise,शोर,Senses and perception,,n,noun,,,,,,,
YccNrHb6T4Iu9DFktxY7,खोड,,,,Shimla Saraji,,,,https://firebasestorage.googleapis.com/v0/b/talking-dictionaries-alpha.appspot.com/o/mahasuvi%2Faudio%2FYccNrHb6T4Iu9DFktxY7_1653123230788.wav?alt=media,YccNrHb6T4Iu9DFktxY7_Walnut.wav,Aniket Chauhan,"Theog, Shimla, Himachal Pradesh, India",21-30,,Walnut,अखरोट,"Plants, trees and other vegetation","Food, cooking and foodways",n,noun,खोड़ नी लागे एज़ी बोरशे।,Walnuts didn't grow this year.,,,,,
Ykch8Kvb4BmO1700ORlM,दुहणो,,,,Shadochi,,,,https://firebasestorage.googleapis.com/v0/b/talking-dictionaries-alpha.appspot.com/o/mahasuvi%2Faudio%2FYkch8Kvb4BmO1700ORlM_1653131920856.wav?alt=media,Ykch8Kvb4BmO1700ORlM_Act_of_milking_an_animal.wav,Aniket Chauhan,"Theog, Shimla, Himachal Pradesh, India",21-30,,Act of milking an animal,किसी जानवर को दुहने की क्रिया,Physical Actions,Animal husbandry,v,verb,,,,,,,
Yl50AwYKL4tRYCAjXhnd,खुटी,,,,Shimla Saraji,,,,https://firebasestorage.googleapis.com/v0/b/talking-dictionaries-alpha.appspot.com/o/mahasuvi%2Faudio%2FYl50AwYKL4tRYCAjXhnd_1653123042388.wav?alt=media,Yl50AwYKL4tRYCAjXhnd_Legs.wav,Aniket Chauhan,"Theog, Shimla, Himachal Pradesh, India",21-30,,Leg(s),टांग,Body parts,,n,noun,मेरी खुटी दी बेदण ओ लागी दो।,There is pain in my feet.,,,,,
YwfHXzgCRYKTKIDEMcwu,ईओ,,,,Shimla Saraji,,,,https://firebasestorage.googleapis.com/v0/b/talking-dictionaries-alpha.appspot.com/o/mahasuvi%2Faudio%2FYwfHXzgCRYKTKIDEMcwu_1653120932521.wav?alt=media,YwfHXzgCRYKTKIDEMcwu_this.wav,Aniket Chauhan,"Theog, Shimla, Himachal Pradesh, India",21-30,,this,ऐसे,,,pro,pronoun,ईओ चुंगे ऊबा।,Pick this up.,,,,,
YxrBE6X0wBqLNtAdDO5g,सनार,,,,,,,,https://firebasestorage.googleapis.com/v0/b/talking-dictionaries-alpha.appspot.com/o/mahasuvi%2Faudio%2FYxrBE6X0wBqLNtAdDO5g_1653312400516.wav?alt=media,YxrBE6X0wBqLNtAdDO5g_Goldsmith.wav,Aniket Chauhan,"Theog, Shimla, Himachal Pradesh, India",21-30,,Goldsmith,सुनार,"Humans, Social Relations and Organization",Work and occupations,n,noun,,,,,,,
Z12B5rThjXaJSx0caO8e,आज़,ɑːz,,,Shimla Saraji,,,,https://firebasestorage.googleapis.com/v0/b/talking-dictionaries-alpha.appspot.com/o/mahasuvi%2Faudio%2FZ12B5rThjXaJSx0caO8e_1653120567757.wav?alt=media,Z12B5rThjXaJSx0caO8e_today.wav,Aniket Chauhan,"Theog, Shimla, Himachal Pradesh, India",21-30,,today,आज,Time,,adv,adverb,आज़ डेऊला ऊटा।,Today will go down.,आज जाऊंगा नीचे।,,,,
Z527xwzjYQ2Xxnylym0w,घुंडी,,,,Rohruri ,,,,https://firebasestorage.googleapis.com/v0/b/talking-dictionaries-alpha.appspot.com/o/mahasuvi%2Faudio%2FZ527xwzjYQ2Xxnylym0w_1653124534273.wav?alt=media,Z527xwzjYQ2Xxnylym0w_Knee.wav,Aniket Chauhan,"Theog, Shimla, Himachal Pradesh, India",21-30,,Knee,घुटना,Body parts,,n,noun,,,,,,,
ZKFjNyhKElsDsZj4OIUv,घांदी,,,,"Shimla Saraji, Barari",,,,,,,,,,Eating food sufficiently/such that it satiates appetite completely,पर्याप्त मात्रा में भोजन करना/ऐसा कि यह पूरी तरह से भूख को तृप्त करता है,"Food, cooking and foodways",Body functions,n,noun,"घांदिये खाइयो, ऐबे नी मिलणो किएँ","Eat sufficiently, you won't get anything now","खूब खाओ, अब कुछ नहीं मिलेगा",Senses and perception,,,
ZKXcdCX1q1WgSCT4KZ9r,नरेणु,,,,,,,,https://firebasestorage.googleapis.com/v0/b/talking-dictionaries-alpha.appspot.com/o/mahasuvi%2Faudio%2FZKXcdCX1q1WgSCT4KZ9r_1653296224106.wav?alt=media,ZKXcdCX1q1WgSCT4KZ9r_Lord_Narayan.wav,Aniket Chauhan,"Theog, Shimla, Himachal Pradesh, India",21-30,,Lord Narayan,नारायण,Spirituality and Religion,Sacred names,n,noun,,,,,,,
ZL2GrDuS64yZpf8Pvr7n,काड़ज़ु,,,,Shadochi,,,,https://firebasestorage.googleapis.com/v0/b/talking-dictionaries-alpha.appspot.com/o/mahasuvi%2Faudio%2FZL2GrDuS64yZpf8Pvr7n_1653121887682.wav?alt=media,ZL2GrDuS64yZpf8Pvr7n_Liver.wav,Aniket Chauhan,"Theog, Shimla, Himachal Pradesh, India",21-30,,Liver,जिगर,Body parts,,n,noun,,,,,,,
ZMJ4OqRLrK0FlDsxuynA,कपड़ाखो,,,,Bishshau,,,,https://firebasestorage.googleapis.com/v0/b/talking-dictionaries-alpha.appspot.com/o/mahasuvi%2Faudio%2FZMJ4OqRLrK0FlDsxuynA_1653121531978.wav?alt=media,ZMJ4OqRLrK0FlDsxuynA_Bitter_in_taste.wav,Aniket Chauhan,"Theog, Shimla, Himachal Pradesh, India",21-30,,Bitter (in taste),कडवा,Senses and perception,,adj,adjective,,,,,,,
ZTKPwivO2XR2lH14qlsQ,घोल,,,,,,,,https://firebasestorage.googleapis.com/v0/b/talking-dictionaries-alpha.appspot.com/o/mahasuvi%2Faudio%2FZTKPwivO2XR2lH14qlsQ_1653124686262.wav?alt=media,ZTKPwivO2XR2lH14qlsQ_Solution.wav,Aniket Chauhan,"Theog, Shimla, Himachal Pradesh, India",21-30,,Solution,घोल,,,n,noun,,,,,,,
ZUW39RnE0KytDMZcBdZH,औखोड,,,,Sharachali,,,,https://firebasestorage.googleapis.com/v0/b/talking-dictionaries-alpha.appspot.com/o/mahasuvi%2Faudio%2FZUW39RnE0KytDMZcBdZH_1653121466708.wav?alt=media,ZUW39RnE0KytDMZcBdZH_Walnut.wav,Aniket Chauhan,"Theog, Shimla, Himachal Pradesh, India",21-30,,Walnut,अखरोट,"Plants, trees and other vegetation","Food, cooking and foodways",n,noun,,,,,,,
ZXnOtdFYnTNUKCDLnF7E,ज़लाण,,,,Bishshau,,,,,,,,,,smell of burnt food due to being overcooked,अधिक पके होने के कारण जले हुए भोजन की गंध,"Food, cooking and foodways",Senses and perception,n,noun,दाले दु ज़लाण आज लागे।,A burnt smell is coming from curry.,,,,,
Zb0nctaVGzTe2d98Okli,दूंई,,,,"Shadochi, Bushahri",,,,,,,,,,Fog,कोहरा,"Sky, weather and climate",,n,noun,पोरु टौड़ै शांओणौई दूंईए,Get away oh monsoon's fog.,दूर हो जाओ मानसून के कोहरे।,,,,
ZdH8DxSeGIUyIE70YZcs,झरिट,,,,Bushahri,,,,https://firebasestorage.googleapis.com/v0/b/talking-dictionaries-alpha.appspot.com/o/mahasuvi%2Faudio%2FZdH8DxSeGIUyIE70YZcs_1653130510914.wav?alt=media,ZdH8DxSeGIUyIE70YZcs_Scratch.wav,Aniket Chauhan,"Theog, Shimla, Himachal Pradesh, India",21-30,,Scratch,खरोंच,Physical Actions,"Health, well-being and sickness",v,verb,,,,,,,
ZgqIk04IQcZCo2oJiNG7,मुंड,,,,Shimla Saraji,,,,https://firebasestorage.googleapis.com/v0/b/talking-dictionaries-alpha.appspot.com/o/mahasuvi%2Faudio%2FZgqIk04IQcZCo2oJiNG7_1653311168306.wav?alt=media,ZgqIk04IQcZCo2oJiNG7_Head.wav,Aniket Chauhan,"Theog, Shimla, Himachal Pradesh, India",21-30,,Head,सर,Body parts,,n,noun,मुंड शवाओ दो तेरो।,Your head is swollen.,,,,,
ZohYd3AuVbWDgGp981Tk,कुल्लूआ,,,,,,,,https://firebasestorage.googleapis.com/v0/b/talking-dictionaries-alpha.appspot.com/o/audio%2Fmahasuvi%2FZohYd3AuVbWDgGp981Tk_1624192934653.wav?alt=media,ZohYd3AuVbWDgGp981Tk_A_man_from_Kullu.wav,Aniket Chauhan,"Theog, Shimla, Himachal Pradesh, India",21-30,,A man from Kullu,कुल्लू का व्यक्ति,"Humans, Social Relations and Organization",Names of people and clans,n,noun,,,,,,,
ZonFZadJpLRP6Akkb2OM,ड्याकणा,,,,Bishshau,,,,,,,,,,to lock,बंद करना,Physical Actions,,,,,,,,,,
Zpt88iyYyYJN5XWmFJPq,ओषती,,,,,,,,https://firebasestorage.googleapis.com/v0/b/talking-dictionaries-alpha.appspot.com/o/mahasuvi%2Faudio%2FZpt88iyYyYJN5XWmFJPq_1653121450649.wav?alt=media,Zpt88iyYyYJN5XWmFJPq_Medicine.wav,Aniket Chauhan,"Theog, Shimla, Himachal Pradesh, India",21-30,,Medicine,औषधि,"Health, well-being and sickness",,n,noun,,,,,,,
Zq8boTw6rhFoAQuTXey8,कोईंथ,,,,Shimla Saraji,,,,,,,,,,Pyrus pashia,कैंथ,"Plants, trees and other vegetation","Food, cooking and foodways",n,noun,चौड़े ना कोईंथो रे कांडे,Don't break Kainth's needles.,कैंथ की सुइयां मत तोड़ो।,,,,
ZrpfYsURr2lv3lYAFJR2,मुङो,,,,Rohruri ,,,,https://firebasestorage.googleapis.com/v0/b/talking-dictionaries-alpha.appspot.com/o/mahasuvi%2Faudio%2FZrpfYsURr2lv3lYAFJR2_1653311207469.wav?alt=media,ZrpfYsURr2lv3lYAFJR2_Puffed_rice.wav,Aniket Chauhan,"Theog, Shimla, Himachal Pradesh, India",21-30,,Puffed rice,मुरमुरे,"Food, cooking and foodways",,n,noun,,,,,,,
a1foRKt7FItfoP0C9FrO,घुश,,,,Rohruri ,,,,https://firebasestorage.googleapis.com/v0/b/talking-dictionaries-alpha.appspot.com/o/mahasuvi%2Faudio%2Fa1foRKt7FItfoP0C9FrO_1653124577583.wav?alt=media,a1foRKt7FItfoP0C9FrO_Wipe.wav,Aniket Chauhan,"Theog, Shimla, Himachal Pradesh, India",21-30,,Wipe,पोछ,Physical Actions,Cleanliness and hygiene,v,verb,,,,,,,
a3y6AAxAMX2M6ecx6LEm,कोट,,,,Shimla Saraji,,,,https://firebasestorage.googleapis.com/v0/b/talking-dictionaries-alpha.appspot.com/o/mahasuvi%2Faudio%2Fa3y6AAxAMX2M6ecx6LEm_1653122407439.wav?alt=media,a3y6AAxAMX2M6ecx6LEm_Fort.wav,Aniket Chauhan,"Theog, Shimla, Himachal Pradesh, India",21-30,,Fort,किला,Construction,,n,noun,कोट देखणो मेरे गोइरो रे राणे रा।,I want to see the fort of the Rana of Kotkhai.,,,,,
a51sXPWUNN36CW9nGTlF,खादला,,,,"Rohruri (Spail), Chuhara, Barari",,,,,,,,,,Muddy,मैला,States and Characteristics,,adj,adjective,बारिशे बासिए नौए रो पाणी खादलो हुई गो,After the rainfall river water has become muddy,,,,,
a6YovsZcSXwNLozQzwVf,मालवा,,,,Shimla Saraji,,,,https://firebasestorage.googleapis.com/v0/b/talking-dictionaries-alpha.appspot.com/o/mahasuvi%2Faudio%2Fa6YovsZcSXwNLozQzwVf_1653310991826.wav?alt=media,a6YovsZcSXwNLozQzwVf_Pigeon.wav,Aniket Chauhan,"Theog, Shimla, Himachal Pradesh, India",21-30,,Pigeon,कबूतर,Birds,,n,noun,,,,,,,
aBlDZvVy61NnmJWqmte2,सुई,,,,,,,,https://firebasestorage.googleapis.com/v0/b/talking-dictionaries-alpha.appspot.com/o/mahasuvi%2Faudio%2FaBlDZvVy61NnmJWqmte2_1653312522793.wav?alt=media,aBlDZvVy61NnmJWqmte2_Salutations_from_a_married_female.wav,Aniket Chauhan,"Theog, Shimla, Himachal Pradesh, India",21-30,,Salutations from a married female,एक विवाहित महिला से सलाम,Language and Communication,,n,noun,,,,,,,
aEKjVaa9yhWcAVN3urUX,कूणी,,,,,,,,https://firebasestorage.googleapis.com/v0/b/talking-dictionaries-alpha.appspot.com/o/audio%2Fmahasuvi%2FaEKjVaa9yhWcAVN3urUX_1624192702854.wav?alt=media,aEKjVaa9yhWcAVN3urUX_Corner.wav,Aniket Chauhan,"Theog, Shimla, Himachal Pradesh, India",21-30,,Corner,कोना,Location and Directions,,n,noun,,,,,,,
aFMSVcdeNZp1WlTdQke8,दूस,,,,Sharachali,,,,https://firebasestorage.googleapis.com/v0/b/talking-dictionaries-alpha.appspot.com/o/mahasuvi%2Faudio%2FaFMSVcdeNZp1WlTdQke8_1653131927862.wav?alt=media,aFMSVcdeNZp1WlTdQke8_Day.wav,Aniket Chauhan,"Theog, Shimla, Himachal Pradesh, India",21-30,,Day,दिन,Time,,n,noun,,,,,,,
aJdJvRgkjxXCT56EZqOK,खरेडी,,,,Shimla Saraji,,,,https://firebasestorage.googleapis.com/v0/b/talking-dictionaries-alpha.appspot.com/o/mahasuvi%2Faudio%2FaJdJvRgkjxXCT56EZqOK_1653122736758.wav?alt=media,aJdJvRgkjxXCT56EZqOK_Legs_of_a_goat.wav,Aniket Chauhan,"Theog, Shimla, Himachal Pradesh, India",21-30,,Legs of a goat,बकरे की टांगे,Body parts,Animals,n,noun,खरेडी कोसके देई  तूएँ?,To whom did you give the goat's legs?,,,,,
aNRJUfidlWLSdj11n2E5,देऊठी,,,,Shimla Saraji,,,,https://firebasestorage.googleapis.com/v0/b/talking-dictionaries-alpha.appspot.com/o/mahasuvi%2Faudio%2FaNRJUfidlWLSdj11n2E5_1653131980925.wav?alt=media,aNRJUfidlWLSdj11n2E5_Temple.wav,Aniket Chauhan,"Theog, Shimla, Himachal Pradesh, India",21-30,,Temple,मंदिर,Spirituality and Religion,Construction,n,noun,डोमो री देऊठी बेगे बॉडी ओ।,Dom's temple is very large.,,,,,
aOazueJxQAylcU0l7IAv,किन्दें,,,,,,,,https://firebasestorage.googleapis.com/v0/b/talking-dictionaries-alpha.appspot.com/o/audio%2Fmahasuvi%2FaOazueJxQAylcU0l7IAv_1624192403292.wav?alt=media,aOazueJxQAylcU0l7IAv_Where.wav,Aniket Chauhan,"Theog, Shimla, Himachal Pradesh, India",21-30,,Where,कहाँ,Location and Directions,,adv,adverb,,,,,,,
aOkyFQwqpkjRZOKCm11f,बेगी,,,,,,,,https://firebasestorage.googleapis.com/v0/b/talking-dictionaries-alpha.appspot.com/o/mahasuvi%2Faudio%2FaOkyFQwqpkjRZOKCm11f_1653309195221.wav?alt=media,aOkyFQwqpkjRZOKCm11f_A_lot_excessive.wav,Aniket Chauhan,"Theog, Shimla, Himachal Pradesh, India",21-30,,"A lot, excessive",बहुत ज़्यादा,Sizes and dimensions,,adj,adjective,,,,,,,
aSSn61G302IhqOZmP5M9,शांद,,,,Rohruri ,,,,https://firebasestorage.googleapis.com/v0/b/talking-dictionaries-alpha.appspot.com/o/mahasuvi%2Faudio%2FaSSn61G302IhqOZmP5M9_1653312061625.wav?alt=media,aSSn61G302IhqOZmP5M9_Tired.wav,Aniket Chauhan,"Theog, Shimla, Himachal Pradesh, India",21-30,,Tired,थक,Sleep,States and Characteristics,adj,adjective,,,,,,,
aSThvTXuFdjEzC3rWAxY,गार,,,,Shimla Saraji,,,,https://firebasestorage.googleapis.com/v0/b/talking-dictionaries-alpha.appspot.com/o/mahasuvi%2Faudio%2FaSThvTXuFdjEzC3rWAxY_1653123497632.wav?alt=media,aSThvTXuFdjEzC3rWAxY_Mud.wav,Aniket Chauhan,"Theog, Shimla, Himachal Pradesh, India",21-30,,Mud,कीचड़,Universe and the natural world,"Earth, geology and landscape",n,noun,,,,,,,
aTbZjrIWP25hb8xU8RXW,धेड़णो,,,,,,,,https://firebasestorage.googleapis.com/v0/b/talking-dictionaries-alpha.appspot.com/o/mahasuvi%2Faudio%2FaTbZjrIWP25hb8xU8RXW_1653296105956.wav?alt=media,aTbZjrIWP25hb8xU8RXW_Act_of_tearing_apart.wav,Aniket Chauhan,"Theog, Shimla, Himachal Pradesh, India",21-30,,Act of tearing apart,फाड़ने की क्रिया,Physical Actions,,v,verb,,,,,,,
aTpRz2Ew3EF8FIfdnJ17,जिबाल,,,,Sharachali,,,,https://firebasestorage.googleapis.com/v0/b/talking-dictionaries-alpha.appspot.com/o/mahasuvi%2Faudio%2FaTpRz2Ew3EF8FIfdnJ17_1653125470399.wav?alt=media,aTpRz2Ew3EF8FIfdnJ17_Noose.wav,Aniket Chauhan,"Theog, Shimla, Himachal Pradesh, India",21-30,,Noose,फंदा,Tools and weapons,,n,noun,,,,,,,
aUTMR7lweWJRKwfHSOg1,घैल,,,,Barari,,,,,,,,,,Hug,झप्पी,Physical Actions,Social activities and interactions,v,verb,"रूपी रे आमा आहो ली, तो घैल दैअ। ",Roopi's mother will come and hug.,रूपी की माँ आकर गले लगेगी।,,,,
advRJ3w6xXNtfWjR7JLf,शवाल,,,,Shimla Saraji,,,,,,,,,,Swelling,सूजन,"Health, well-being and sickness",,n,noun,तेरो लात केईं ओ शवाओ दो?,Why is your foot swollen?,आपका पैर क्यों सूज गया है?,,,,
aeyyOpZf5hdKXlDMiNr8,मेढ़,,,,Shadochi,,,,,,,,,,Wooden floor,लकड़ी के फर्श,Household,,n,noun,मेढ़ लीपौ नी तैं,Haven't you mopped the floor?,क्या तुमने फर्श नहीं पोंछा?,,,,
afHbdCXPh0AzuSrOhzgH,थाड़ौ,,,,Shadochi,,,,,,,,,,Grasshopper,टिड्डी,Insects and small creatures,,n,noun,तेरै गुज्जै दी थाड़ौ डे गौ,A grasshopper went inside your pocket,एक टिड्डा आपकी जेब में चला गया,,,,
ahCEBf22xxdZfSY29fAr,बोदांची,,,,Bishshau,,,,,,,,,,invitation,आमंत्रण,Language and Communication,Social activities and interactions,n,noun,,,,,,,
am1TcRJShPZkWCCsGQTL,बाळणा,,,,Shimla Saraji,,,,https://firebasestorage.googleapis.com/v0/b/talking-dictionaries-alpha.appspot.com/o/mahasuvi%2Faudio%2Fam1TcRJShPZkWCCsGQTL_1653308968518.wav?alt=media,am1TcRJShPZkWCCsGQTL_Act_of_combing_hair.wav,Aniket Chauhan,"Theog, Shimla, Himachal Pradesh, India",21-30,,Act of combing hair,बालों में कंघी करने की क्रिया,Physical Actions,Cleanliness and hygiene,v,verb,,,,,,,
asVlWr6ogz0P7RFW0ZNF,बाज,,,,,,,,https://firebasestorage.googleapis.com/v0/b/talking-dictionaries-alpha.appspot.com/o/mahasuvi%2Faudio%2FasVlWr6ogz0P7RFW0ZNF_1653297426510.wav?alt=media,asVlWr6ogz0P7RFW0ZNF_play_an_instrument.wav,Aniket Chauhan,"Theog, Shimla, Himachal Pradesh, India",21-30,,play (an instrument),बजा,Physical Actions,Music and Entertainment,v,verb,,,,,,,
awp9Cyvhl5jtNb2AZc9k,दौख,,,,Chuhara,,,,,,,,,,Although,यद्यपि,"Coordinators, Subordinators, Relativizers, Quotatives",,conj,conjunction,,,,,,,
b5uM6G57Evn6i8M3Qnje,लोड़,,,,Shimla Saraji,,,,https://firebasestorage.googleapis.com/v0/b/talking-dictionaries-alpha.appspot.com/o/mahasuvi%2Faudio%2Fb5uM6G57Evn6i8M3Qnje_1653311964820.wav?alt=media,b5uM6G57Evn6i8M3Qnje_Find.wav,Aniket Chauhan,"Theog, Shimla, Himachal Pradesh, India",21-30,,Find,खोज,Physical Actions,Location and Directions,v,verb,का लोड़ लाओ?,What are you searching?,,,,,
b6b6GFMaQ2AVbTS6yM8z,पॉशड़ी,,,,,,,,https://firebasestorage.googleapis.com/v0/b/talking-dictionaries-alpha.appspot.com/o/mahasuvi%2Faudio%2Fb6b6GFMaQ2AVbTS6yM8z_1653296907851.wav?alt=media,b6b6GFMaQ2AVbTS6yM8z_Side.wav,Aniket Chauhan,"Theog, Shimla, Himachal Pradesh, India",21-30,,Side,पक्ष,Location and Directions,,n,noun,,,,,,,
b80zn6vbLJNpnCfqGpGy,शड़ेंण,,,,Shimla Saraji,,,,,,,,,,Bad smell,बुरी गंध,Senses and perception,,n,noun,तांदो शड़ेंण आज लागी,You are smelling bad.,आपको बदबू आ रही है।,,,,
bA0K8aQzrNSoDGcLsy7P,पांडके,pɑːⁿɖkeː,,,Shimla Saraji,,,,https://firebasestorage.googleapis.com/v0/b/talking-dictionaries-alpha.appspot.com/o/mahasuvi%2Faudio%2FbA0K8aQzrNSoDGcLsy7P_1653296668631.wav?alt=media,bA0K8aQzrNSoDGcLsy7P_there_that_side.wav,Aniket Chauhan,"Theog, Shimla, Himachal Pradesh, India",21-30,,"there, that side",उस तरफ,Location and Directions,,n,noun,तूएँ पांडके केयीं डेए?,Why did you go to that side?,आप उस तरफ क्यों गए?,,,,
bAmnJI5oBvWKTwpJRZD0,रुंदी,,,,,,,,https://firebasestorage.googleapis.com/v0/b/talking-dictionaries-alpha.appspot.com/o/mahasuvi%2Faudio%2FbAmnJI5oBvWKTwpJRZD0_1653311613954.wav?alt=media,bAmnJI5oBvWKTwpJRZD0_Crying.wav,Aniket Chauhan,"Theog, Shimla, Himachal Pradesh, India",21-30,,Crying,रोना,Physical Actions,Emotions,,,,,,Body functions,,,
bDhONIZSV6ggdDjKMoJt,बिकरी,,,,Shimla Saraji,,,,,,,,,,anterior portion of a farm,खेत का अग्र भाग,Agriculture,,,,,,,,,,
bE3aXQaVpwf5bpfmlatR,कोल्ली,,,,,,,,https://firebasestorage.googleapis.com/v0/b/talking-dictionaries-alpha.appspot.com/o/mahasuvi%2Faudio%2FbE3aXQaVpwf5bpfmlatR_1653122658548.wav?alt=media,bE3aXQaVpwf5bpfmlatR_Alone.wav,Aniket Chauhan,"Theog, Shimla, Himachal Pradesh, India",21-30,,Alone,अकेले,States and Characteristics,,adj,adjective,,,,,,,
bOnJDnXguddVT0TEaICr,जों,,,,,,,,https://firebasestorage.googleapis.com/v0/b/talking-dictionaries-alpha.appspot.com/o/mahasuvi%2Faudio%2FbOnJDnXguddVT0TEaICr_1653130440434.wav?alt=media,bOnJDnXguddVT0TEaICr_Workers_of_netherworld.wav,Aniket Chauhan,"Theog, Shimla, Himachal Pradesh, India",21-30,,Workers of netherworld,यमदूत,Spirituality and Religion,,n,noun,,,,,,,
bVjYwjx0tD6QqwoQ9YaA,खालड़ा,,,,Rohruri ,,,,https://firebasestorage.googleapis.com/v0/b/talking-dictionaries-alpha.appspot.com/o/mahasuvi%2Faudio%2FbVjYwjx0tD6QqwoQ9YaA_1653122909043.wav?alt=media,bVjYwjx0tD6QqwoQ9YaA_Bag_made_out_of_goat_skin_which_was_used_for_storing_grains_in_olden_times.wav,Aniket Chauhan,"Theog, Shimla, Himachal Pradesh, India",21-30,,Bag made out of goat skin which was used for storing grains in olden times,बकरी की खाल से बना थैला जो पुराने समय में अनाज के भंडारण के लिए इस्तेमाल किया जाता था,Agriculture,,n,noun,,,,,,,
baZjZ9gvLbDWNfPJN65Q,चोडवे,,,,Sharachali,,,,https://firebasestorage.googleapis.com/v0/b/talking-dictionaries-alpha.appspot.com/o/mahasuvi%2Faudio%2FbaZjZ9gvLbDWNfPJN65Q_1653125009768.wav?alt=media,baZjZ9gvLbDWNfPJN65Q_Feet.wav,Aniket Chauhan,"Theog, Shimla, Himachal Pradesh, India",21-30,,Feet,पेर,Body parts,,n,noun,,,,,,,
bbRlmVWntem4TYNbQJtI,खीस,,,,Shimla Saraji,,,,,,,,,,fart,पाद छोड़ना,Physical Actions,Senses and perception,v,verb,कुणे खीसो?,Who farted?,,,,,
bdjqzsauJXGaAi0ECmiN,ज़ानु,,,,"Shimla Saraji, Shadochi, Bishshau",,,,https://firebasestorage.googleapis.com/v0/b/talking-dictionaries-alpha.appspot.com/o/mahasuvi%2Faudio%2FbdjqzsauJXGaAi0ECmiN_1653125338894.wav?alt=media,bdjqzsauJXGaAi0ECmiN_Knee.wav,Aniket Chauhan,"Theog, Shimla, Himachal Pradesh, India",21-30,,Knee,घुटना,Body parts,,n,noun,,,,,,,
bevJdPIwRRN0cBxBw5PW,चग्राओ,,,,Rohruri ,,,,https://firebasestorage.googleapis.com/v0/b/talking-dictionaries-alpha.appspot.com/o/mahasuvi%2Faudio%2FbevJdPIwRRN0cBxBw5PW_1653124694121.wav?alt=media,bevJdPIwRRN0cBxBw5PW_To_warn.wav,Aniket Chauhan,"Theog, Shimla, Himachal Pradesh, India",21-30,,To warn,चेतावनी देना,Language and Communication,,v,verb,,,,,,,
bm5cTwhjOpJthzuLDE8A,मडेक,,,,,,,,https://firebasestorage.googleapis.com/v0/b/talking-dictionaries-alpha.appspot.com/o/mahasuvi%2Faudio%2Fbm5cTwhjOpJthzuLDE8A_1653310705787.wav?alt=media,bm5cTwhjOpJthzuLDE8A_Twist.wav,Aniket Chauhan,"Theog, Shimla, Himachal Pradesh, India",21-30,,Twist,मरोड़,Physical Actions,,v,verb,,,,,,,
bphZiMSY6UasKU9IG3tz,भेट,,,,Bishshau,,,,https://firebasestorage.googleapis.com/v0/b/talking-dictionaries-alpha.appspot.com/o/mahasuvi%2Faudio%2FbphZiMSY6UasKU9IG3tz_1653310589841.wav?alt=media,bphZiMSY6UasKU9IG3tz_Find.wav,Aniket Chauhan,"Theog, Shimla, Himachal Pradesh, India",21-30,,Find,खोज,Physical Actions,Location and Directions,v,verb,,,,,,,
brMbbO1RaA5OkaMX0z6E,पोगडो,,,,,,,,https://firebasestorage.googleapis.com/v0/b/talking-dictionaries-alpha.appspot.com/o/mahasuvi%2Faudio%2FbrMbbO1RaA5OkaMX0z6E_1653296977683.wav?alt=media,brMbbO1RaA5OkaMX0z6E_invocation_of_deity_in_his_Oracles_body.wav,Aniket Chauhan,"Theog, Shimla, Himachal Pradesh, India",21-30,,invocation of deity in his Oracle's body,अपने प्रवक्ता के शरीर में देवता का आह्वान,Spirituality and Religion,Interjections,v,verb,,,,,,,
bsiGyBNROv3U0AbjZZPy,पोगड़णो,,,,Shadochi,,,,https://firebasestorage.googleapis.com/v0/b/talking-dictionaries-alpha.appspot.com/o/mahasuvi%2Faudio%2FbsiGyBNROv3U0AbjZZPy_1653296970482.wav?alt=media,bsiGyBNROv3U0AbjZZPy_invocation_of_deity_in_his_Oracles_body.wav,Aniket Chauhan,"Theog, Shimla, Himachal Pradesh, India",21-30,,invocation of deity in his Oracle's body,अपने प्रवक्ता के शरीर में देवता का आह्वान,Spirituality and Religion,Interjections,v,verb,,,,,,,
btiQhsurs2RJM8v9JxDt,ठोहरणा,,,,,,,,https://firebasestorage.googleapis.com/v0/b/talking-dictionaries-alpha.appspot.com/o/mahasuvi%2Faudio%2FbtiQhsurs2RJM8v9JxDt_1653131069975.wav?alt=media,btiQhsurs2RJM8v9JxDt_to_get_sick.wav,Aniket Chauhan,"Theog, Shimla, Himachal Pradesh, India",21-30,,to get sick,बीमार होना,"Health, well-being and sickness",,adj,adjective,,,,,,,
bycQ7mvecGLqxYgIzEbm,छाल,,,,Rohruri ,,,,https://firebasestorage.googleapis.com/v0/b/talking-dictionaries-alpha.appspot.com/o/mahasuvi%2Faudio%2FbycQ7mvecGLqxYgIzEbm_1653125137007.wav?alt=media,bycQ7mvecGLqxYgIzEbm_Shake.wav,Aniket Chauhan,"Theog, Shimla, Himachal Pradesh, India",21-30,,Shake,हिल,Physical Actions,,v,verb,,,,,,,
bzdIheBTAlsULXmdxN6P,शिखा,,,,Kumharsain,,,,,,,,,,meat,मांस,"Food, cooking and foodways",,n,noun,,,,,,,
c0GNCKq0i9MoYWO0mLHN,झामचु,,,,Bushahri,,,,https://firebasestorage.googleapis.com/v0/b/talking-dictionaries-alpha.appspot.com/o/mahasuvi%2Faudio%2Fc0GNCKq0i9MoYWO0mLHN_1653130554537.wav?alt=media,c0GNCKq0i9MoYWO0mLHN_Morchella.wav,Aniket Chauhan,"Theog, Shimla, Himachal Pradesh, India",21-30,,Morchella,गुच्छी,"Plants, trees and other vegetation","Food, cooking and foodways",n,noun,,,,,,,
cDYmZ4p1D7QvYU2b8wMo,माहस्ती,,,,Shimla Saraji,,,,https://firebasestorage.googleapis.com/v0/b/talking-dictionaries-alpha.appspot.com/o/mahasuvi%2Faudio%2FcDYmZ4p1D7QvYU2b8wMo_1653311100828.wav?alt=media,cDYmZ4p1D7QvYU2b8wMo_Hindu_widow_sati.wav,Aniket Chauhan,"Theog, Shimla, Himachal Pradesh, India",21-30,,Hindu widow sati,सती,"Humans, Social Relations and Organization",Life stages and rites of passage,n,noun,चेंखी ओ शिमले री सोबी दो मशूर माहस्ती।,Chenkhi is Shimla's most famous Mahasti.,,,,,
cECCa5WxlI2QfKPBv1gA,चोगरणो,,,,Shadochi,,,,https://firebasestorage.googleapis.com/v0/b/talking-dictionaries-alpha.appspot.com/o/mahasuvi%2Faudio%2FcECCa5WxlI2QfKPBv1gA_1653124928590.wav?alt=media,cECCa5WxlI2QfKPBv1gA_to_be_aware_of_something.wav,Aniket Chauhan,"Theog, Shimla, Himachal Pradesh, India",21-30,,to be aware of something,किसी चीज से अवगत होना,Mental actions,,n,noun,,,,,,,
cFbPm4lS7j37QnyMbzJp,चाड़,,,,Rohruri ,,,,,,,,,,annoyance,चिढ़,Emotions,,n,noun,ओऊ ता चाड़ेगो ऐस शुणे शुणेआ,I've gotten really annoyed listening to him talk.,,,,,
cOX8zIuZwS1bqw9BLm1X,डाम,,,,,,,,https://firebasestorage.googleapis.com/v0/b/talking-dictionaries-alpha.appspot.com/o/audio%2Fmahasuvi%2FcOX8zIuZwS1bqw9BLm1X_1627648009008.wav?alt=media,cOX8zIuZwS1bqw9BLm1X_Burn.wav,Aniket Chauhan,"Theog, Shimla, Himachal Pradesh, India",21-30,,Burn,जलन,Physical Actions,,v,verb,,,,,,,
cPiabsFOToTVJ9SGdMO3,पाडी,,,,Shimla Saraji,,,,https://firebasestorage.googleapis.com/v0/b/talking-dictionaries-alpha.appspot.com/o/mahasuvi%2Faudio%2FcPiabsFOToTVJ9SGdMO3_1653296730867.wav?alt=media,cPiabsFOToTVJ9SGdMO3_Clumsy_and_lazy_fellow.wav,Aniket Chauhan,"Theog, Shimla, Himachal Pradesh, India",21-30,,Clumsy and lazy fellow,अनाड़ी,"Humans, Social Relations and Organization",,adj,adjective,,,,,,,
cS57KR7CahPXlhfVwfrp,गुड़कु,,,,,,,,,,,,,,Thunder of clouds,बादलों की गड़गड़ाहट,"Sky, weather and climate",,n,noun,बीजे दो गुड़कु गुडो,The sound of thunder is coming in clear sky.,साफ आसमान में गड़गड़ाहट की आवाज आ रही है।,,,,
cUU4Xs5O2hBUUPcknuum,आगलो,ɑːgəloː,,,Shimla Saraji,,,,https://firebasestorage.googleapis.com/v0/b/talking-dictionaries-alpha.appspot.com/o/mahasuvi%2Faudio%2FcUU4Xs5O2hBUUPcknuum_1653120504566.wav?alt=media,cUU4Xs5O2hBUUPcknuum_next.wav,Aniket Chauhan,"Theog, Shimla, Himachal Pradesh, India",21-30,,next,अगला,,,adj,adjective,आगलो कुकटु आण।,Bring the next dog.,अगला कुत्ता लाओ।,,,,
ca3sKBuUe2TuKuaUSMwg,केबी,,,,,,,,https://firebasestorage.googleapis.com/v0/b/talking-dictionaries-alpha.appspot.com/o/mahasuvi%2Faudio%2Fca3sKBuUe2TuKuaUSMwg_1653122295040.wav?alt=media,ca3sKBuUe2TuKuaUSMwg_When.wav,Aniket Chauhan,"Theog, Shimla, Himachal Pradesh, India",21-30,,When,कब,Time,,adv,adverb,,,,,,,
cgT3xRI6iGG1w0mlgsU0,कांसा,,,,,,,,https://firebasestorage.googleapis.com/v0/b/talking-dictionaries-alpha.appspot.com/o/mahasuvi%2Faudio%2FcgT3xRI6iGG1w0mlgsU0_1653121640688.wav?alt=media,cgT3xRI6iGG1w0mlgsU0_Bronze.wav,Aniket Chauhan,"Theog, Shimla, Himachal Pradesh, India",21-30,,Bronze,पीतल,Tools and weapons,,n,noun,,,,,,,
cgl0KEchjihpdDB6HF7a,घुटी,,,,,,,,https://firebasestorage.googleapis.com/v0/b/talking-dictionaries-alpha.appspot.com/o/mahasuvi%2Faudio%2Fcgl0KEchjihpdDB6HF7a_1653124557108.wav?alt=media,cgl0KEchjihpdDB6HF7a_Solution.wav,Aniket Chauhan,"Theog, Shimla, Himachal Pradesh, India",21-30,,Solution,घोल,,,n,noun,,,,,,,
cgzUdADobBn1jOOkKZL1,कूब,,,,,,,,https://firebasestorage.googleapis.com/v0/b/talking-dictionaries-alpha.appspot.com/o/audio%2Fmahasuvi%2FcgzUdADobBn1jOOkKZL1_1624192804223.wav?alt=media,cgzUdADobBn1jOOkKZL1_Hump.wav,Aniket Chauhan,"Theog, Shimla, Himachal Pradesh, India",21-30,,Hump,कूबड़,"Health, well-being and sickness",,n,noun,,,,,,,
chrBYzVBKc4mZWY86EjV,पिपलाइलो,,,,Bishshau,,,,,,,,,,spicy,तीखा,States and Characteristics,,adj,adjective,,,,,,,
cj8XazPtgHqICaLRDkC5,बशटांग,,,,Shimla Saraji (Theog),,,,https://firebasestorage.googleapis.com/v0/b/talking-dictionaries-alpha.appspot.com/o/mahasuvi%2Faudio%2Fcj8XazPtgHqICaLRDkC5_1653297276889.wav?alt=media,cj8XazPtgHqICaLRDkC5_Marriage_proposal.wav,Aniket Chauhan,"Theog, Shimla, Himachal Pradesh, India",21-30,,Marriage proposal,विवाह प्रस्ताव,Life stages and rites of passage,Social activities and interactions,n,noun,,,,,,,
cjqSsZ332cGC09UDTEWH,शाशू,,,,Shimla Saraji,,,,https://firebasestorage.googleapis.com/v0/b/talking-dictionaries-alpha.appspot.com/o/mahasuvi%2Faudio%2FcjqSsZ332cGC09UDTEWH_1653312133653.wav?alt=media,cjqSsZ332cGC09UDTEWH_Mother_inlaw.wav,Aniket Chauhan,"Theog, Shimla, Himachal Pradesh, India",21-30,,Mother in-law,सास,Kinship and relationships,,n,noun,मेरी शाशू ओ बेगी शोड़ी।,My mother-in-law is really bad.,,,,,
crHaeqdUiEjieVolB72O,रशेषा,,,,Rohruri ,,,,https://firebasestorage.googleapis.com/v0/b/talking-dictionaries-alpha.appspot.com/o/mahasuvi%2Faudio%2FcrHaeqdUiEjieVolB72O_1653311513600.wav?alt=media,crHaeqdUiEjieVolB72O_Strange.wav,Aniket Chauhan,"Theog, Shimla, Himachal Pradesh, India",21-30,,Strange,अनोखा,States and Characteristics,,adj,adjective,,,,,,,
csVcCenFdM6nzyVuu28L,मुड़ी,,,,,,,,https://firebasestorage.googleapis.com/v0/b/talking-dictionaries-alpha.appspot.com/o/mahasuvi%2Faudio%2FcsVcCenFdM6nzyVuu28L_1653311236299.wav?alt=media,csVcCenFdM6nzyVuu28L_Puffed_rice.wav,Aniket Chauhan,"Theog, Shimla, Himachal Pradesh, India",21-30,,Puffed rice,मुरमुरे,"Food, cooking and foodways",,n,noun,,,,,,,
cuLkXknvmVcIBmhsVnxg,रबरांण,,,,Rohruri ,,,,,,,,,,Smell of rubber,रबर की गंध,Senses and perception,,n,noun,टांकी ये पाणी का तिणे रबरांण चले दे,Rubbery taste is coming from tank's water.,टंकी के पानी से रबड़ जैसा स्वाद आ रहा है।,,,,
cwwp7xAtcIpwfHWxFVve,छांदड,,,,Shimla Saraji,,,,https://firebasestorage.googleapis.com/v0/b/talking-dictionaries-alpha.appspot.com/o/mahasuvi%2Faudio%2Fcwwp7xAtcIpwfHWxFVve_1653125115323.wav?alt=media,cwwp7xAtcIpwfHWxFVve_Attic.wav,Aniket Chauhan,"Theog, Shimla, Himachal Pradesh, India",21-30,,Attic,अटारी,Construction,Household,n,noun,,,,,,,
cycxq71SiMnTnFjB5Fgp,बोआरा,,,,,,,,https://firebasestorage.googleapis.com/v0/b/talking-dictionaries-alpha.appspot.com/o/mahasuvi%2Faudio%2Fcycxq71SiMnTnFjB5Fgp_1653309394341.wav?alt=media,cycxq71SiMnTnFjB5Fgp_Unpaid_labour_work_that_people_did_for_each_other.wav,Aniket Chauhan,"Theog, Shimla, Himachal Pradesh, India",21-30,,Unpaid labour work that people did for each other,अवैतनिक श्रम कार्य जो लोग एक दूसरे के लिए करते थे,Physical Actions,Work and occupations,,,,,,,,,
d5Mt62MX5AIPzsNWByp9,हालो,,,,,,,,https://firebasestorage.googleapis.com/v0/b/talking-dictionaries-alpha.appspot.com/o/mahasuvi%2Faudio%2Fd5Mt62MX5AIPzsNWByp9_1653312892645.wav?alt=media,d5Mt62MX5AIPzsNWByp9_Noise.wav,Aniket Chauhan,"Theog, Shimla, Himachal Pradesh, India",21-30,,Noise,शोर,Senses and perception,,n,noun,,,,,,,
dCkkoA6l4LOzIL43EZwV,ओषको,,,,Shimla Saraji,,,,https://firebasestorage.googleapis.com/v0/b/talking-dictionaries-alpha.appspot.com/o/mahasuvi%2Faudio%2FdCkkoA6l4LOzIL43EZwV_1653121442298.wav?alt=media,dCkkoA6l4LOzIL43EZwV_belonging_to_this_year.wav,Aniket Chauhan,"Theog, Shimla, Himachal Pradesh, India",21-30,,belonging to this year,इस साल का,Time,,adv,adverb,ओषको साल बेगी शोडो ओ।,This year is very bad.,यह साल बहुत खराब है।,,,,
dM63YOgByMXvmEshVd62,माऊलै,,,,"Sharachali, Bishshau, Rohruri ",,,,https://firebasestorage.googleapis.com/v0/b/talking-dictionaries-alpha.appspot.com/o/mahasuvi%2Faudio%2FdM63YOgByMXvmEshVd62_1653310836714.wav?alt=media,dM63YOgByMXvmEshVd62_Maternal_relatives.wav,Aniket Chauhan,"Theog, Shimla, Himachal Pradesh, India",21-30,,Maternal relatives,मातृ संबंधी,,,n,noun,,,,,,,
dMl8uwArp35KQGF1QPka,चा,,,,,,,,https://firebasestorage.googleapis.com/v0/b/talking-dictionaries-alpha.appspot.com/o/mahasuvi%2Faudio%2FdMl8uwArp35KQGF1QPka_1653124711363.wav?alt=media,dMl8uwArp35KQGF1QPka_Tea.wav,Aniket Chauhan,"Theog, Shimla, Himachal Pradesh, India",21-30,,Tea,चाय,"Food, cooking and foodways",,n,noun,,,,,,,
dOkbchVtbYr2fvlerl92,देस,,,,Shimla Saraji,,,,https://firebasestorage.googleapis.com/v0/b/talking-dictionaries-alpha.appspot.com/o/mahasuvi%2Faudio%2FdOkbchVtbYr2fvlerl92_1653132039558.wav?alt=media,dOkbchVtbYr2fvlerl92_Day.wav,Aniket Chauhan,"Theog, Shimla, Himachal Pradesh, India",21-30,,Day,दिन,Time,,n,noun,आज़को देस जाणे दे।,Leave today's day.,,,,,
dPG1vE6QNAmZ1NrC5NAk,शिर,,,,,,,,https://firebasestorage.googleapis.com/v0/b/talking-dictionaries-alpha.appspot.com/o/mahasuvi%2Faudio%2FdPG1vE6QNAmZ1NrC5NAk_1653312255260.wav?alt=media,dPG1vE6QNAmZ1NrC5NAk_Head.wav,Aniket Chauhan,"Theog, Shimla, Himachal Pradesh, India",21-30,,Head,सर,Body parts,,n,noun,,,,,,,
dV8q6mENRZ5p0dGzeoJf,डाफी,,,,,,,,https://firebasestorage.googleapis.com/v0/b/talking-dictionaries-alpha.appspot.com/o/mahasuvi%2Faudio%2FdV8q6mENRZ5p0dGzeoJf_1653131267272.wav?alt=media,dV8q6mENRZ5p0dGzeoJf_Elevated_sitting_platform_at_the_corner_of_a_house_near_windows.wav,Aniket Chauhan,"Theog, Shimla, Himachal Pradesh, India",21-30,,Elevated sitting platform at the corner of a house near windows,खिड़कियों के पास एक घर के कोने पर ऊंचा बैठने का मंच,Household,Construction,n,noun,,,,,,,
dYbJcxolF9i6R9nm8lhH,टोई,,,,,,,,https://firebasestorage.googleapis.com/v0/b/talking-dictionaries-alpha.appspot.com/o/mahasuvi%2Faudio%2FdYbJcxolF9i6R9nm8lhH_1653131001091.wav?alt=media,dYbJcxolF9i6R9nm8lhH_Walking_stick.wav,Aniket Chauhan,"Theog, Shimla, Himachal Pradesh, India",21-30,,Walking stick,बेंत,Tools and weapons,,n,noun,,,,,,,
ddh3I4lHb7ewZ6Mfe6FB,कस्स,,,,Rohruri ,,,,https://firebasestorage.googleapis.com/v0/b/talking-dictionaries-alpha.appspot.com/o/mahasuvi%2Faudio%2Fddh3I4lHb7ewZ6Mfe6FB_1653121548462.wav?alt=media,ddh3I4lHb7ewZ6Mfe6FB_Whom_Which.wav,Aniket Chauhan,"Theog, Shimla, Himachal Pradesh, India",21-30,,"Whom, Which","किसको, किस",Pro-forms,,pro,pronoun,,,,,,,
deLVpkOiBAlUlQzxm7Ij,दाओं,,,,"Shimla Saraji, Bishshau",,,,https://firebasestorage.googleapis.com/v0/b/talking-dictionaries-alpha.appspot.com/o/mahasuvi%2Faudio%2FdeLVpkOiBAlUlQzxm7Ij_1653131860525.wav?alt=media,deLVpkOiBAlUlQzxm7Ij_Noose.wav,Aniket Chauhan,"Theog, Shimla, Himachal Pradesh, India",21-30,,Noose,फंदा,Tools and weapons,,n,noun,,,,,,,
deZ8EMrxQoekKlVBNqRE,डांगरु,,,,,,,,https://firebasestorage.googleapis.com/v0/b/talking-dictionaries-alpha.appspot.com/o/mahasuvi%2Faudio%2FdeZ8EMrxQoekKlVBNqRE_1653131098427.wav?alt=media,deZ8EMrxQoekKlVBNqRE_Battle_axe_used_by_the_Khash_tribe.wav,Aniket Chauhan,"Theog, Shimla, Himachal Pradesh, India",21-30,,Battle axe used by the Khash tribe,खश जाती द्वारा इस्तेमाल किया जाने वाला फरसा,Tools and weapons,,n,noun,,,,,,,
dgUCz8COgS49Zhgna7sC,जोंपरी,,,,,,,,https://firebasestorage.googleapis.com/v0/b/talking-dictionaries-alpha.appspot.com/o/mahasuvi%2Faudio%2FdgUCz8COgS49Zhgna7sC_1653130465734.wav?alt=media,dgUCz8COgS49Zhgna7sC_The_place_where_you_go_after_death_netherworld.wav,Aniket Chauhan,"Theog, Shimla, Himachal Pradesh, India",21-30,,"The place where you go after death, netherworld","नरक, मृत्यु के बाद जिस स्थान पे मनुष्य जाता है",Spirituality and Religion,,pr.n,proper noun,,,,,,,
dh5yamBN6WDDBzlWw6aP,डाल,,,,"Shadochi, Bushahri",,,,https://firebasestorage.googleapis.com/v0/b/talking-dictionaries-alpha.appspot.com/o/mahasuvi%2Faudio%2Fdh5yamBN6WDDBzlWw6aP_1653131276558.wav?alt=media,dh5yamBN6WDDBzlWw6aP_Respectful_salutation_for_someone_above_your_social_status_or_caste.wav,Aniket Chauhan,"Theog, Shimla, Himachal Pradesh, India",21-30,,Respectful salutation for someone above your social status or caste,आपकी सामाजिक स्थिति या जाति से ऊपर के किसी व्यक्ति के लिए सम्मानजनक अभिवादन,Social activities and interactions,,n,noun,,,,,,,
dijE8pKyeOWguKa77MYe,बाओणा,,,,,,,,https://firebasestorage.googleapis.com/v0/b/talking-dictionaries-alpha.appspot.com/o/mahasuvi%2Faudio%2FdijE8pKyeOWguKa77MYe_1653297381770.wav?alt=media,dijE8pKyeOWguKa77MYe_Dwarf.wav,Aniket Chauhan,"Theog, Shimla, Himachal Pradesh, India",21-30,,Dwarf,बौना आदमी,"Humans, Social Relations and Organization",,adj,adjective,,,,,,,
dix0Hir7WoCA5koBXwFt,आमा,,,,Shimla Saraji,,,,https://firebasestorage.googleapis.com/v0/b/talking-dictionaries-alpha.appspot.com/o/mahasuvi%2Faudio%2Fdix0Hir7WoCA5koBXwFt_1653130054986.wav?alt=media,dix0Hir7WoCA5koBXwFt_mother.wav,Aniket Chauhan,"Theog, Shimla, Himachal Pradesh, India",21-30,,mother,माता,Kinship and relationships,,n,noun,मेरी आमा ओ बेगी चोजोरी।,My mother is very beautiful.,मेरी माँ बहुत सुंदर है।,,,,
dnV8vR9J9gOzX3u4rAhx,कुन्ज़ो,,,,,,,,https://firebasestorage.googleapis.com/v0/b/talking-dictionaries-alpha.appspot.com/o/mahasuvi%2Faudio%2FdnV8vR9J9gOzX3u4rAhx_1653122165819.wav?alt=media,dnV8vR9J9gOzX3u4rAhx_Which.wav,Aniket Chauhan,"Theog, Shimla, Himachal Pradesh, India",21-30,,Which,कौनसा,,,det,determiner,,,,,,,
dnqu2HgcPi9XaALQjfnm,गेई,,,,Kumharsain,,,,https://firebasestorage.googleapis.com/v0/b/talking-dictionaries-alpha.appspot.com/o/mahasuvi%2Faudio%2Fdnqu2HgcPi9XaALQjfnm_1653124051175.wav?alt=media,dnqu2HgcPi9XaALQjfnm_Above.wav,Aniket Chauhan,"Theog, Shimla, Himachal Pradesh, India",21-30,,Above,ऊपर,Location and Directions,,prep,preposition,,,,,,,
dqvw9WEA2bOp4dSydsJV,सोरदो,,,,Shimla Saraji,,,,https://firebasestorage.googleapis.com/v0/b/talking-dictionaries-alpha.appspot.com/o/mahasuvi%2Faudio%2Fdqvw9WEA2bOp4dSydsJV_1653312711803.wav?alt=media,dqvw9WEA2bOp4dSydsJV_Enough.wav,Aniket Chauhan,"Theog, Shimla, Himachal Pradesh, India",21-30,,Enough,बहुत,Quantifiers,,det,determiner,"बेगी शोलो ओ ऊबो टीरो दो, सोरदे झुड़के आणे साथी।","It is very cold up on the peaks, bring enough clothes with you.",,,,,
dqwgcrl1optNMFShnrEw,धुढुस,,,,Rohruri ,,,,https://firebasestorage.googleapis.com/v0/b/talking-dictionaries-alpha.appspot.com/o/mahasuvi%2Faudio%2Fdqwgcrl1optNMFShnrEw_1653296006073.wav?alt=media,dqwgcrl1optNMFShnrEw_Incense_holder_used_for_worshipping_a_deity.wav,Aniket Chauhan,"Theog, Shimla, Himachal Pradesh, India",21-30,,Incense holder used for worshipping a deity,देवता की पूजा के लिए धूप धारक,Spirituality and Religion,Tools and weapons,n,noun,,,,,,,
drwyjEjUE8vnwWj3EaFg,खुंग,,,,,,,,https://firebasestorage.googleapis.com/v0/b/talking-dictionaries-alpha.appspot.com/o/mahasuvi%2Faudio%2FdrwyjEjUE8vnwWj3EaFg_1653123034053.wav?alt=media,drwyjEjUE8vnwWj3EaFg_Cough.wav,Aniket Chauhan,"Theog, Shimla, Himachal Pradesh, India",21-30,,Cough,खांसी,"Health, well-being and sickness",,v,verb,,,,,,,
dsSgfLjJL2QU2GTIhlEs,छ़मांजकी,,,,Shadochi,,,,,,,,,,Six months after a person's death,किसी व्यक्ति की मृत्यु के छह महीने बाद,Time,Life stages and rites of passage,n,noun,छ़मांजकी केबी आ?,When is the six month death anniversary?,छह महीने की पुण्यतिथि कब है?,,,,
dx17u4xxnIJNmSyhzA8N,धान,,,,,,,,https://firebasestorage.googleapis.com/v0/b/talking-dictionaries-alpha.appspot.com/o/mahasuvi%2Faudio%2Fdx17u4xxnIJNmSyhzA8N_1653295987539.wav?alt=media,dx17u4xxnIJNmSyhzA8N_Rice.wav,Aniket Chauhan,"Theog, Shimla, Himachal Pradesh, India",21-30,,Rice,चावल,"Plants, trees and other vegetation","Food, cooking and foodways",n,noun,,,,,,,
dyzE1ddUZhfZk2223LVz,सिरला आड़ू,,,,Rohruri ,,,,https://firebasestorage.googleapis.com/v0/b/talking-dictionaries-alpha.appspot.com/o/mahasuvi%2Faudio%2FdyzE1ddUZhfZk2223LVz_1653312497480.wav?alt=media,dyzE1ddUZhfZk2223LVz_Taro_plant.wav,Aniket Chauhan,"Theog, Shimla, Himachal Pradesh, India",21-30,,Taro plant,अरबी का पौधा,"Plants, trees and other vegetation","Food, cooking and foodways",n,noun,,,,,,,
e6qLopDuajUa3AsX8lSG,गिआ,,,,Kumharsain,,,,,,,,,,Gums,मसूड़े,Body parts,,n,noun,तेरी गिआ कीले लागी काडी फिरदी?,Why are your gums turning black?,,,,,
e78iOmbpPTN7uYVpAnIH,नगाणी,,,,Shadochi,,,,https://firebasestorage.googleapis.com/v0/b/talking-dictionaries-alpha.appspot.com/o/mahasuvi%2Faudio%2Fe78iOmbpPTN7uYVpAnIH_1653296172168.wav?alt=media,e78iOmbpPTN7uYVpAnIH_Wife_of_Negi.wav,Aniket Chauhan,"Theog, Shimla, Himachal Pradesh, India",21-30,,Wife of Negi,नेगी की पत्नी,Kinship and relationships,Names of people and clans,n,noun,,,,,,,
eBaqa5l5hMFUsbBECma0,माटो,,,,,,,,https://firebasestorage.googleapis.com/v0/b/talking-dictionaries-alpha.appspot.com/o/mahasuvi%2Faudio%2FeBaqa5l5hMFUsbBECma0_1653310870976.wav?alt=media,eBaqa5l5hMFUsbBECma0_Soil.wav,Aniket Chauhan,"Theog, Shimla, Himachal Pradesh, India",21-30,,Soil,मिट्टी,"Earth, geology and landscape",,n,noun,,,,,,,
eEy2oGmDD93fsYbAwZDp,उशी,,,,Sharachali,,,,https://firebasestorage.googleapis.com/v0/b/talking-dictionaries-alpha.appspot.com/o/mahasuvi%2Faudio%2FeEy2oGmDD93fsYbAwZDp_1653120996509.wav?alt=media,eEy2oGmDD93fsYbAwZDp_Little.wav,Aniket Chauhan,"Theog, Shimla, Himachal Pradesh, India",21-30,,Little,थोड़ा,States and Characteristics,,adj,adjective,,,,,,,
eF6BMaxI2X2I783d6lyk,ताईं,,,,Shimla Saraji,,,,,,,,,,for (me/someone),के लिए (मैं / कोई),,,conj,conjunction,मेरी ताईं आज़ा से,He came for me.,वह मेरे लिए आया था।,,,,
eKrKsalxPdx8tlCCqXrW,ऐतरा,,,,,,,,https://firebasestorage.googleapis.com/v0/b/talking-dictionaries-alpha.appspot.com/o/mahasuvi%2Faudio%2FeKrKsalxPdx8tlCCqXrW_1653121315651.wav?alt=media,eKrKsalxPdx8tlCCqXrW_this_much.wav,Aniket Chauhan,"Theog, Shimla, Himachal Pradesh, India",21-30,,this much,इतना,Quantifiers,,adj,adjective,,,,,,,
eKrPQWVmGDXNyyPzPAy7,यौश,,,,Kumharsain,,,,,,,,,,Talent/Skill,प्रतिभा/कौशल,,,n,noun,मेरे हाथा दी आ यौश बौड़िया खाणौ चाणने  ओ,I have a talent of making delicious food.,मेरे पास स्वादिष्ट खाना बनाने का हुनर ​​है।,,,,
eMl1GmKpMhWgiL8cHoMK,कशली,,,,Rohruri ,,,,https://firebasestorage.googleapis.com/v0/b/talking-dictionaries-alpha.appspot.com/o/mahasuvi%2Faudio%2FeMl1GmKpMhWgiL8cHoMK_1653121540104.wav?alt=media,eMl1GmKpMhWgiL8cHoMK_Scream.wav,Aniket Chauhan,"Theog, Shimla, Himachal Pradesh, India",21-30,,Scream,चींख,Language and Communication,Emotions,n,noun,,,,Body functions,,,
ePGiws9iiUs7okL2sBjm,झिशी,,,,,,,,https://firebasestorage.googleapis.com/v0/b/talking-dictionaries-alpha.appspot.com/o/audio%2Fmahasuvi%2FePGiws9iiUs7okL2sBjm_1624194127066.wav?alt=media,ePGiws9iiUs7okL2sBjm_Early_in_the_morning.wav,Aniket Chauhan,"Theog, Shimla, Himachal Pradesh, India",21-30,,Early in the morning,सुबह जल्दी,Time,,n,noun,,,,,,,
eVCVLeVoqarSs94Q4ETM,एणा,,,,Shadochi,,,,https://firebasestorage.googleapis.com/v0/b/talking-dictionaries-alpha.appspot.com/o/mahasuvi%2Faudio%2FeVCVLeVoqarSs94Q4ETM_1653121157300.wav?alt=media,eVCVLeVoqarSs94Q4ETM_Like_similar.wav,Aniket Chauhan,"Theog, Shimla, Himachal Pradesh, India",21-30,,"Like, similar",समान,,,adj,adjective,,,,,,,
eiEKcsuzMTx9bBcR1JiF,खोलटू,,,,Bishshau,,,,https://firebasestorage.googleapis.com/v0/b/talking-dictionaries-alpha.appspot.com/o/mahasuvi%2Faudio%2FeiEKcsuzMTx9bBcR1JiF_1653123287177.wav?alt=media,eiEKcsuzMTx9bBcR1JiF_Bag_made_out_of_goat_skin_which_was_used_for_storing_grains_in_olden_times.wav,Aniket Chauhan,"Theog, Shimla, Himachal Pradesh, India",21-30,,Bag made out of goat skin which was used for storing grains in olden times,बकरी की खाल से बना थैला जो पुराने समय में अनाज के भंडारण के लिए इस्तेमाल किया जाता था,Agriculture,,n,noun,,,,,,,
ejjqJZZI20jm4soxM7NO,हार,,,,,,,,https://firebasestorage.googleapis.com/v0/b/talking-dictionaries-alpha.appspot.com/o/mahasuvi%2Faudio%2FejjqJZZI20jm4soxM7NO_1653312874366.wav?alt=media,ejjqJZZI20jm4soxM7NO_Marriage_by_elopement.wav,Aniket Chauhan,"Theog, Shimla, Himachal Pradesh, India",21-30,,Marriage by elopement,भाग कर विवाह करना,Social activities and interactions,Life stages and rites of passage,n,noun,,,,,,,
ekRLqQjwkX26N7t5Xm1O,गाशे,,,,,,,,https://firebasestorage.googleapis.com/v0/b/talking-dictionaries-alpha.appspot.com/o/mahasuvi%2Faudio%2FekRLqQjwkX26N7t5Xm1O_1653123514640.wav?alt=media,ekRLqQjwkX26N7t5Xm1O_Above_.wav,Aniket Chauhan,"Theog, Shimla, Himachal Pradesh, India",21-30,,Above ,ऊपर,Location and Directions,,prep,preposition,,,,,,,
elohnmCniwkr2XgPdCtR,छेके,,,,,,,,https://firebasestorage.googleapis.com/v0/b/talking-dictionaries-alpha.appspot.com/o/mahasuvi%2Faudio%2FelohnmCniwkr2XgPdCtR_1653125227035.wav?alt=media,elohnmCniwkr2XgPdCtR_Quickly.wav,Aniket Chauhan,"Theog, Shimla, Himachal Pradesh, India",21-30,,Quickly,जल्दी,States and Characteristics,,adv,adverb,,,,,,,
emOZe3jGVgiZjCWOWa0f,नेशण,,,,"Shimla Saraji, Shadochi, Bishshau",,,,,,,,,,gifts/fruits/money given to a sick person,बीमार व्यक्ति को दिए गए उपहार/फल/धन,"Health, well-being and sickness",Social activities and interactions,n,noun,,,,,,,
eo0hvxdfT24siIV1cRxI,छेरणा,,,,Bushahri,,,,https://firebasestorage.googleapis.com/v0/b/talking-dictionaries-alpha.appspot.com/o/mahasuvi%2Faudio%2Feo0hvxdfT24siIV1cRxI_1653125257825.wav?alt=media,eo0hvxdfT24siIV1cRxI_invocation_of_deity_in_his_Oracles_body.wav,Aniket Chauhan,"Theog, Shimla, Himachal Pradesh, India",21-30,,invocation of deity in his Oracle's body,अपने प्रवक्ता के शरीर में देवता का आह्वान,Spirituality and Religion,Interjections,v,verb,,,,,,,
ew0qU9szAETGFPghfRRy,कालज़ु,,,,,,,,https://firebasestorage.googleapis.com/v0/b/talking-dictionaries-alpha.appspot.com/o/mahasuvi%2Faudio%2Few0qU9szAETGFPghfRRy_1653121972467.wav?alt=media,ew0qU9szAETGFPghfRRy_Liver.wav,Aniket Chauhan,"Theog, Shimla, Himachal Pradesh, India",21-30,,Liver,जिगर,Body parts,,n,noun,,,,,,,
eznrtmMfEq0KJKJwVMnW,डांडा,,,,Rohruri ,,,,https://firebasestorage.googleapis.com/v0/b/talking-dictionaries-alpha.appspot.com/o/mahasuvi%2Faudio%2FeznrtmMfEq0KJKJwVMnW_1653131241596.wav?alt=media,eznrtmMfEq0KJKJwVMnW_Peak.wav,Aniket Chauhan,"Theog, Shimla, Himachal Pradesh, India",21-30,,Peak,चोटी,"Earth, geology and landscape",,n,noun,,,,,,,
f3FtLCc0po9oXohZ4hyw,टालकु,,,,Shimla Saraji,,,,https://firebasestorage.googleapis.com/v0/b/talking-dictionaries-alpha.appspot.com/o/mahasuvi%2Faudio%2Ff3FtLCc0po9oXohZ4hyw_1653130789683.wav?alt=media,f3FtLCc0po9oXohZ4hyw_Piece_of_cloth.wav,Aniket Chauhan,"Theog, Shimla, Himachal Pradesh, India",21-30,,Piece of cloth,कपड़े का टुकडा,"Art, crafts and textiles",Clothing and adornment,n,noun,,,,,,,
f8bsVOEkxMW0ZBbVwIuI,कोले,,,,Kumharsain,,,,https://firebasestorage.googleapis.com/v0/b/talking-dictionaries-alpha.appspot.com/o/mahasuvi%2Faudio%2Ff8bsVOEkxMW0ZBbVwIuI_1653122632352.wav?alt=media,f8bsVOEkxMW0ZBbVwIuI_Whom.wav,Aniket Chauhan,"Theog, Shimla, Himachal Pradesh, India",21-30,,Whom,किसको,,,pro,pronoun,,,,,,,
f9qrHPvYNlKrgsclbvD2,घनालु,,,,,,,,https://firebasestorage.googleapis.com/v0/b/talking-dictionaries-alpha.appspot.com/o/mahasuvi%2Faudio%2Ff9qrHPvYNlKrgsclbvD2_1653124401181.wav?alt=media,f9qrHPvYNlKrgsclbvD2_Empathetic_person.wav,Aniket Chauhan,"Theog, Shimla, Himachal Pradesh, India",21-30,,Empathetic person,सहानुभूति रखने वाला व्यक्ति,"Humans, Social Relations and Organization",Emotions,adj,adjective,,,,,,,
fAHc1mb9yb0cDZd7WR9S,शांओणौ,,,,Shadochi,,,,,,,,,,Having dusky complexion,सांवला रंग होना,States and Characteristics,Colors,adj,adjective,ठाणै ऐ पुलसियै शांओणै गोरै,The policemen of station are fair and dusky,थाने के पुलिसकर्मी गोरे और सांवले हैं,,,,
fAcqLD2dCtofniu9pAiE,बाबा,,,,"Shimla Saraji, Bishshau",,,,https://firebasestorage.googleapis.com/v0/b/talking-dictionaries-alpha.appspot.com/o/mahasuvi%2Faudio%2FfAcqLD2dCtofniu9pAiE_1653308928268.wav?alt=media,fAcqLD2dCtofniu9pAiE_Father.wav,Aniket Chauhan,"Theog, Shimla, Himachal Pradesh, India",21-30,,Father,पिता,Kinship and relationships,,n,noun,,,,,,,
fAiaL2UUEMu6Ju9gut1q,घोड़ी,,,,Rohruri ,,,,https://firebasestorage.googleapis.com/v0/b/talking-dictionaries-alpha.appspot.com/o/mahasuvi%2Faudio%2FfAiaL2UUEMu6Ju9gut1q_1653124654145.wav?alt=media,fAiaL2UUEMu6Ju9gut1q_Jurisdiction.wav,Aniket Chauhan,"Theog, Shimla, Himachal Pradesh, India",21-30,,Jurisdiction,क्षेत्राधिकार,Government and Law,,n,noun,,,,,,,
fBD0PnVNYf2K5iXbeFKK,फितो,,,,Bushahri,,,,https://firebasestorage.googleapis.com/v0/b/talking-dictionaries-alpha.appspot.com/o/mahasuvi%2Faudio%2FfBD0PnVNYf2K5iXbeFKK_1653297150183.wav?alt=media,fBD0PnVNYf2K5iXbeFKK_Noose.wav,Aniket Chauhan,"Theog, Shimla, Himachal Pradesh, India",21-30,,Noose,फंदा,Tools and weapons,,n,noun,,,,,,,
fBNITOHmX9uNT6goE1bh,नारण,,,,,,,,https://firebasestorage.googleapis.com/v0/b/talking-dictionaries-alpha.appspot.com/o/mahasuvi%2Faudio%2FfBNITOHmX9uNT6goE1bh_1653296309164.wav?alt=media,fBNITOHmX9uNT6goE1bh_Lord_Narayan.wav,Aniket Chauhan,"Theog, Shimla, Himachal Pradesh, India",21-30,,Lord Narayan,नारायण,Spirituality and Religion,Sacred names,n,noun,,,,,,,
fIHllaiaMz3UcCw2susm,थाटणा,,,,,,,,https://firebasestorage.googleapis.com/v0/b/talking-dictionaries-alpha.appspot.com/o/mahasuvi%2Faudio%2FfIHllaiaMz3UcCw2susm_1653131778008.wav?alt=media,fIHllaiaMz3UcCw2susm_To_resolve.wav,Aniket Chauhan,"Theog, Shimla, Himachal Pradesh, India",21-30,,To resolve,समाधान निकालना,Language and Communication,,,,,,,,,,
fP0e7SuKGjV63ywIA99d,जून,,,,,,,,https://firebasestorage.googleapis.com/v0/b/talking-dictionaries-alpha.appspot.com/o/audio%2Fmahasuvi%2FfP0e7SuKGjV63ywIA99d_1624194444115.wav?alt=media,fP0e7SuKGjV63ywIA99d_womb_uterus_existence_body.wav,Aniket Chauhan,"Theog, Shimla, Himachal Pradesh, India",21-30,,"womb, uterus; existence, body","ग्रभ; अस्तित्व, शरीर।",Universe and the natural world,,n,noun,,,,,,,
fPxNYhzkIzBgYDKZu5aX,झेंड,,,,Shimla Saraji,,,,,,,,,,A greedy and malnourished person,एक लालची और कुपोषित व्यक्ति,"Humans, Social Relations and Organization","Health, well-being and sickness",adj,adjective,तू झेंड लागे मुं,You seem like a greedy and malnourished person to me.,तुम मुझे लालची और कुपोषित व्यक्ति लगते हो।,,,,
fSMeX4BXOVnAZD9MnViH,पाणी,,,,Shimla Saraji,,,,https://firebasestorage.googleapis.com/v0/b/talking-dictionaries-alpha.appspot.com/o/mahasuvi%2Faudio%2FfSMeX4BXOVnAZD9MnViH_1653296740324.wav?alt=media,fSMeX4BXOVnAZD9MnViH_Water.wav,Aniket Chauhan,"Theog, Shimla, Himachal Pradesh, India",21-30,,Water,पानी,"Water, bodies of water and the water cycle",,n,noun,पाणी भोर गो?,Filled the water?,,,,,
fUWGmi1tgYeBY82KCH8W,आछो,ɑːcʰoː,,,Shimla Saraji,,,,https://firebasestorage.googleapis.com/v0/b/talking-dictionaries-alpha.appspot.com/o/mahasuvi%2Faudio%2FfUWGmi1tgYeBY82KCH8W_1653120559841.wav?alt=media,fUWGmi1tgYeBY82KCH8W_good.wav,Aniket Chauhan,"Theog, Shimla, Himachal Pradesh, India",21-30,,good,बढ़िया,States and Characteristics,,adj,adjective,आछो लागो तेरो घोर।,Liked your house.,अच्छा लगा तुम्हारा घर।,,,,
fWMTm7o5M6aPEyXt0B85,शांग,,,,Bishshau,,,,,,,,,,pacify,शांत करना,Physical Actions,Emotions,v,verb,एस धीटु ओरो आण शांगियो,Bring this girl here by pacifying,,,,,
fX7SU9nlyBpfEjxM46ua,बेदणी,,,,,,,,https://firebasestorage.googleapis.com/v0/b/talking-dictionaries-alpha.appspot.com/o/mahasuvi%2Faudio%2FfX7SU9nlyBpfEjxM46ua_1653309260737.wav?alt=media,fX7SU9nlyBpfEjxM46ua_Pain.wav,Aniket Chauhan,"Theog, Shimla, Himachal Pradesh, India",21-30,,Pain,दर्द,Senses and perception,,n,noun,,,,,,,
fZb9Ql2kMaPKa20epV6a,मच्चरांण,,,,Rohruri ,,,,,,,,,,Smell of urine,पेशाब की गंध,Senses and perception,Body functions,n,noun,तू मच्चरांण बरलो,You are smelling like piss,आप पेशाब की तरह महक रहे हैं,,,,
faoLkmu1jFd6ndRYBwht,कुतली,,,,,,,,https://firebasestorage.googleapis.com/v0/b/talking-dictionaries-alpha.appspot.com/o/mahasuvi%2Faudio%2FfaoLkmu1jFd6ndRYBwht_1653122156746.wav?alt=media,faoLkmu1jFd6ndRYBwht_Tickling.wav,Aniket Chauhan,"Theog, Shimla, Himachal Pradesh, India",21-30,,Tickling,गुदगुदी,Physical Actions,,v,verb,,,,,,,
fd0GrtbF7w2xGgNBjZPl,नेर,,,,,,,,https://firebasestorage.googleapis.com/v0/b/talking-dictionaries-alpha.appspot.com/o/mahasuvi%2Faudio%2Ffd0GrtbF7w2xGgNBjZPl_1653296557557.wav?alt=media,fd0GrtbF7w2xGgNBjZPl_Warn.wav,Aniket Chauhan,"Theog, Shimla, Himachal Pradesh, India",21-30,,Warn,चेतावनी देना,Language and Communication,,v,verb,,,,,,,
fehwztw9gh5Iy7vZDY2J,दुहणा,,,,Shimla Saraji,,,,https://firebasestorage.googleapis.com/v0/b/talking-dictionaries-alpha.appspot.com/o/mahasuvi%2Faudio%2Ffehwztw9gh5Iy7vZDY2J_1653131908218.wav?alt=media,fehwztw9gh5Iy7vZDY2J_Act_of_milking_an_animal.wav,Aniket Chauhan,"Theog, Shimla, Himachal Pradesh, India",21-30,,Act of milking an animal,किसी जानवर को दुहने की क्रिया,Physical Actions,Animal husbandry,v,verb,,,,,,,
flx3Iwiwjxp02OgoReLK,स्नागण,,,,Shimla Saraji,,,,https://firebasestorage.googleapis.com/v0/b/talking-dictionaries-alpha.appspot.com/o/mahasuvi%2Faudio%2Fflx3Iwiwjxp02OgoReLK_1653312815267.wav?alt=media,flx3Iwiwjxp02OgoReLK_Gold_ornaments.wav,Aniket Chauhan,"Theog, Shimla, Himachal Pradesh, India",21-30,,Gold ornaments,सोने का आभूषण,Clothing and adornment,"Art, crafts and textiles",n,noun,,,,,,,
fmwjRPBLab2lMd5npaSe,भाटीण,,,,Rohruri ,,,,https://firebasestorage.googleapis.com/v0/b/talking-dictionaries-alpha.appspot.com/o/mahasuvi%2Faudio%2FfmwjRPBLab2lMd5npaSe_1653310537600.wav?alt=media,fmwjRPBLab2lMd5npaSe_Brahmin_woman.wav,Aniket Chauhan,"Theog, Shimla, Himachal Pradesh, India",21-30,,Brahmin woman,ब्राह्मण स्त्री,"Humans, Social Relations and Organization",,n,noun,,,,,,,
fvWakovDbPpTMaSIZdhK,घाणीया,,,,,,,,https://firebasestorage.googleapis.com/v0/b/talking-dictionaries-alpha.appspot.com/o/mahasuvi%2Faudio%2FfvWakovDbPpTMaSIZdhK_1653124446112.wav?alt=media,fvWakovDbPpTMaSIZdhK_Feeling_of_fullness_after_eating_food.wav,Aniket Chauhan,"Theog, Shimla, Himachal Pradesh, India",21-30,,Feeling of fullness after eating food,खाना खाने के बाद पेट भरा हुआ महसूस होना,Senses and perception,"Food, cooking and foodways",adj,adjective,,,,,,,
gDUWnbrMMMdpBCU0k78B,ग्याल,,,,Bishshau,,,,,,,,,,Hug,झप्पी,Physical Actions,Social activities and interactions,,,आमा आजो ली रूपी री देयो ली ग्यालो,Roopi's mother will come and hug.,रूपी की माँ आकर गले लगेगी।,,,,
gEsUFLHbGuR4LYRtPRYv,डांगो,,,,"Shimla Saraji, Rohruri ",,,,https://firebasestorage.googleapis.com/v0/b/talking-dictionaries-alpha.appspot.com/o/mahasuvi%2Faudio%2FgEsUFLHbGuR4LYRtPRYv_1653131143876.wav?alt=media,gEsUFLHbGuR4LYRtPRYv_Stains.wav,Aniket Chauhan,"Theog, Shimla, Himachal Pradesh, India",21-30,,Stains,दाग,Cleanliness and hygiene,,n,noun,,,,,,,
gIBuPy7zZeoDEsHlDDzv,प्रोगड़णो,,,,Shadochi,,,,https://firebasestorage.googleapis.com/v0/b/talking-dictionaries-alpha.appspot.com/o/mahasuvi%2Faudio%2FgIBuPy7zZeoDEsHlDDzv_1653297061420.wav?alt=media,gIBuPy7zZeoDEsHlDDzv_invocation_of_deity_in_his_Oracles_body.wav,Aniket Chauhan,"Theog, Shimla, Himachal Pradesh, India",21-30,,invocation of deity in his Oracle's body,अपने प्रवक्ता के शरीर में देवता का आह्वान,Spirituality and Religion,Interjections,v,verb,,,,,,,
gIXrTkKQ0Xgevcy7QiYz,फुलटू,,,,,,,,https://firebasestorage.googleapis.com/v0/b/talking-dictionaries-alpha.appspot.com/o/mahasuvi%2Faudio%2FgIXrTkKQ0Xgevcy7QiYz_1653297158352.wav?alt=media,gIXrTkKQ0Xgevcy7QiYz_Flower.wav,Aniket Chauhan,"Theog, Shimla, Himachal Pradesh, India",21-30,,Flower,फूल,"Plants, trees and other vegetation",,n,noun,,,,,,,
gIikMkDarlEJFw83Gox4,आखर,ɑːkʰɑr,,,Shimla Saraji,,,,https://firebasestorage.googleapis.com/v0/b/talking-dictionaries-alpha.appspot.com/o/mahasuvi%2Faudio%2FgIikMkDarlEJFw83Gox4_1653120480313.wav?alt=media,gIikMkDarlEJFw83Gox4_word.wav,Aniket Chauhan,"Theog, Shimla, Himachal Pradesh, India",21-30,,word,शब्द,Language and Communication,,n,noun,एज़ो कुन्ज़ो आखर ओ?,What word is this?,यह कौनसा शब्द है?,,,,
gNUwatZHqsHLT0sKOa8k,घमास,,,,"Shimla Saraji, Shadochi, Bushahri (Narain) ",,,,,,,,,,humidity,आर्द्रता,"Sky, weather and climate","Water, bodies of water and the water cycle",n,noun,बेगी घमास ओ आज,The humidity is too much today.,,,,,
gPZOXc0o2FKyMi9aeXe3,खादड़ौ,,,,"Shadochi, Kumharsain, Bushahri (Narain) ",,,,,,,,,,Muddy,मैला,States and Characteristics,,adj,adjective,खादड़ो पाणी लागो आंदो,Muddy water is coming.,,,,,
gTm4ol0Ijbb2EuRFW0A0,छांगटी,,,,Sharachali,,,,https://firebasestorage.googleapis.com/v0/b/talking-dictionaries-alpha.appspot.com/o/audio%2Fmahasuvi%2FgTm4ol0Ijbb2EuRFW0A0_1624193570045.wav?alt=media,gTm4ol0Ijbb2EuRFW0A0_Little_girl.wav,Aniket Chauhan,"Theog, Shimla, Himachal Pradesh, India",21-30,,Little girl,छोटी लड़की,"Humans, Social Relations and Organization",,na,animate noun,,,,,,,
gZsAljxyolUGpGOEalJZ,रिश,,,,,,,,https://firebasestorage.googleapis.com/v0/b/talking-dictionaries-alpha.appspot.com/o/mahasuvi%2Faudio%2FgZsAljxyolUGpGOEalJZ_1653311589404.wav?alt=media,gZsAljxyolUGpGOEalJZ_Possessiveness_for_partnerspouse.wav,Aniket Chauhan,"Theog, Shimla, Himachal Pradesh, India",21-30,,Possessiveness for partner/spouse,साथी/पति/पत्नी के लिए अधिकारिता,Emotions,,n,noun,,,,,,,
gbOBGuIJMiUBmaWInd6h,टीटपितलु,,,,Bishshau,,,,,,,,,,Himalayan Bulbul,हिमालय में पाए जाने वाली बुलबुल,Birds,,n,noun,,,,,,,
gbtr8EFN8SxFM24dU6Dl,झोदा,,,,"Shimla Saraji, Shadochi, Kumharsain",,,,,,,,,,"dull witted, a dimwit ",मंदबुद्धि,States and Characteristics,,,,,,,,,,
gd7kDbBlKpdCkq2oIdaq,मुक्तो,,,,Shimla Saraji,,,,https://firebasestorage.googleapis.com/v0/b/talking-dictionaries-alpha.appspot.com/o/mahasuvi%2Faudio%2Fgd7kDbBlKpdCkq2oIdaq_1653311193707.wav?alt=media,gd7kDbBlKpdCkq2oIdaq_A_lot_enough.wav,Aniket Chauhan,"Theog, Shimla, Himachal Pradesh, India",21-30,,"A lot, enough",बहुत,Quantifiers,,pro,pronoun,"पाणी तो मुक्तो ओ, खाणे रो नई रोओ।","Water is enough, food is not left.",,,,,
gf36xzptXotJw4AunciP,कोय,,,,,,,,https://firebasestorage.googleapis.com/v0/b/talking-dictionaries-alpha.appspot.com/o/mahasuvi%2Faudio%2Fgf36xzptXotJw4AunciP_1653122574125.wav?alt=media,gf36xzptXotJw4AunciP_How_many.wav,Aniket Chauhan,"Theog, Shimla, Himachal Pradesh, India",21-30,,How many,कितने,Quantifiers,,det,determiner,,,,,,,
glA45VMLqX4C8vr6yFKS,सोंगे,,,,,,,,https://firebasestorage.googleapis.com/v0/b/talking-dictionaries-alpha.appspot.com/o/mahasuvi%2Faudio%2FglA45VMLqX4C8vr6yFKS_1653312633880.wav?alt=media,glA45VMLqX4C8vr6yFKS_alongwith.wav,Aniket Chauhan,"Theog, Shimla, Himachal Pradesh, India",21-30,,alongwith,साथ में,"Coordinators, Subordinators, Relativizers, Quotatives",,prep,preposition,,,,,,,
grK0oSTq4qKIRdlHMsyZ,कुतणी,,,,,,,,https://firebasestorage.googleapis.com/v0/b/talking-dictionaries-alpha.appspot.com/o/mahasuvi%2Faudio%2FgrK0oSTq4qKIRdlHMsyZ_1653122143529.wav?alt=media,grK0oSTq4qKIRdlHMsyZ_Tickling.wav,Aniket Chauhan,"Theog, Shimla, Himachal Pradesh, India",21-30,,Tickling,गुदगुदी,Physical Actions,,v,verb,,,,,,,
grTfnI2M5sN0sk8u8aIN,झिक,,,,Shimla Saraji,,,,https://firebasestorage.googleapis.com/v0/b/talking-dictionaries-alpha.appspot.com/o/mahasuvi%2Faudio%2FgrTfnI2M5sN0sk8u8aIN_1653130573606.wav?alt=media,grTfnI2M5sN0sk8u8aIN_disfigured.wav,Aniket Chauhan,"Theog, Shimla, Himachal Pradesh, India",21-30,,disfigured,विकृत,States and Characteristics,,adj,adjective,,,,,,,
gsW7u9aXgrLxGNfJQO6W,पुच्चे,,,,Rohruri ,,,,https://firebasestorage.googleapis.com/v0/b/talking-dictionaries-alpha.appspot.com/o/mahasuvi%2Faudio%2FgsW7u9aXgrLxGNfJQO6W_1653296842067.wav?alt=media,gsW7u9aXgrLxGNfJQO6W_.wav,Aniket Chauhan,"Theog, Shimla, Himachal Pradesh, India",21-30,,,,Interjections,,int,interjection,,,,,,,
h5QMG5PlSEdDGIsXflm7,पतरिंग,,,,Bushahri,,,,,,,,,,scatter,बिखरना,Physical Actions,,v,verb,,,,,,,
hD8NnxJ6RfCCQDfAXf4G,भीत,,,,Shimla Saraji,,,,https://firebasestorage.googleapis.com/v0/b/talking-dictionaries-alpha.appspot.com/o/mahasuvi%2Faudio%2FhD8NnxJ6RfCCQDfAXf4G_1653310575417.wav?alt=media,hD8NnxJ6RfCCQDfAXf4G_Wall_of_a_house.wav,Aniket Chauhan,"Theog, Shimla, Himachal Pradesh, India",21-30,,Wall of a house,घर की दीवार,Construction,,n,noun,भीती पाछे राखो दो मेरे शाणा।,I've kept the lock behind the walls.,,,,,
hM83a6UklIq5XpX4niBt,डाग,,,,,,,,https://firebasestorage.googleapis.com/v0/b/talking-dictionaries-alpha.appspot.com/o/audio%2Fmahasuvi%2FhM83a6UklIq5XpX4niBt_1627648427864.wav?alt=media,hM83a6UklIq5XpX4niBt_Witch.wav,Aniket Chauhan,"Theog, Shimla, Himachal Pradesh, India",21-30,,Witch,चुड़ैल,Spirituality and Religion,,n,noun,,,,,,,
hOoYwa6WFlBrWJCRzrXl,घुड़ी,,,,,,,,https://firebasestorage.googleapis.com/v0/b/talking-dictionaries-alpha.appspot.com/o/mahasuvi%2Faudio%2FhOoYwa6WFlBrWJCRzrXl_1653124569274.wav?alt=media,hOoYwa6WFlBrWJCRzrXl_Wrinkle.wav,Aniket Chauhan,"Theog, Shimla, Himachal Pradesh, India",21-30,,Wrinkle,शिकन,Body parts,,n,noun,,,,,,,
hWj2MA6clTHnygSup4QG,ब्रागिण,,,,"Bushahri, Rohruri ",,,,https://firebasestorage.googleapis.com/v0/b/talking-dictionaries-alpha.appspot.com/o/mahasuvi%2Faudio%2FhWj2MA6clTHnygSup4QG_1653310125624.wav?alt=media,hWj2MA6clTHnygSup4QG_Lioness.wav,Aniket Chauhan,"Theog, Shimla, Himachal Pradesh, India",21-30,,Lioness,शेरनी,Animals,,n,noun,,,,,,,
hbYhP4SVHsWiZEANgYKn,गुंजा,,,,Rohruri ,,,,https://firebasestorage.googleapis.com/v0/b/talking-dictionaries-alpha.appspot.com/o/mahasuvi%2Faudio%2FhbYhP4SVHsWiZEANgYKn_1653123555563.wav?alt=media,hbYhP4SVHsWiZEANgYKn_Moustache.wav,Aniket Chauhan,"Theog, Shimla, Himachal Pradesh, India",21-30,,Moustache,मुछ,Body parts,,n,noun,,,,,,,
hbkZ70ONmEtqWEXBxhiX,शोई,,,,Shimla Saraji,,,,,,,,,,Of course,बेशक,,,adv,adverb,शोई चांण डॉलकी,Of course make meat.,बेशक मांस बनाओ।,,,,
hcHix88F0fY0gzsVpBb3,लिप,,,,,,,,https://firebasestorage.googleapis.com/v0/b/talking-dictionaries-alpha.appspot.com/o/mahasuvi%2Faudio%2FhcHix88F0fY0gzsVpBb3_1653311814579.wav?alt=media,hcHix88F0fY0gzsVpBb3_Apply_paintmud.wav,Aniket Chauhan,"Theog, Shimla, Himachal Pradesh, India",21-30,,Apply paint/mud,पोत,Physical Actions,"Art, crafts and textiles",v,verb,,,,,,,
hcgVK4Bz7Wf8B8tH39bi,भोरी,,,,Shimla Saraji,,,,https://firebasestorage.googleapis.com/v0/b/talking-dictionaries-alpha.appspot.com/o/mahasuvi%2Faudio%2FhcgVK4Bz7Wf8B8tH39bi_1653310669591.wav?alt=media,hcgVK4Bz7Wf8B8tH39bi_Enough.wav,Aniket Chauhan,"Theog, Shimla, Himachal Pradesh, India",21-30,,Enough,बहुत,Quantifiers,,det,determiner,भोरी सेओ लागे ओशु।,Lots of apples have grown this year.,,,,,
hfj80OzjfN47f4Knc4HC,ऐशी,,,,,,,,https://firebasestorage.googleapis.com/v0/b/talking-dictionaries-alpha.appspot.com/o/mahasuvi%2Faudio%2Fhfj80OzjfN47f4Knc4HC_1653121362917.wav?alt=media,hfj80OzjfN47f4Knc4HC_this_way.wav,Aniket Chauhan,"Theog, Shimla, Himachal Pradesh, India",21-30,,this way,इस तरह,Location and Directions,,adv,adverb,,,,,,,
hk6YVVhexZwZ2oh7x2tf,शालरी,,,,Shimla Saraji,,,,https://firebasestorage.googleapis.com/v0/b/talking-dictionaries-alpha.appspot.com/o/mahasuvi%2Faudio%2Fhk6YVVhexZwZ2oh7x2tf_1653312110957.wav?alt=media,hk6YVVhexZwZ2oh7x2tf_Blue_Eyes.wav,Aniket Chauhan,"Theog, Shimla, Himachal Pradesh, India",21-30,,Blue Eyes,नीली आंखे,Body parts,,adj,adjective,,,,,,,
hpOov98y0vsjT2KoqEz6,मेक,,,,"Shimla Saraji, Bishshau",,,,https://firebasestorage.googleapis.com/v0/b/talking-dictionaries-alpha.appspot.com/o/mahasuvi%2Faudio%2FhpOov98y0vsjT2KoqEz6_1653311344002.wav?alt=media,hpOov98y0vsjT2KoqEz6_Twist.wav,Aniket Chauhan,"Theog, Shimla, Himachal Pradesh, India",21-30,,Twist,मरोड़,Physical Actions,,v,verb,,,,,,,
htNO5O0JKnrjy3PK6NcJ,टिहाली,,,,Rohruri ,,,,https://firebasestorage.googleapis.com/v0/b/talking-dictionaries-alpha.appspot.com/o/mahasuvi%2Faudio%2FhtNO5O0JKnrjy3PK6NcJ_1653130832991.wav?alt=media,htNO5O0JKnrjy3PK6NcJ_Yelling_to_call_someone_far_away.wav,Aniket Chauhan,"Theog, Shimla, Himachal Pradesh, India",21-30,,Yelling to call someone far away,किसी दूर बैठे व्यक्ति को बुलाने के लिए चिल्लाना,Language and Communication,,v,verb,,,,,,,
hwg8SHNluTIObH3gFGkt,बीलौ,,,,Barari,,,,,,,,,,towards,की ओर,Location and Directions,,,,आओँ जुब्बलो बीलौ डेई लागा,I am going towards Jubbal.,,,,,
hx4SWu1reWpWem1oUuH2,गोद,,,,,,,,https://firebasestorage.googleapis.com/v0/b/talking-dictionaries-alpha.appspot.com/o/mahasuvi%2Faudio%2Fhx4SWu1reWpWem1oUuH2_1653124095070.wav?alt=media,hx4SWu1reWpWem1oUuH2_Stump_trunk.wav,Aniket Chauhan,"Theog, Shimla, Himachal Pradesh, India",21-30,,"Stump, trunk",तना,"Plants, trees and other vegetation","Earth, geology and landscape",n,noun,,,,,,,
i5PkrackQ3OUKyNZ6hPO,बोद,,,,Shimla Saraji,,,,https://firebasestorage.googleapis.com/v0/b/talking-dictionaries-alpha.appspot.com/o/mahasuvi%2Faudio%2Fi5PkrackQ3OUKyNZ6hPO_1653310060053.wav?alt=media,i5PkrackQ3OUKyNZ6hPO_Invite.wav,Aniket Chauhan,"Theog, Shimla, Himachal Pradesh, India",21-30,,Invite,बुलाओ,Language and Communication,Social activities and interactions,v,verb,"ऊबा डे भाटो रे गाओं दा, माँगतु भाट बोद ओरा।","Go above to the village of priests, call Mangtu priest.",,,,,
iCAVxmnG8sgwic3F7i4C,बांको,,,,Shadochi,,,,https://firebasestorage.googleapis.com/v0/b/talking-dictionaries-alpha.appspot.com/o/mahasuvi%2Faudio%2FiCAVxmnG8sgwic3F7i4C_1653297300519.wav?alt=media,iCAVxmnG8sgwic3F7i4C_Beautiful.wav,Aniket Chauhan,"Theog, Shimla, Himachal Pradesh, India",21-30,,Beautiful,सुंदर,States and Characteristics,,adj,adjective,,,,,,,
iHTj2piAAvIAzFB2YjQM,पाड़े,,,,Shadochi,,,,,,,,,,Below,नीचे,Location and Directions,,prep,preposition,,,,,,,
iPHthJamkRkGGf8TUCOd,फिंजुआ,,,,Bishshau,,,,https://firebasestorage.googleapis.com/v0/b/talking-dictionaries-alpha.appspot.com/o/mahasuvi%2Faudio%2FiPHthJamkRkGGf8TUCOd_1653297125802.wav?alt=media,iPHthJamkRkGGf8TUCOd_Himalayan_Bulbul.wav,Aniket Chauhan,"Theog, Shimla, Himachal Pradesh, India",21-30,,Himalayan Bulbul,हिमालय में पाए जाने वाली बुलबुल,Birds,,n,noun,,,,,,,
iVdE8mxwTslRyMDHFH0S,रुड़कु,,,,,,,,https://firebasestorage.googleapis.com/v0/b/talking-dictionaries-alpha.appspot.com/o/mahasuvi%2Faudio%2FiVdE8mxwTslRyMDHFH0S_1653311637217.wav?alt=media,iVdE8mxwTslRyMDHFH0S_Lump_usually_of_flesh.wav,Aniket Chauhan,"Theog, Shimla, Himachal Pradesh, India",21-30,,Lump (usually of flesh),ढ़ेला (सामान्यता मांस का),Body parts,,n,noun,,,,,,,
iWn3VKCfmMtxxS22mG9i,घॉट,,,,Shimla Saraji (Theog),,,,https://firebasestorage.googleapis.com/v0/b/talking-dictionaries-alpha.appspot.com/o/mahasuvi%2Faudio%2FiWn3VKCfmMtxxS22mG9i_1653124622074.wav?alt=media,iWn3VKCfmMtxxS22mG9i_Watermill.wav,Aniket Chauhan,"Theog, Shimla, Himachal Pradesh, India",21-30,,Watermill,पनचक्की,Construction,Agriculture,n,noun,,,,"Water, bodies of water and the water cycle",,,
iZ5s4Z3r69FI0tZryE8Z,आशु,,,,Shimla Saraji,,,,https://firebasestorage.googleapis.com/v0/b/talking-dictionaries-alpha.appspot.com/o/mahasuvi%2Faudio%2FiZ5s4Z3r69FI0tZryE8Z_1653120901358.wav?alt=media,iZ5s4Z3r69FI0tZryE8Z_tear.wav,Aniket Chauhan,"Theog, Shimla, Himachal Pradesh, India",21-30,,tear,आंसू,Emotions,Body functions,n,noun,आशु टालू ला तेरे।,I'll bring out your tears.,मैं तुम्हारे आंसू निकाल दूंगा।,,,,
idMqhIIIhwxcg5hZyS2Z,ब्रौऊं,,,,Rohruri ,,,,,,,,,,Eyebrows,भौहें,Body parts,,n,noun,तेरा-गा ब्रौऊं बी अबे शुक्ला बोणे।,Your eyebrows have now turned white.,आपकी भौहें अब सफेद हो गई हैं।,,,,
iemNy0Du5qlBRHDamPGt,बिछ़ाण,,,,Bishshau,,,,,,,,,,fallen dry pine needles,चीड़ की गिरी हुई और सूखी हुई सुइयाँ,"Plants, trees and other vegetation",,,,,,,,,,
ihtfwDjqIRLZhxSQ6CIA,कन्हैयो,,,,Kumharsain,,,,https://firebasestorage.googleapis.com/v0/b/talking-dictionaries-alpha.appspot.com/o/mahasuvi%2Faudio%2FihtfwDjqIRLZhxSQ6CIA_1653121522070.wav?alt=media,ihtfwDjqIRLZhxSQ6CIA_Lord_Krishna.wav,Aniket Chauhan,"Theog, Shimla, Himachal Pradesh, India",21-30,,Lord Krishna,भगवान कृष्ण,Sacred names,,n,noun,,,,,,,
iiYSOC4DPgfNcVP4dW6b,ठोगडो,,,,"Shadochi, Rohruri ",,,,https://firebasestorage.googleapis.com/v0/b/talking-dictionaries-alpha.appspot.com/o/mahasuvi%2Faudio%2FiiYSOC4DPgfNcVP4dW6b_1653131054254.wav?alt=media,iiYSOC4DPgfNcVP4dW6b_Well_disciplined_well_behaved.wav,Aniket Chauhan,"Theog, Shimla, Himachal Pradesh, India",21-30,,"Well disciplined, well behaved","अच्छा अनुशासित, अच्छा व्यवहार करने वाला",States and Characteristics,,adj,adjective,,,,,,,
ijeZ2xM0iHN1QRRU9dG7,मुआं,,,,"Shimla Saraji, Sharachali",,,,https://firebasestorage.googleapis.com/v0/b/talking-dictionaries-alpha.appspot.com/o/mahasuvi%2Faudio%2FijeZ2xM0iHN1QRRU9dG7_1653311184437.wav?alt=media,ijeZ2xM0iHN1QRRU9dG7_Died.wav,Aniket Chauhan,"Theog, Shimla, Himachal Pradesh, India",21-30,,Died,मर गया,States and Characteristics,Life stages and rites of passage,v,verb,,,,,,,
ioOSfgQLgITLJIZ2WirV,रूण,,,,,,,,https://firebasestorage.googleapis.com/v0/b/talking-dictionaries-alpha.appspot.com/o/mahasuvi%2Faudio%2FioOSfgQLgITLJIZ2WirV_1653311645641.wav?alt=media,ioOSfgQLgITLJIZ2WirV_Cry.wav,Aniket Chauhan,"Theog, Shimla, Himachal Pradesh, India",21-30,,Cry,रो,Physical Actions,Emotions,v,verb,,,,Body functions,,,
ivG3nP8FnbicGmmx2QiE,भैणी,,,,,,,,https://firebasestorage.googleapis.com/v0/b/talking-dictionaries-alpha.appspot.com/o/mahasuvi%2Faudio%2FivG3nP8FnbicGmmx2QiE_1653310608079.wav?alt=media,ivG3nP8FnbicGmmx2QiE_Morning.wav,Aniket Chauhan,"Theog, Shimla, Himachal Pradesh, India",21-30,,Morning,सुबह,Time,,n,noun,,,,,,,
j20d43VMaxSFQXEjr46l,लंबरदार,,,,,,,,https://firebasestorage.googleapis.com/v0/b/talking-dictionaries-alpha.appspot.com/o/mahasuvi%2Faudio%2Fj20d43VMaxSFQXEjr46l_1653311773235.wav?alt=media,j20d43VMaxSFQXEjr46l_Village_bigshot_who_collected_land_revenuetax.wav,Aniket Chauhan,"Theog, Shimla, Himachal Pradesh, India",21-30,,Village bigshot who collected land revenue/tax,भू-राजस्व/कर वसूल करने वाले गाँव के बड़े अभिनेता,"Humans, Social Relations and Organization",Finance and Business,n,noun,,,,,,,
j2brSwHMUPZbaif7U0nF,मोडाइये,,,,Bishshau,,,,https://firebasestorage.googleapis.com/v0/b/talking-dictionaries-alpha.appspot.com/o/mahasuvi%2Faudio%2Fj2brSwHMUPZbaif7U0nF_1653311460177.wav?alt=media,j2brSwHMUPZbaif7U0nF_Forcefully.wav,Aniket Chauhan,"Theog, Shimla, Himachal Pradesh, India",21-30,,Forcefully,ज़बरदस्ती,"Food, cooking and foodways",,adv,adverb,,,,,,,
j4bXIFRMAx7T9CO1kg0K,लिब,,,,Sharachali,,,,https://firebasestorage.googleapis.com/v0/b/talking-dictionaries-alpha.appspot.com/o/mahasuvi%2Faudio%2Fj4bXIFRMAx7T9CO1kg0K_1653311822125.wav?alt=media,j4bXIFRMAx7T9CO1kg0K_Apply_paintmud.wav,Aniket Chauhan,"Theog, Shimla, Himachal Pradesh, India",21-30,,Apply paint/mud,पोत,Physical Actions,"Art, crafts and textiles",v,verb,,,,,,,
j52EYoqFgIbxfNUjii84,टीर,,,,,,,,https://firebasestorage.googleapis.com/v0/b/talking-dictionaries-alpha.appspot.com/o/mahasuvi%2Faudio%2Fj52EYoqFgIbxfNUjii84_1653130866908.wav?alt=media,j52EYoqFgIbxfNUjii84_Peak.wav,Aniket Chauhan,"Theog, Shimla, Himachal Pradesh, India",21-30,,Peak,चोटी,"Earth, geology and landscape",,n,noun,,,,,,,
jH04QZchyVQZLejzzgaF,जिक,,,,Bushahri (Narain) ,,,,,,,,,,Crawl,घुटनों के बल चलना,Physical Actions,Motion,v,verb,तेरे मुंडा मैती का लागो जिकदो,What is it crawling on your head?,,,,,
jHRJDmAOrb319sCPqSlG,काछु,,,,Shimla Saraji,,,,,,,,,,Underarm,बगल,Body parts,,n,noun,काछु पांदे थोला छाड़ा दो।,The packet is over your under arm.,,,,,
jHw2H5HVYRrYwv8dAeYz,सैकड़ा,,,,Barari,,,,,,,,,,Muslim,मुसलमान,Spirituality and Religion,Names of people and clans,,,,,,,,,
jKWjEbA4OVgOID8OzPdp,काहनु,,,,"Shimla Saraji, Sharachali, Bishshau",,,,https://firebasestorage.googleapis.com/v0/b/talking-dictionaries-alpha.appspot.com/o/mahasuvi%2Faudio%2FjKWjEbA4OVgOID8OzPdp_1653121998356.wav?alt=media,jKWjEbA4OVgOID8OzPdp_Rice_husk.wav,Aniket Chauhan,"Theog, Shimla, Himachal Pradesh, India",21-30,,Rice husk,चावल का छिलका,"Plants, trees and other vegetation",Agriculture,n,noun,,,,,,,
jLxjOG2TUotKFVVGxGXr,शटक,,,,Bushahri,,,,https://firebasestorage.googleapis.com/v0/b/talking-dictionaries-alpha.appspot.com/o/mahasuvi%2Faudio%2FjLxjOG2TUotKFVVGxGXr_1653312000048.wav?alt=media,jLxjOG2TUotKFVVGxGXr_Quick.wav,Aniket Chauhan,"Theog, Shimla, Himachal Pradesh, India",21-30,,Quick,तेज़,States and Characteristics,,adj,adjective,,,,,,,
jOx51B9hmwI91o1QsVt5,मूषा,,,,Shimla Saraji,,,,https://firebasestorage.googleapis.com/v0/b/talking-dictionaries-alpha.appspot.com/o/mahasuvi%2Faudio%2FjOx51B9hmwI91o1QsVt5_1653311299719.wav?alt=media,jOx51B9hmwI91o1QsVt5_Rat_mouse.wav,Aniket Chauhan,"Theog, Shimla, Himachal Pradesh, India",21-30,,"Rat, mouse",चूहा,Animals,,n,noun,मूषा भीतरी आज गोआ,Mouse has come inside.,,,,,
jSpRHL7q1ZHXywGuavO7,तोर्सणा,,,,,,,,https://firebasestorage.googleapis.com/v0/b/talking-dictionaries-alpha.appspot.com/o/mahasuvi%2Faudio%2FjSpRHL7q1ZHXywGuavO7_1653131646158.wav?alt=media,jSpRHL7q1ZHXywGuavO7_Yearning.wav,Aniket Chauhan,"Theog, Shimla, Himachal Pradesh, India",21-30,,Yearning,ललक,Emotions,,n,noun,,,,,,,
jcSqRDPVlxrnQyPO81jQ,ओन्न,oːnn,,,Shimla Saraji,,,,https://firebasestorage.googleapis.com/v0/b/talking-dictionaries-alpha.appspot.com/o/mahasuvi%2Faudio%2FjcSqRDPVlxrnQyPO81jQ_1653121405236.wav?alt=media,jcSqRDPVlxrnQyPO81jQ_food.wav,Aniket Chauhan,"Theog, Shimla, Himachal Pradesh, India",21-30,,food,भोजन,"Food, cooking and foodways",,n,noun,ओन्न मिलो माणु आपणे भागे।,Man gets food according to his fate.,अन्न मनुष्य को अपने भाग्य के हिसाब से ही मिलता है।,,,,
jgpRvdP6nmZmIuYQN5Id,मडेकणा,,,,,,,,https://firebasestorage.googleapis.com/v0/b/talking-dictionaries-alpha.appspot.com/o/mahasuvi%2Faudio%2FjgpRvdP6nmZmIuYQN5Id_1653310712840.wav?alt=media,jgpRvdP6nmZmIuYQN5Id_act_of_twisting.wav,Aniket Chauhan,"Theog, Shimla, Himachal Pradesh, India",21-30,,act of twisting,घुमाने की क्रिया,Physical Actions,,v,verb,,,,,,,
jqb0hlC4OOkaNYyR0Hm4,मेची,,,,Shimla Saraji,,,,https://firebasestorage.googleapis.com/v0/b/talking-dictionaries-alpha.appspot.com/o/mahasuvi%2Faudio%2Fjqb0hlC4OOkaNYyR0Hm4_1653311418523.wav?alt=media,jqb0hlC4OOkaNYyR0Hm4_A_married_womans_paternal_housefamily.wav,Aniket Chauhan,"Theog, Shimla, Himachal Pradesh, India",21-30,,A married woman's paternal house/family,माइका,"Humans, Social Relations and Organization",Kinship and relationships,n,noun,तेरे मेची शोडे लागो मूं।,Your maternal relatives seemed bad to me.,,,,,
jsssVw3cIZOR9KgchHWe,एखली,,,,,,,,https://firebasestorage.googleapis.com/v0/b/talking-dictionaries-alpha.appspot.com/o/mahasuvi%2Faudio%2FjsssVw3cIZOR9KgchHWe_1653121114396.wav?alt=media,jsssVw3cIZOR9KgchHWe_Alone.wav,Aniket Chauhan,"Theog, Shimla, Himachal Pradesh, India",21-30,,Alone,अकेले,States and Characteristics,,adj,adjective,,,,,,,
jtOXIZuG8ybn4b9WaAhU,एती,,,,Shimla Saraji,,,,https://firebasestorage.googleapis.com/v0/b/talking-dictionaries-alpha.appspot.com/o/mahasuvi%2Faudio%2FjtOXIZuG8ybn4b9WaAhU_1653121182691.wav?alt=media,jtOXIZuG8ybn4b9WaAhU_this_much.wav,Aniket Chauhan,"Theog, Shimla, Himachal Pradesh, India",21-30,,this much,इतना,Quantities and Quantifiers,,adj,adjective,एती चिश दे तेस धीटु खे।,GIve this much water to that girl.,,,,,
jvpoU9iGaoMqnR56AD2J,आंड़े,ɑːⁿdeːh,,,Shimla Saraji,,,,https://firebasestorage.googleapis.com/v0/b/talking-dictionaries-alpha.appspot.com/o/mahasuvi%2Faudio%2FjvpoU9iGaoMqnR56AD2J_1653120380486.wav?alt=media,jvpoU9iGaoMqnR56AD2J_here_this_side.wav,Aniket Chauhan,"Theog, Shimla, Himachal Pradesh, India",21-30,,"here, this side",इधर,Location and Directions,,n,noun,आंडे दो तो किएँ नी दिश लागो।,Nothing can be seen from here.,इधर से तोह कुछ नहीं दिख रहा।,,,,
jyI2SzZOTFZlDQGkyn1X,झ़ोट,,,,,,,,,,,,,,Small Shrub,छोटी झाड़ी,"Plants, trees and other vegetation",,n,noun,मेरे घोरो छोणडो थो पीपली रो झोट।,There was a green chilli shrub at the back of my house.,मेरे घर के पीछे हरी मिर्च की एक झाड़ी थी।,,,,
k355BXyySk45YLbew04K,बीउज़,,,,Rohruri ,,,,https://firebasestorage.googleapis.com/v0/b/talking-dictionaries-alpha.appspot.com/o/mahasuvi%2Faudio%2Fk355BXyySk45YLbew04K_1653309060547.wav?alt=media,k355BXyySk45YLbew04K_Stand_up.wav,Aniket Chauhan,"Theog, Shimla, Himachal Pradesh, India",21-30,,Stand up,उठ जाओ,Physical Actions,Posture,v,verb,,,,,,,
k4X2Z51ZTqf1sycBIvhj,सुणा,,,,"Shimla Saraji, Bishshau",,,,https://firebasestorage.googleapis.com/v0/b/talking-dictionaries-alpha.appspot.com/o/mahasuvi%2Faudio%2Fk4X2Z51ZTqf1sycBIvhj_1653312529407.wav?alt=media,k4X2Z51ZTqf1sycBIvhj_Dream.wav,Aniket Chauhan,"Theog, Shimla, Himachal Pradesh, India",21-30,,Dream,सपना,Sleep,,n,noun,,,,,,,
kGzcFPgzWWEuqwmQdps3,लै,,,,Shadochi,,,,https://firebasestorage.googleapis.com/v0/b/talking-dictionaries-alpha.appspot.com/o/mahasuvi%2Faudio%2FkGzcFPgzWWEuqwmQdps3_1653311913614.wav?alt=media,kGzcFPgzWWEuqwmQdps3_Buy.wav,Aniket Chauhan,"Theog, Shimla, Himachal Pradesh, India",21-30,,Buy,खरीद,Physical Actions,Finance and Business,v,verb,,,,,,,
kIKSGimkkXhljByUViyq,फांड़िया,,,,Shimla Saraji,,,,,,,,,,Muslim,मुसलमान,Spirituality and Religion,Names of people and clans,,,,,,,,,
kJ2tkCQ7Mwvq53gFfWnm,बखनाणौ,,,,Shadochi,,,,,,,,,,Example,उदाहरण,,,n,noun," कुशु सोबीऐ बखनाणै लै आ गाढ़ौनौ, ते सैई नी बौणै","Everyone gives Kushu's example, don't be like him.","हर कोई कुशु की मिसाल देता है, उसके जैसा मत बनो।",,,,
kJntCckn7hXyuDsFmn1N,ठाठो,,,,Bushahri,,,,,,,,,,make fun of,मज़ाक उड़ाना,Physical Actions,Emotions,n,noun,चुटक किले ना फिर दो? ठाठो घाडा लोग,Why don't you keep silent? People are making fun of you.,आप चुप क्यों नहीं रहते? लोग आपका मजाक उड़ा रहे हैं।,,,,
kNqFj7KYAHvCNfAe6NqG,झांग,,,,Shimla Saraji,,,,https://firebasestorage.googleapis.com/v0/b/talking-dictionaries-alpha.appspot.com/o/mahasuvi%2Faudio%2FkNqFj7KYAHvCNfAe6NqG_1653130544257.wav?alt=media,kNqFj7KYAHvCNfAe6NqG_Kill.wav,Aniket Chauhan,"Theog, Shimla, Himachal Pradesh, India",21-30,,Kill,मार,Physical Actions,,v,verb,तिऐं आपणा घोरिया झांग गोआ।,She killed her husband.,,,,,
kOISZ8id1UfJuBfbQKhN,छमासकी,,,,Kumharsain,,,,,,,,,,Six months after a person's death,किसी व्यक्ति की मृत्यु के छह महीने बाद,Time,Life stages and rites of passage,n,noun,तै केबे आई छमासकी?,When is the six month death anniversary?,छह महीने की पुण्यतिथि कब है?,,,,
kOscoOjbxKLOjsSSnuaY,चाकरा,,,,,,,,https://firebasestorage.googleapis.com/v0/b/talking-dictionaries-alpha.appspot.com/o/mahasuvi%2Faudio%2FkOscoOjbxKLOjsSSnuaY_1653124750382.wav?alt=media,kOscoOjbxKLOjsSSnuaY_Chakor_partridge.wav,Aniket Chauhan,"Theog, Shimla, Himachal Pradesh, India",21-30,,Chakor partridge,चकोर,Birds,,n,noun,,,,,,,
kPaXOzY1R8RuK77i3QjX,एबीए,,,,Shimla Saraji,,,,https://firebasestorage.googleapis.com/v0/b/talking-dictionaries-alpha.appspot.com/o/mahasuvi%2Faudio%2FkPaXOzY1R8RuK77i3QjX_1653121297822.wav?alt=media,kPaXOzY1R8RuK77i3QjX_from_now_on.wav,Aniket Chauhan,"Theog, Shimla, Himachal Pradesh, India",21-30,,from now on,अभी से,Time,,pro,pronoun,एबीए लाग गोई त्येरी कोरदी।,Started preparations from now.,,,,,
kQpHz8oSxyvIJCOP3oS6,धुण,,,,,,,,https://firebasestorage.googleapis.com/v0/b/talking-dictionaries-alpha.appspot.com/o/mahasuvi%2Faudio%2FkQpHz8oSxyvIJCOP3oS6_1653296014135.wav?alt=media,kQpHz8oSxyvIJCOP3oS6_Shake.wav,Aniket Chauhan,"Theog, Shimla, Himachal Pradesh, India",21-30,,Shake,हिल,Physical Actions,Physical Impact,v,verb,,,,,,,
kVd5vzFPvXIpEEQtlYAm,टेक,,,,"Shimla Saraji (Theog), Rohruri ",,,,https://firebasestorage.googleapis.com/v0/b/talking-dictionaries-alpha.appspot.com/o/mahasuvi%2Faudio%2FkVd5vzFPvXIpEEQtlYAm_1653130953180.wav?alt=media,kVd5vzFPvXIpEEQtlYAm_Stop.wav,Aniket Chauhan,"Theog, Shimla, Himachal Pradesh, India",21-30,,Stop,विराम,Physical Actions,,v,verb,,,,,,,
kVuphS7Eh6TOwN1gVvDR,नेगटी,,,,Shimla Saraji,,,,https://firebasestorage.googleapis.com/v0/b/talking-dictionaries-alpha.appspot.com/o/mahasuvi%2Faudio%2FkVuphS7Eh6TOwN1gVvDR_1653296514737.wav?alt=media,kVuphS7Eh6TOwN1gVvDR_Wife_of_Negi.wav,Aniket Chauhan,"Theog, Shimla, Himachal Pradesh, India",21-30,,Wife of Negi,नेगी की पत्नी,Spirituality and Religion,,n,noun,,,,,,,
kf6CFRZOhl6Ie0RzFiTL,शाणा,,,,Shimla Saraji,,,,https://firebasestorage.googleapis.com/v0/b/talking-dictionaries-alpha.appspot.com/o/mahasuvi%2Faudio%2Fkf6CFRZOhl6Ie0RzFiTL_1653312092139.wav?alt=media,kf6CFRZOhl6Ie0RzFiTL_Lock.wav,Aniket Chauhan,"Theog, Shimla, Himachal Pradesh, India",21-30,,Lock,ताला,Tools and weapons,Household,n,noun,शाणा चोड़णा पोड़े ऐबे।,Now the lock will have to be broken.,,,,,
kgQ8fNukTrHsGbJbo2ii,माछरणा,,,,"Shimla Saraji, Bishshau",,,,,,,,,,to get agitated,उत्तेजित होना,Emotions,Mental actions,v,verb,केईं माछर लागा दादेया?,Why are you getting agitated elder brother?,क्यों उत्तेजित हो रहे हो बड़े भाई?,,,,
khBmtr0fsNniZqD0hTTt,ढोबो,,,,,,,,https://firebasestorage.googleapis.com/v0/b/talking-dictionaries-alpha.appspot.com/o/mahasuvi%2Faudio%2FkhBmtr0fsNniZqD0hTTt_1653131478128.wav?alt=media,khBmtr0fsNniZqD0hTTt_To_like.wav,Aniket Chauhan,"Theog, Shimla, Himachal Pradesh, India",21-30,,To like,पसंद आना,Emotions,,n,noun,,,,,,,
kln93xepbUOXqvZ8Qdmv,ज़ैंडी,,,,Shadochi,,,,,,,,,,A greedy and malnourished person,एक लालची और कुपोषित व्यक्ति,"Humans, Social Relations and Organization","Health, well-being and sickness",adj,adjective,तू ज़ैंडी ज़ौ ई लागा मुलै,You seem like a greedy and malnourished person to me.,तुम मुझे लालची और कुपोषित व्यक्ति लगते हो।,,,,
knRjpwafGey79rWNJAUV,छमाछा,,,,,,,,,,,,,,Six months after a person's death,किसी व्यक्ति की मृत्यु के छह महीने बाद,Time,Life stages and rites of passage,n,noun,छमाछा कोबे ओ?,When is the six month death anniversary?,छह महीने की पुण्यतिथि कब है?,,,,
kq7sh8zH77CkHautHiRi,लिबणा,,,,Sharachali,,,,https://firebasestorage.googleapis.com/v0/b/talking-dictionaries-alpha.appspot.com/o/mahasuvi%2Faudio%2Fkq7sh8zH77CkHautHiRi_1653311828836.wav?alt=media,kq7sh8zH77CkHautHiRi_To_Apply_paintmud.wav,Aniket Chauhan,"Theog, Shimla, Himachal Pradesh, India",21-30,,To Apply paint/mud,पोतना,Physical Actions,"Art, crafts and textiles",v,verb,,,,,,,
ktJ5HWd8UqPQzVpXfQEP,घृश,,,,Shimla Saraji,,,,https://firebasestorage.googleapis.com/v0/b/talking-dictionaries-alpha.appspot.com/o/mahasuvi%2Faudio%2FktJ5HWd8UqPQzVpXfQEP_1653124607570.wav?alt=media,ktJ5HWd8UqPQzVpXfQEP_Scratch.wav,Aniket Chauhan,"Theog, Shimla, Himachal Pradesh, India",21-30,,Scratch,खरोंच,Physical Actions,"Health, well-being and sickness",v,verb,,,,,,,
ku4wt5sEX8sgy3hb93IC,साबणा,,,,,,,,https://firebasestorage.googleapis.com/v0/b/talking-dictionaries-alpha.appspot.com/o/mahasuvi%2Faudio%2Fku4wt5sEX8sgy3hb93IC_1653312443280.wav?alt=media,ku4wt5sEX8sgy3hb93IC_To_resolve.wav,Aniket Chauhan,"Theog, Shimla, Himachal Pradesh, India",21-30,,To resolve,समाधान निकालना,Mental actions,,,,,,,,,,
l0FqoIiLb1FQ2nmVFx2p,बरश,,,,Chuhara,,,,,,,,,,Year,वर्ष,Time,,,,,,,,,,
l2hs6pLEaNCnRKpAKdrw,ढ़ाटू,,,,,,,,,,,,,,Headscarf worn by women in the Himalayas,हिमालय में महिलाओं द्वारा पहना जाने वाला हेडस्कार्फ़,Clothing and adornment,"Art, crafts and textiles",n,noun,ढ़ाटू केईं नी बामदी?,Why don't you wear a Dhaatu?,आप ढ़ाटू  क्यों नहीं पहनते?,,,,
l4Bp49Uj6q67MLMfvons,कोली,,,,,,,,https://firebasestorage.googleapis.com/v0/b/talking-dictionaries-alpha.appspot.com/o/mahasuvi%2Faudio%2Fl4Bp49Uj6q67MLMfvons_1653122623112.wav?alt=media,l4Bp49Uj6q67MLMfvons_A_person_belonging_to_Kol_tribe.wav,Aniket Chauhan,"Theog, Shimla, Himachal Pradesh, India",21-30,,A person belonging to Kol tribe,कोल जाती का व्यक्ति,"Humans, Social Relations and Organization",Names of people and clans,n,noun,,,,,,,
l4GvOhPeeAQzccvr7aY0,गियो,,,,"Shimla Saraji, Bishshau, Barari",,,,,,,,,,Gums,मसूड़े,Body parts,,n,noun,तेरे गियो काले केईं फिर लागे?,Why are your gums turning black?,,,,,
lEPTXKiacKVcIdCXuNoV,मोहिंश,,,,Shimla Saraji,,,,https://firebasestorage.googleapis.com/v0/b/talking-dictionaries-alpha.appspot.com/o/mahasuvi%2Faudio%2FlEPTXKiacKVcIdCXuNoV_1653311492688.wav?alt=media,lEPTXKiacKVcIdCXuNoV_Buffalo.wav,Aniket Chauhan,"Theog, Shimla, Himachal Pradesh, India",21-30,,Buffalo,भैंस,Animals,,n,noun,खा खायो मोहिंश नोरी बॉन गोई तू।,You have become like a buffalo having eaten so much.,,,,,
lJfBIvjqYWyTQmqMzXpx,साथी,,,,,,,,https://firebasestorage.googleapis.com/v0/b/talking-dictionaries-alpha.appspot.com/o/mahasuvi%2Faudio%2FlJfBIvjqYWyTQmqMzXpx_1653312414222.wav?alt=media,lJfBIvjqYWyTQmqMzXpx_Alongwith.wav,Aniket Chauhan,"Theog, Shimla, Himachal Pradesh, India",21-30,,Alongwith,साथ में,"Coordinators, Subordinators, Relativizers, Quotatives",,prep,preposition,,,,,,,
lRztJljZzJDoBS9MKMzx,जिउँदो,,,,"Bushahri, Rohruri ",,,,https://firebasestorage.googleapis.com/v0/b/talking-dictionaries-alpha.appspot.com/o/mahasuvi%2Faudio%2FlRztJljZzJDoBS9MKMzx_1653125455180.wav?alt=media,lRztJljZzJDoBS9MKMzx_Living.wav,Aniket Chauhan,"Theog, Shimla, Himachal Pradesh, India",21-30,,Living,जीवित,,,v,verb,,,,,,,
lSxoNddr8xboPmnMmrXr,थाक,,,,Rohruri ,,,,https://firebasestorage.googleapis.com/v0/b/talking-dictionaries-alpha.appspot.com/o/mahasuvi%2Faudio%2FlSxoNddr8xboPmnMmrXr_1653131693081.wav?alt=media,lSxoNddr8xboPmnMmrXr_Stop.wav,Aniket Chauhan,"Theog, Shimla, Himachal Pradesh, India",21-30,,Stop,विराम,Physical Actions,,v,verb,,,,,,,
lTRPNoQ0xvFEELuzhVkL,कुकटू,,,,,,,,https://firebasestorage.googleapis.com/v0/b/talking-dictionaries-alpha.appspot.com/o/audio%2Fmahasuvi%2FlTRPNoQ0xvFEELuzhVkL_1624192535843.wav?alt=media,lTRPNoQ0xvFEELuzhVkL_Puppy.wav,Aniket Chauhan,"Theog, Shimla, Himachal Pradesh, India",21-30,,Puppy,कुत्ते का बच्चा,Animals,,n,noun,,,,,,,
lXn946unQyH7rqcNEm6g,धाच,,,,,,,,https://firebasestorage.googleapis.com/v0/b/talking-dictionaries-alpha.appspot.com/o/mahasuvi%2Faudio%2FlXn946unQyH7rqcNEm6g_1653295967409.wav?alt=media,lXn946unQyH7rqcNEm6g_raising_children.wav,Aniket Chauhan,"Theog, Shimla, Himachal Pradesh, India",21-30,,raising children,बच्चों की परवरिश,Life stages and rites of passage,Kinship and relationships,v,verb,,,,,,,
lZIa3wKf8wAfip4dyjfQ,ठौड़,,,,Shimla Saraji,,,,,,,,,,An elevated platform with a cavity in between where Khashas used to bury the severed heads of their enemies,बीच में एक गुहा के साथ एक ऊंचा मंच जहां खशा अपने दुश्मनों के कटे हुए सिर को दफनाते थे,Spirituality and Religion,,n,noun,झिशी ठौड़ पूजदे ड्यूणे पौड़ी,We have to go worship the Thod in the morning,हमें प्रातः काल ठोड की पूजा करने जाना है,,,,
la7CVSD5JgmDYZ0Aw6Dh,सोरो,,,,"Bushahri, Rohruri ",,,,https://firebasestorage.googleapis.com/v0/b/talking-dictionaries-alpha.appspot.com/o/mahasuvi%2Faudio%2Fla7CVSD5JgmDYZ0Aw6Dh_1653312729266.wav?alt=media,la7CVSD5JgmDYZ0Aw6Dh_related_by_blood_kinsfolk.wav,Aniket Chauhan,"Theog, Shimla, Himachal Pradesh, India",21-30,,"related by blood, kinsfolk",रक्त से संबंधित,States and Characteristics,Kinship and relationships,n pl,plural noun,,,,,,,
laPxmkD7rvxu7d5RJ9mD,खिलना,,,,Shimla Saraji,,,,https://firebasestorage.googleapis.com/v0/b/talking-dictionaries-alpha.appspot.com/o/audio%2Fmahasuvi%2FlaPxmkD7rvxu7d5RJ9mD_1625550705929.wav?alt=media,laPxmkD7rvxu7d5RJ9mD_Pick__Small_digging_tool_with_wooden_handle.wav,Rajneesh Verma,"Theog, Shimla",31-40,,Pick - Small digging tool with wooden handle,छोटी कुदाली,Tools and weapons,,n,noun,,,,,laPxmkD7rvxu7d5RJ9mD_Pick__Small_digging_tool_with_wooden_handle.jpg,https://firebasestorage.googleapis.com/v0/b/talking-dictionaries-alpha.appspot.com/o/images%2Fmahasuvi%2FlaPxmkD7rvxu7d5RJ9mD_1625550602287.jpg?alt=media,
lctV3aKuTFWaCRChXuyN,बरशोतरे,,,,Rohruri ,,,,,,,,,,The ceremony in memory of a person after one year of his death,किसी व्यक्ति की मृत्यु के एक वर्ष बाद उसकी स्मृति में समारोह,Life stages and rites of passage,,n,noun,बरशोतरे कोबि?,When is the death anniversary?,पुण्यतिथि कब है?,,,,
lmDbIcX7GqRcwtXVmtLk,ढाल,,,,,,,,https://firebasestorage.googleapis.com/v0/b/talking-dictionaries-alpha.appspot.com/o/mahasuvi%2Faudio%2FlmDbIcX7GqRcwtXVmtLk_1653131453298.wav?alt=media,lmDbIcX7GqRcwtXVmtLk_Respectful_salutation_for_someone_above_your_social_status_or_caste.wav,Aniket Chauhan,"Theog, Shimla, Himachal Pradesh, India",21-30,,Respectful salutation for someone above your social status or caste,आपकी सामाजिक स्थिति या जाति से ऊपर के किसी व्यक्ति के लिए सम्मानजनक अभिवादन,Social activities and interactions,,n,noun,,,,,,,
lpo2QL4S0PGktnzVdYYP,रीण्ड,,,,,,,,https://firebasestorage.googleapis.com/v0/b/talking-dictionaries-alpha.appspot.com/o/audio%2Fmahasuvi%2Flpo2QL4S0PGktnzVdYYP_1624191160215.wav?alt=media,lpo2QL4S0PGktnzVdYYP_A_despicable_or_vile_person.wav,Aniket Chauhan,"Theog, Shimla, Himachal Pradesh, India",21-30,,A despicable or vile person.,घिनौना और  नीच व्यक्ति।,"Humans, Social Relations and Organization",,adj,adjective,,,,,,,
lsguV19mNGwh8dDmmhzG,तेंईंया,,,,Rohruri ,,,,,,,,,,for (me/someone),के लिए (मैं / कोई),,,conj,conjunction,मेरी तेंईं-आ आओ सेओ,He came for me,वह मेरे लिए आया था,,,,
luSHA8fRfYDMqcmdTcpF,घनेणु,,,,Rohruri ,,,,https://firebasestorage.googleapis.com/v0/b/talking-dictionaries-alpha.appspot.com/o/mahasuvi%2Faudio%2FluSHA8fRfYDMqcmdTcpF_1653124411291.wav?alt=media,luSHA8fRfYDMqcmdTcpF_Empathetic_person.wav,Aniket Chauhan,"Theog, Shimla, Himachal Pradesh, India",21-30,,Empathetic person,सहानुभूति रखने वाला व्यक्ति,"Humans, Social Relations and Organization",Emotions,adj,adjective,,,,,,,
m0NhFNdSERV5eAFe4bmt,सैई,,,,Shadochi,,,,https://firebasestorage.googleapis.com/v0/b/talking-dictionaries-alpha.appspot.com/o/mahasuvi%2Faudio%2Fm0NhFNdSERV5eAFe4bmt_1653312622371.wav?alt=media,m0NhFNdSERV5eAFe4bmt_Like_similar.wav,Aniket Chauhan,"Theog, Shimla, Himachal Pradesh, India",21-30,,"Like, similar",समान,,,adj,adjective,,,,,,,
m2wu0jeDvaD5tnR5Xl0P,छाश,,,,"Shimla Saraji, Sharachali",,,,https://firebasestorage.googleapis.com/v0/b/talking-dictionaries-alpha.appspot.com/o/mahasuvi%2Faudio%2Fm2wu0jeDvaD5tnR5Xl0P_1653125162892.wav?alt=media,m2wu0jeDvaD5tnR5Xl0P_Lassi.wav,Aniket Chauhan,"Theog, Shimla, Himachal Pradesh, India",21-30,,Lassi,लस्सी,"Food, cooking and foodways",,n,noun,,,,,,,
m7bqmZqXlGqEKLAj51iD,धौंटी,,,,,,,,https://firebasestorage.googleapis.com/v0/b/talking-dictionaries-alpha.appspot.com/o/audio%2Fmahasuvi%2Fm7bqmZqXlGqEKLAj51iD_1625133673712.wav?alt=media,m7bqmZqXlGqEKLAj51iD_Bow.wav,Rajneesh Verma,"Theog, Shimla",31-40,,Bow,कमान,Sports and games,,n,noun,,,,,m7bqmZqXlGqEKLAj51iD_Bow.jpg,https://firebasestorage.googleapis.com/v0/b/talking-dictionaries-alpha.appspot.com/o/images%2Fmahasuvi%2Fm7bqmZqXlGqEKLAj51iD_1625133614697.jpg?alt=media,
m9WgZfGwY3PANsVhX7Pf,आगी,ɑːgiː,,,Shimla Saraji,,,,https://firebasestorage.googleapis.com/v0/b/talking-dictionaries-alpha.appspot.com/o/mahasuvi%2Faudio%2Fm9WgZfGwY3PANsVhX7Pf_1653120513631.wav?alt=media,m9WgZfGwY3PANsVhX7Pf_in_front.wav,Aniket Chauhan,"Theog, Shimla, Himachal Pradesh, India",21-30,,in front,आगे,Location and Directions,,adv,adverb,आगी बाट डेयो?,Road goes ahead?,आगे रास्ता जाता है?,,,,
mK6RYN8VvCGGDKqTYMsO,दोची,,,,,,,,https://firebasestorage.googleapis.com/v0/b/talking-dictionaries-alpha.appspot.com/o/mahasuvi%2Faudio%2FmK6RYN8VvCGGDKqTYMsO_1653132056661.wav?alt=media,mK6RYN8VvCGGDKqTYMsO_Second_house.wav,Aniket Chauhan,"Theog, Shimla, Himachal Pradesh, India",21-30,,Second house,दूसरा घर,Construction,Agriculture,n,noun,,,,,,,
mUXhu9zQU0n0AmKLyYs1,लोसकोन्टे,,,,Rohruri ,,,,,,,,,,Skink,,Reptiles and amphibians,,n,noun,"मुंदे थे ऐत्ति मोटे लोसकोन्टे, अबे हों देखणें तेरे बी माईं","Skink was on me, Iam sure that there'll be a girl child.","स्किंक मुझ पर था, मुझे यकीन है कि एक बच्ची होगी।",,,,
maElz9f8woah86EHRMig,चलाफु,,,,Barari,,,,,,,,,,green pine needles,चीड़ की हरी सुईयां,"Plants, trees and other vegetation",,,,,,,,,,
me914CbdXII2mSQEUNjG,केओ,,,,Rohruri ,,,,https://firebasestorage.googleapis.com/v0/b/talking-dictionaries-alpha.appspot.com/o/mahasuvi%2Faudio%2Fme914CbdXII2mSQEUNjG_1653122190948.wav?alt=media,me914CbdXII2mSQEUNjG_Where.wav,Aniket Chauhan,"Theog, Shimla, Himachal Pradesh, India",21-30,,Where,कहाँ,Location and Directions,,adv,adverb,,,,,,,
mhJbOPPfCEPecTaFnN4X,लेफ़ड़ा,,,,,,,,https://firebasestorage.googleapis.com/v0/b/talking-dictionaries-alpha.appspot.com/o/audio%2Fmahasuvi%2FmhJbOPPfCEPecTaFnN4X_1627648305155.wav?alt=media,mhJbOPPfCEPecTaFnN4X_Torn_skin.wav,Aniket Chauhan,"Theog, Shimla, Himachal Pradesh, India",21-30,,Torn skin,कटा हुई त्वचा,Body parts,"Health, well-being and sickness",,,,,,,,,
miwer9vEvmdda0SR3rZ3,तेथे,,,,,,,,https://firebasestorage.googleapis.com/v0/b/talking-dictionaries-alpha.appspot.com/o/audio%2Fmahasuvi%2Fmiwer9vEvmdda0SR3rZ3_1627647923168.wav?alt=media,miwer9vEvmdda0SR3rZ3_There.wav,Aniket Chauhan,"Theog, Shimla, Himachal Pradesh, India",21-30,,There,वहाँ,Location and Directions,,adv,adverb,,,,,,,
mjurGsdbRg2DUesWsCTo,नेगण,,,,Shimla Saraji,,,,https://firebasestorage.googleapis.com/v0/b/talking-dictionaries-alpha.appspot.com/o/mahasuvi%2Faudio%2FmjurGsdbRg2DUesWsCTo_1653296523655.wav?alt=media,mjurGsdbRg2DUesWsCTo_Wife_of_Negi.wav,Aniket Chauhan,"Theog, Shimla, Himachal Pradesh, India",21-30,,Wife of Negi,नेगी की पत्नी,Spirituality and Religion,,n,noun,,,,,,,
mrIz9NlgoL3M8DuzLi6O,छेक,,,,,,,,,,,,,,Finish,खत्म करना,,,v,verb,काम छेक गो तूएँ?,Have you finished the work?,क्या आपने काम पूरा कर लिया है?,,,,
mtIKsz7soKcu5J6IImcT,केती,,,,Shimla Saraji,,,,https://firebasestorage.googleapis.com/v0/b/talking-dictionaries-alpha.appspot.com/o/mahasuvi%2Faudio%2FmtIKsz7soKcu5J6IImcT_1653122285278.wav?alt=media,mtIKsz7soKcu5J6IImcT_How_many.wav,Aniket Chauhan,"Theog, Shimla, Himachal Pradesh, India",21-30,,How many,कितने,Quantifiers,,det,determiner,केती बोल्द चेईं ता?,How many bulls do you want?,,,,,
muTPlJ5gm61alAbBmhFK,नमांणा,,,,Rohruri ,,,,,,,,,,Example,उदाहरण,Language and Communication,,n,noun," पैलका सैणां नमांणा दियां था, एक न ध्वाऐ तू कुशु बाशी।","The elders used to say, don't be like Kushu","बड़े-बुजुर्ग कहते थे, कुश के समान मत बनो",,,,
mxGzbsYJ4KBuqfhEqDZM,बगार,,,,,,,,https://firebasestorage.googleapis.com/v0/b/talking-dictionaries-alpha.appspot.com/o/mahasuvi%2Faudio%2FmxGzbsYJ4KBuqfhEqDZM_1653297232807.wav?alt=media,mxGzbsYJ4KBuqfhEqDZM_Unpaid_forced_labour.wav,Aniket Chauhan,"Theog, Shimla, Himachal Pradesh, India",21-30,,Unpaid forced labour,अवैतनिक जबरन श्रम,Work and occupations,,,,,,,,,,
mxxoKfXn4CDBhaEQQQ9f,तीरा,,,,Shimla Saraji,,,,,,,,,,A hole in the wall and storage area behind it where bee keeping is done in a Himalayan house,दीवार और उसके पीछे भंडारण क्षेत्र में एक छेद जहां एक हिमालयी घर में मधुमक्खी पालन किया जाता है,Animal husbandry,Construction,n,noun,माखी रे चीन तीरे ओ मेरे घोरो दे।,My house has three Teeras in it.,मेरे घर में तीन तीरे हैं।,,,,
mztzAPgU9dofAKhC8eLV,ठालकु,,,,Shimla Saraji,,,,https://firebasestorage.googleapis.com/v0/b/talking-dictionaries-alpha.appspot.com/o/mahasuvi%2Faudio%2FmztzAPgU9dofAKhC8eLV_1653131010321.wav?alt=media,mztzAPgU9dofAKhC8eLV_Clothes.wav,Aniket Chauhan,"Theog, Shimla, Himachal Pradesh, India",21-30,,Clothes,कपड़े,Clothing and adornment,,n,noun,,,,,,,
n0YHola5sEr6EffhbtC7,शुक्ला,,,,Shadochi,,,,https://firebasestorage.googleapis.com/v0/b/talking-dictionaries-alpha.appspot.com/o/mahasuvi%2Faudio%2Fn0YHola5sEr6EffhbtC7_1653312280284.wav?alt=media,n0YHola5sEr6EffhbtC7_White.wav,Aniket Chauhan,"Theog, Shimla, Himachal Pradesh, India",21-30,,White,सफ़ेद,Colors,,adj,adjective,,,,,,,
n0mZdWn3PURYSoTzOEId,सोतो,,,,"Shimla Saraji, Sharachali, Bishshau",,,,https://firebasestorage.googleapis.com/v0/b/talking-dictionaries-alpha.appspot.com/o/mahasuvi%2Faudio%2Fn0mZdWn3PURYSoTzOEId_1653312650537.wav?alt=media,n0mZdWn3PURYSoTzOEId_Truth.wav,Aniket Chauhan,"Theog, Shimla, Himachal Pradesh, India",21-30,,Truth,सच,,,n,noun,,,,,,,
n6ewUXYJaMFnEqFcD5uT,शोटा,,,,"Shimla Saraji, Barari",,,,,,,,,,Smoking,धूम्रपान,Physical Actions,,v,verb,भाँगो रा शोटा लाणा?,Do you want to smoke weed?,क्या आप खरपतवार धूम्रपान करना चाहते हैं?,,,,
n90Pbs9BY6AErI21umTY,कोलटे,,,,Rohruri ,,,,https://firebasestorage.googleapis.com/v0/b/talking-dictionaries-alpha.appspot.com/o/mahasuvi%2Faudio%2Fn90Pbs9BY6AErI21umTY_1653122613327.wav?alt=media,n90Pbs9BY6AErI21umTY_Koli_woman.wav,Aniket Chauhan,"Theog, Shimla, Himachal Pradesh, India",21-30,,Koli woman,कोली स्त्री,"Humans, Social Relations and Organization",Names of people and clans,n,noun,,,,,,,
nByOMyJXn2eIC9nyQ7JW,मेका,,,,"Shimla Saraji, Bishshau",,,,https://firebasestorage.googleapis.com/v0/b/talking-dictionaries-alpha.appspot.com/o/mahasuvi%2Faudio%2FnByOMyJXn2eIC9nyQ7JW_1653311386423.wav?alt=media,nByOMyJXn2eIC9nyQ7JW_Twist.wav,Aniket Chauhan,"Theog, Shimla, Himachal Pradesh, India",21-30,,Twist,मरोड़,Physical Actions,,v,verb,,,,,,,
nExkdHTaIs4GLuWUtQYE,च्याऊँ,,,,Bishshau,,,,https://firebasestorage.googleapis.com/v0/b/talking-dictionaries-alpha.appspot.com/o/mahasuvi%2Faudio%2FnExkdHTaIs4GLuWUtQYE_1653125047120.wav?alt=media,nExkdHTaIs4GLuWUtQYE_Morchella.wav,Aniket Chauhan,"Theog, Shimla, Himachal Pradesh, India",21-30,,Morchella,गुच्छी,"Plants, trees and other vegetation","Food, cooking and foodways",n,noun,,,,,,,
nJFUkLQk5lil14ExuV7w,शवांड़ा,,,,Rohruri ,,,,,,,,,,Swelling,सूजन,"Health, well-being and sickness",,n,noun,तेरो लात केला शवांड़ो दो?,Why is your foot swollen?,आपका पैर क्यों सूज गया है?,,,,
nJSZhtwkfUxf5N5wBRtF,माशणा,,,,Shimla Saraji,,,,https://firebasestorage.googleapis.com/v0/b/talking-dictionaries-alpha.appspot.com/o/mahasuvi%2Faudio%2FnJSZhtwkfUxf5N5wBRtF_1653311076830.wav?alt=media,nJSZhtwkfUxf5N5wBRtF_To_massage.wav,Aniket Chauhan,"Theog, Shimla, Himachal Pradesh, India",21-30,,To massage,मलना,Physical Actions,,v,verb,,,,,,,
nL7XlJgCuvv0pALupcGZ,कांघणा,,,,Bishshau,,,,https://firebasestorage.googleapis.com/v0/b/talking-dictionaries-alpha.appspot.com/o/mahasuvi%2Faudio%2FnL7XlJgCuvv0pALupcGZ_1653121619273.wav?alt=media,nL7XlJgCuvv0pALupcGZ_Act_of_combing_hair.wav,Aniket Chauhan,"Theog, Shimla, Himachal Pradesh, India",21-30,,Act of combing hair,बालों में कंघी करने की क्रिया,Physical Actions,Cleanliness and hygiene,v,verb,,,,,,,
nLr9Nio0Q9D4QSHjsPYN,हाक,ɦɑːk,,,Shimla Saraji,,,,https://firebasestorage.googleapis.com/v0/b/talking-dictionaries-alpha.appspot.com/o/mahasuvi%2Faudio%2FnLr9Nio0Q9D4QSHjsPYN_1653312838950.wav?alt=media,nLr9Nio0Q9D4QSHjsPYN_shout.wav,Aniket Chauhan,"Theog, Shimla, Himachal Pradesh, India",21-30,,shout,चिल्लाहट,Language and Communication,,v,verb,पोरी हाक लाए दादेया।,Shout towards that side elder brother.,परे आवाज़ मारो बड़े भाई।,,,,
nOyVFUX1qS1TmikZpLRc,जिऊंदा,,,,,,,,https://firebasestorage.googleapis.com/v0/b/talking-dictionaries-alpha.appspot.com/o/mahasuvi%2Faudio%2FnOyVFUX1qS1TmikZpLRc_1653125462799.wav?alt=media,nOyVFUX1qS1TmikZpLRc_Living.wav,Aniket Chauhan,"Theog, Shimla, Himachal Pradesh, India",21-30,,Living,जीवित,,,v,verb,,,,,,,
nWng8qfy3mfttFy1pTyW,जेठे,,,,,,,,https://firebasestorage.googleapis.com/v0/b/talking-dictionaries-alpha.appspot.com/o/mahasuvi%2Faudio%2FnWng8qfy3mfttFy1pTyW_1653130254350.wav?alt=media,nWng8qfy3mfttFy1pTyW_Elder_families_from_whom_the_deity_usually_consults_and_prefers_for_his_works.wav,Aniket Chauhan,"Theog, Shimla, Himachal Pradesh, India",21-30,,Elder families from whom the deity usually consults and prefers for his works,बड़े परिवार जिनसे देवता आमतौर पर सलाह लेते हैं और अपने कार्यों के लिए पसंद करते हैं,Spirituality and Religion,,adj,adjective,,,,,,,
nakRQKVuJoMeN3u1w213,खोशिया,,,,Shimla Saraji,,,,https://firebasestorage.googleapis.com/v0/b/talking-dictionaries-alpha.appspot.com/o/mahasuvi%2Faudio%2FnakRQKVuJoMeN3u1w213_1653123336397.wav?alt=media,nakRQKVuJoMeN3u1w213_A_person_belonging_to_Khasha_tribe.wav,Aniket Chauhan,"Theog, Shimla, Himachal Pradesh, India",21-30,,A person belonging to Khasha tribe,खश जाती का व्यक्ति,"Humans, Social Relations and Organization",Names of people and clans,n,noun,आपू ऊबा खोशिया कोस बी नी मानंदा आं।,I don't consider anyone a bigger Khasha than me.,,,,,
nbACWbDCqrMDgYgouySk,बरथुली,,,,Barari,,,,,,,,,,pimple,फुंसी,Cleanliness and hygiene,"Health, well-being and sickness",,,,,,,,,
ndhmPHcsOWBvLa5iQ9JA,खोरा,,,,,,,,https://firebasestorage.googleapis.com/v0/b/talking-dictionaries-alpha.appspot.com/o/mahasuvi%2Faudio%2FndhmPHcsOWBvLa5iQ9JA_1653123279421.wav?alt=media,ndhmPHcsOWBvLa5iQ9JA_Dislike.wav,Aniket Chauhan,"Theog, Shimla, Himachal Pradesh, India",21-30,,Dislike,ना पसंद,Emotions,,n,noun,,,,,,,
neg2ElXkXjNCc73tiMxO,गोढ़,,,,"Bushahri, Shadochi",,,,https://firebasestorage.googleapis.com/v0/b/talking-dictionaries-alpha.appspot.com/o/mahasuvi%2Faudio%2Fneg2ElXkXjNCc73tiMxO_1653124086789.wav?alt=media,neg2ElXkXjNCc73tiMxO_Solution.wav,Aniket Chauhan,"Theog, Shimla, Himachal Pradesh, India",21-30,,Solution,घोल,,,n,noun,,,,,,,
niXjZkShASg3NYFu3aQA,रिगड़ू,,,,,,,,https://firebasestorage.googleapis.com/v0/b/talking-dictionaries-alpha.appspot.com/o/mahasuvi%2Faudio%2FniXjZkShASg3NYFu3aQA_1653311581315.wav?alt=media,niXjZkShASg3NYFu3aQA_Unpaid_forced_labourer.wav,Aniket Chauhan,"Theog, Shimla, Himachal Pradesh, India",21-30,,Unpaid forced labourer,अवैतनिक जबरन श्रमिक,"Humans, Social Relations and Organization",Work and occupations,,,,,,,,,
nnhLyVAszI2XTDIMsqSc,निशण,,,,Shimla Saraji (Theog),,,,,,,,,,gifts/fruits/money given to a sick person,बीमार व्यक्ति को दिए गए उपहार/फल/धन,"Health, well-being and sickness",Social activities and interactions,n,noun,,,,,,,
nnpPgoL87p8Q0Vwyu99s,टियूप्णि,,,,Rohruri (Mandalgarh),,,,,,,,,,interrupting someone's work by unnecessarily trying or offering to do it,अनावश्यक रूप से प्रयास करने या करने की पेशकश करके किसी के काम में बाधा डालना,Physical Actions,Work and occupations,v,verb,"आपु दे मू कोरने, फूक्की टियूप्णि ना कोरे!","Let me do myself, dont bother me unnecessarily by trying to do it.",,,,,
noyniC53IgZ7qWdbvKCA,उल्टो,,,,,,,,https://firebasestorage.googleapis.com/v0/b/talking-dictionaries-alpha.appspot.com/o/mahasuvi%2Faudio%2FnoyniC53IgZ7qWdbvKCA_1653120986793.wav?alt=media,noyniC53IgZ7qWdbvKCA_Left.wav,Aniket Chauhan,"Theog, Shimla, Himachal Pradesh, India",21-30,,Left,बाएं,Location and Directions,,adv,adverb,,,,,,,
npDDC8OsJhcwIzF5URjC,बखार,,,,,,,,https://firebasestorage.googleapis.com/v0/b/talking-dictionaries-alpha.appspot.com/o/mahasuvi%2Faudio%2FnpDDC8OsJhcwIzF5URjC_1653297225025.wav?alt=media,npDDC8OsJhcwIzF5URjC_Fever.wav,Aniket Chauhan,"Theog, Shimla, Himachal Pradesh, India",21-30,,Fever,जिगर,"Health, well-being and sickness",,n,noun,,,,,,,
nuexl1EKBT88oACGa0uv,भ्यास,,,,"Bishshau, Bushahri, Rohruri (Spail)",,,,,,,,,,habit,आदत,,,n,noun,तेरे दूसे सुतणैयो भ्यास गेयो पाए?,You have become habitual of sleeping in the day.,,,,,
ny0El9wHYSLnhwcj8KOc,ज़ोप,,,,Shimla Saraji,,,,https://firebasestorage.googleapis.com/v0/b/talking-dictionaries-alpha.appspot.com/o/mahasuvi%2Faudio%2Fny0El9wHYSLnhwcj8KOc_1653125429877.wav?alt=media,ny0El9wHYSLnhwcj8KOc_Speak.wav,Aniket Chauhan,"Theog, Shimla, Himachal Pradesh, India",21-30,,Speak,बोल,Language and Communication,,v,verb,कोस साथे ज़ोप लाओ तूएँ?,With whom are you talking?,,,,,
o8RBWMKxOeIRViJBwCmj,छांगटू,,,,Sharachali,,,,https://firebasestorage.googleapis.com/v0/b/talking-dictionaries-alpha.appspot.com/o/audio%2Fmahasuvi%2Fo8RBWMKxOeIRViJBwCmj_1624193647476.wav?alt=media,o8RBWMKxOeIRViJBwCmj_Little_boy.wav,Aniket Chauhan,"Theog, Shimla, Himachal Pradesh, India",21-30,,Little boy,छोटा लड़का,"Humans, Social Relations and Organization",,na,animate noun,,,,,,,
oDnEJPGUcuwgvQfI8KS3,सुंडो,,,,Rohruri ,,,,https://firebasestorage.googleapis.com/v0/b/talking-dictionaries-alpha.appspot.com/o/mahasuvi%2Faudio%2FoDnEJPGUcuwgvQfI8KS3_1653312516693.wav?alt=media,oDnEJPGUcuwgvQfI8KS3_Dream.wav,Aniket Chauhan,"Theog, Shimla, Himachal Pradesh, India",21-30,,Dream,सपना,Sleep,,n,noun,,,,,,,
oDrFYSI1V1NUmiv45kIe,बाकरा,,,,Shimla Saraji,,,,https://firebasestorage.googleapis.com/v0/b/talking-dictionaries-alpha.appspot.com/o/mahasuvi%2Faudio%2FoDrFYSI1V1NUmiv45kIe_1653297419398.wav?alt=media,oDrFYSI1V1NUmiv45kIe_Goat.wav,Aniket Chauhan,"Theog, Shimla, Himachal Pradesh, India",21-30,,Goat,बकरा,Animals,,n,noun,बाकरा काटणा ऐबे मेरे।,I'll kill a goat now.,,,,,
oJG1hjCHBHxktOJhYMlV,भोइतो,,,,Bishshau,,,,https://firebasestorage.googleapis.com/v0/b/talking-dictionaries-alpha.appspot.com/o/mahasuvi%2Faudio%2FoJG1hjCHBHxktOJhYMlV_1653310617261.wav?alt=media,oJG1hjCHBHxktOJhYMlV_A_lot.wav,Aniket Chauhan,"Theog, Shimla, Himachal Pradesh, India",21-30,,A lot,बहुत,Quantifiers,,adj,adjective,,,,,,,
oMSuCNMgcM5CPQeUVoQn,भटेटी,,,,,,,,https://firebasestorage.googleapis.com/v0/b/talking-dictionaries-alpha.appspot.com/o/mahasuvi%2Faudio%2FoMSuCNMgcM5CPQeUVoQn_1653310357079.wav?alt=media,oMSuCNMgcM5CPQeUVoQn_Brahman_girl.wav,Aniket Chauhan,"Theog, Shimla, Himachal Pradesh, India",21-30,,Brahman girl,ब्राह्मण लड़की,"Humans, Social Relations and Organization",,n,noun,,,,,,,
oRbP5yO9HRpYAEPqaP4X,बौचड़ी,,,,"Rohruri (Spail), Bushahri (Narain) , Shadochi, Kumharsain, Chuhara",,,,,,,,,,Brother's daughter(s),भतीजी,Kinship and relationships,,n,noun,,,,,,,
oVZAzcpPmPXPrUHzQXuL,खलेण,,,,Shimla Saraji,,,,https://firebasestorage.googleapis.com/v0/b/talking-dictionaries-alpha.appspot.com/o/mahasuvi%2Faudio%2FoVZAzcpPmPXPrUHzQXuL_1653122758084.wav?alt=media,oVZAzcpPmPXPrUHzQXuL_Courtyard.wav,Aniket Chauhan,"Theog, Shimla, Himachal Pradesh, India",21-30,,Courtyard,आंगन,Construction,,n,noun,,,,,,,
oY6F9sLliv54RFJH70Wz,देढ़ो,,,,Shadochi,,,,https://firebasestorage.googleapis.com/v0/b/talking-dictionaries-alpha.appspot.com/o/mahasuvi%2Faudio%2FoY6F9sLliv54RFJH70Wz_1653132001872.wav?alt=media,oY6F9sLliv54RFJH70Wz_Day.wav,Aniket Chauhan,"Theog, Shimla, Himachal Pradesh, India",21-30,,Day,दिन,Time,,n,noun,,,,,,,
oZWwGt2JUIcAOSeG2G7g,मेड़,,,,,,,,,,,,,,Wooden floor,लकड़ी के फर्श,Household,,n,noun,मेड़ लिपो नी तूएँ?,Haven't you mopped the floor?,क्या तुमने फर्श नहीं पोंछा?,,,,
odLfaqTuwLiPz5e0fVY0,टिपा,,,,"Shimla Saraji, Bishshau",,,,,,,,,,drop,बूंद,,,n,noun,ऐज़ा टिपा केथो ढ़ोल लागा?,Where is this drop falling from?,,,,,
ofdN80u5jaKvs51lk93F,पीठणा,,,,,,,,https://firebasestorage.googleapis.com/v0/b/talking-dictionaries-alpha.appspot.com/o/mahasuvi%2Faudio%2FofdN80u5jaKvs51lk93F_1653296816726.wav?alt=media,ofdN80u5jaKvs51lk93F_to_fight.wav,Aniket Chauhan,"Theog, Shimla, Himachal Pradesh, India",21-30,,to fight,लड़ाई करना,Physical Actions,Physical Impact,v,verb,,,,,,,
ofxXe5Slhg1xwCisOX1Y,परेरो,,,,"Shimla Saraji, Shadochi",,,,,,,,,,"spicy, used in masculine form","तीखा, पुलिंग रूप में",Senses and perception,States and Characteristics,adj,adjective,डोबण तो बेगी परेरो चाणो तौएँ।,You made the curry very spicy.,,,,,
og5ih4Jf4lGLY8iVAc7i,दाठ्ठु,,,,,,,,,,,,,,Headscarf worn by women in the Himalayas,हिमालय में महिलाओं द्वारा पहना जाने वाला हेडस्कार्फ़,"Art, crafts and textiles",Clothing and adornment,n,noun,दाठ्ठु केला नी भान-दे?,Why don't you wear a Dhaatu?,आप ढ़ाटू  क्यों नहीं पहनते?,,,,
oiLgkwhbQzAtfDBsC8xY,डालन,,,,Barari,,,,,,,,,,cradle,पालना,Household,,,,माऊ सूती रो डालनो दो।,The boy is sleeping in the cradle.,,,,,
okAKFyKiWxCxcL9MI6Vj,पुजारटे,,,,Rohruri ,,,,https://firebasestorage.googleapis.com/v0/b/talking-dictionaries-alpha.appspot.com/o/mahasuvi%2Faudio%2FokAKFyKiWxCxcL9MI6Vj_1653296862090.wav?alt=media,okAKFyKiWxCxcL9MI6Vj_Priest_woman.wav,Aniket Chauhan,"Theog, Shimla, Himachal Pradesh, India",21-30,,Priest woman,पुजारी स्त्री,"Humans, Social Relations and Organization",Spirituality and Religion,n,noun,,,,,,,
os7M5iCGHctGHAl0d1S2,केबड़ी,,,,,,,,https://firebasestorage.googleapis.com/v0/b/talking-dictionaries-alpha.appspot.com/o/audio%2Fmahasuvi%2Fos7M5iCGHctGHAl0d1S2_1624191688119.wav?alt=media,os7M5iCGHctGHAl0d1S2_When.wav,Aniket Chauhan,"Theog, Shimla, Himachal Pradesh, India",21-30,,When,कब,Time,,adv,adverb,,,,,,,
p1HQV8KLTS23BDYqlvUh,शिगे,,,,Shimla Saraji,,,,https://firebasestorage.googleapis.com/v0/b/talking-dictionaries-alpha.appspot.com/o/mahasuvi%2Faudio%2Fp1HQV8KLTS23BDYqlvUh_1653312233094.wav?alt=media,p1HQV8KLTS23BDYqlvUh_Hastily.wav,Aniket Chauhan,"Theog, Shimla, Himachal Pradesh, India",21-30,,Hastily,जल्दी,States and Characteristics,,v,verb,"शिगे डे ऊटा, छोटा जा गोआ तेरे।","Go down quickly, a son has been born to you.",,,,,
p2WfLHeCfD3cf3Om5gzq,डीगणो,,,,Kumharsain,,,,,,,,,,to stop,रोकना,Physical Actions,,,,,,,,,,
p8nIotuFLGj0pAWsZFA7,नुश,,,,Bishshau,,,,https://firebasestorage.googleapis.com/v0/b/talking-dictionaries-alpha.appspot.com/o/mahasuvi%2Faudio%2Fp8nIotuFLGj0pAWsZFA7_1653296482149.wav?alt=media,p8nIotuFLGj0pAWsZFA7_Scratch.wav,Aniket Chauhan,"Theog, Shimla, Himachal Pradesh, India",21-30,,Scratch,खरोंच,Physical Actions,"Health, well-being and sickness",v,verb,,,,,,,
pAID4Kil3jr3fY4kI3HD,सगोड़,,,,Kumharsain,,,,https://firebasestorage.googleapis.com/v0/b/talking-dictionaries-alpha.appspot.com/o/mahasuvi%2Faudio%2FpAID4Kil3jr3fY4kI3HD_1653312368737.wav?alt=media,pAID4Kil3jr3fY4kI3HD_Prohibition_to_enter_the_temple_for_sometime_after_birth_of_child_in_ones_family.wav,Aniket Chauhan,"Theog, Shimla, Himachal Pradesh, India",21-30,,Prohibition to enter the temple for sometime after birth of child in one's family,परिवार में बच्चे के जन्म के बाद मंदिर में प्रवेश पर प्रतिबंध,Life stages and rites of passage,Spirituality and Religion,,,,,,,,,
pEr9IuqYkwdb91QCiEEu,बाट,,,,Shimla Saraji,,,,https://firebasestorage.googleapis.com/v0/b/talking-dictionaries-alpha.appspot.com/o/mahasuvi%2Faudio%2FpEr9IuqYkwdb91QCiEEu_1653297433542.wav?alt=media,pEr9IuqYkwdb91QCiEEu_Path.wav,Aniket Chauhan,"Theog, Shimla, Himachal Pradesh, India",21-30,,Path,रास्ता,Construction,,n,noun,सुल्टी बाटो गाए हांड।,Walk on the right path.,,,,,
pHWX7vQtQQov9SpoicjX,साब,,,,,,,,https://firebasestorage.googleapis.com/v0/b/talking-dictionaries-alpha.appspot.com/o/mahasuvi%2Faudio%2FpHWX7vQtQQov9SpoicjX_1653312436658.wav?alt=media,pHWX7vQtQQov9SpoicjX_Resolve.wav,Aniket Chauhan,"Theog, Shimla, Himachal Pradesh, India",21-30,,Resolve,समाधान,Mental actions,,v,verb,,,,,,,
pIheVpPYM71TLjnyccr2,ओकड़ो,,,,Sharachali,,,,https://firebasestorage.googleapis.com/v0/b/talking-dictionaries-alpha.appspot.com/o/mahasuvi%2Faudio%2FpIheVpPYM71TLjnyccr2_1653121380710.wav?alt=media,pIheVpPYM71TLjnyccr2_Little.wav,Aniket Chauhan,"Theog, Shimla, Himachal Pradesh, India",21-30,,Little,थोड़ा,Sizes and dimensions,,adj,adjective,,,,,,,
pJ3TEMLdB62M0SVT3V9D,भाबर,,,,"Shimla Saraji, Sharachali",,,,,,,,,,Stinging nettle,बिच्छू बुटी,"Plants, trees and other vegetation",,n,noun,मेरी आमे आं भाबरे पीटा,My mom beat me with stinging nettle,मेरी माँ ने मुझे चुभने वाले बिछुआ से पीटा,,,,
pMOOPsgWM5WLw85dbLWm,बोइर,,,,,,,,https://firebasestorage.googleapis.com/v0/b/talking-dictionaries-alpha.appspot.com/o/audio%2Fmahasuvi%2FpMOOPsgWM5WLw85dbLWm_1624191022930.wav?alt=media,pMOOPsgWM5WLw85dbLWm_Enmity.wav,Aniket Chauhan,"Theog, Shimla, Himachal Pradesh, India",21-30,,Enmity,"बैर, शत्रुता",Emotions,Social activities and interactions,v,verb,,,,,,,
pPzhggFH7fUMGgLPVzmo,कनकेर,,,,"Shimla Saraji, Shadochi, Bishshau",,,,,,,,,,pain/stiffness in the neck due to  sleeping in an improper way.,गलत तरीके से सोने के कारण गर्दन में दर्द/अकड़न।,"Health, well-being and sickness",Sleep,n,noun,मेरे कनकेर आजी दो।,I've a pain in my neck because of sleeping wrong.,,,,,
pUWjnTfs5bbLVkJ2nZZQ,कुमशी,,,,Barari,,,,,,,,,,Stinging nettle,बिच्छू बुटी,"Plants, trees and other vegetation",,n,noun,आं पीटा आंमे कुमशीये कोरै,My mom beat me with stinging nettle,मेरी माँ ने मुझे चुभने वाले बिछुआ से पीटा,,,,
pZ7ej04HrYQk8RsWM8EI,कोंठू,,,,,,,,https://firebasestorage.googleapis.com/v0/b/talking-dictionaries-alpha.appspot.com/o/audio%2Fmahasuvi%2FpZ7ej04HrYQk8RsWM8EI_1624191982581.wav?alt=media,pZ7ej04HrYQk8RsWM8EI_Ear.wav,Aniket Chauhan,"Theog, Shimla, Himachal Pradesh, India",21-30,,Ear,कान,Body parts,,n,noun,,,,,,,
pczkpqZ4izwzGEc3y50U,कोथरा,,,,Shimla Saraji,,,,https://firebasestorage.googleapis.com/v0/b/talking-dictionaries-alpha.appspot.com/o/mahasuvi%2Faudio%2FpczkpqZ4izwzGEc3y50U_1653122526710.wav?alt=media,pczkpqZ4izwzGEc3y50U_Musk_Musk_deer.wav,Aniket Chauhan,"Theog, Shimla, Himachal Pradesh, India",21-30,,"Musk, Musk deer","कस्तूरी, कस्तूरी मृग",Animals,,n,noun,कोथरा देखा दो तेरे?,Have you seen musk?,,,,,
pe4pfrr1JhGkZ2C5F4Kl,ठौड़,,,,Shadochi,,,,,,,,,,An elevated platform where deity sits,एक ऊंचा मंच जहां देवता विराजमान हैं,Spirituality and Religion,,n,noun,देओई ठौड़ आ जौ,This is deity's seat,यह है देवता का आसन,,,,
pexiASUGKy6cOjdvHWQW,मुड़ा,,,,"Shimla Saraji, Bishshau",,,,https://firebasestorage.googleapis.com/v0/b/talking-dictionaries-alpha.appspot.com/o/mahasuvi%2Faudio%2FpexiASUGKy6cOjdvHWQW_1653311227059.wav?alt=media,pexiASUGKy6cOjdvHWQW_Puffed_rice.wav,Aniket Chauhan,"Theog, Shimla, Himachal Pradesh, India",21-30,,Puffed rice,मुरमुरे,"Food, cooking and foodways",,n,noun,,,,,,,
pkDFc0r1tJGcyvE22LyO,देश,,,,,,,,https://firebasestorage.googleapis.com/v0/b/talking-dictionaries-alpha.appspot.com/o/mahasuvi%2Faudio%2FpkDFc0r1tJGcyvE22LyO_1653132032563.wav?alt=media,pkDFc0r1tJGcyvE22LyO_Country_state.wav,Aniket Chauhan,"Theog, Shimla, Himachal Pradesh, India",21-30,,"Country, state","देश, राज्य","Humans, Social Relations and Organization",Government and Law,n,noun,,,,,,,
ppey83dusTWtuOHRChkm,हौरचणो,,,,Rohruri (Spail),,,,,,,,,,to get lost,खो जाना,Physical Actions,Location and Directions,v,verb,,,,,,,
pqShmOhPKlhYZT5DM3lh,चोडकु,,,,Bushahri,,,,https://firebasestorage.googleapis.com/v0/b/talking-dictionaries-alpha.appspot.com/o/mahasuvi%2Faudio%2FpqShmOhPKlhYZT5DM3lh_1653125001709.wav?alt=media,pqShmOhPKlhYZT5DM3lh_Little_bird.wav,Aniket Chauhan,"Theog, Shimla, Himachal Pradesh, India",21-30,,Little bird,छोटी चिड़िया,Birds,,n,noun,,,,,,,
pszJqsRsKsurODBJcCIX,कूकरी,,,,,,,,https://firebasestorage.googleapis.com/v0/b/talking-dictionaries-alpha.appspot.com/o/audio%2Fmahasuvi%2FpszJqsRsKsurODBJcCIX_1624192586090.wav?alt=media,pszJqsRsKsurODBJcCIX_Bitch.wav,Aniket Chauhan,"Theog, Shimla, Himachal Pradesh, India",21-30,,Bitch,कुत्ती,Animals,,n,noun,,,,,pszJqsRsKsurODBJcCIX_Bitch.jpg,https://firebasestorage.googleapis.com/v0/b/talking-dictionaries-alpha.appspot.com/o/images%2Fmahasuvi%2FpszJqsRsKsurODBJcCIX_1624195229245.jpg?alt=media,
pvILPck5vHvuXZNjiMvU,लौऊ,,,,"Bishshau, Shadochi, Rohruri ",,,,https://firebasestorage.googleapis.com/v0/b/talking-dictionaries-alpha.appspot.com/o/mahasuvi%2Faudio%2FpvILPck5vHvuXZNjiMvU_1653311981404.wav?alt=media,pvILPck5vHvuXZNjiMvU_Blood.wav,Aniket Chauhan,"Theog, Shimla, Himachal Pradesh, India",21-30,,Blood,खून,Body parts,,n,noun,,,,,,,
pwe7yFKU8nhi5XZ8JdLK,आश,,,,Shimla Saraji,,,,https://firebasestorage.googleapis.com/v0/b/talking-dictionaries-alpha.appspot.com/o/mahasuvi%2Faudio%2Fpwe7yFKU8nhi5XZ8JdLK_1653120889079.wav?alt=media,pwe7yFKU8nhi5XZ8JdLK_hope.wav,Aniket Chauhan,"Theog, Shimla, Himachal Pradesh, India",21-30,,hope,आस,Mental actions,,n,noun,तेस आपणे छोटू दो बेगी आश ओ।,He has a lot of hope from his child.,उसे अपने बच्चे से काफी उम्मीदें हैं।,,,,
q5d4OfojpJOgdnK0ko1b,मिटणा,,,,Shimla Saraji,,,,https://firebasestorage.googleapis.com/v0/b/talking-dictionaries-alpha.appspot.com/o/mahasuvi%2Faudio%2Fq5d4OfojpJOgdnK0ko1b_1653311107823.wav?alt=media,q5d4OfojpJOgdnK0ko1b_invocation_of_deity_in_his_Oracles_body.wav,Aniket Chauhan,"Theog, Shimla, Himachal Pradesh, India",21-30,,invocation of deity in his Oracle's body,अपने प्रवक्ता के शरीर में देवता का आह्वान,Spirituality and Religion,Interjections,v,verb,,,,,,,
q6dXy9AABnaN45WUxKN4,नौहट,,,,"Shimla Saraji, Bishshau",,,,https://firebasestorage.googleapis.com/v0/b/talking-dictionaries-alpha.appspot.com/o/mahasuvi%2Faudio%2Fq6dXy9AABnaN45WUxKN4_1653296612410.wav?alt=media,q6dXy9AABnaN45WUxKN4_Creek.wav,Aniket Chauhan,"Theog, Shimla, Himachal Pradesh, India",21-30,,Creek,खाड़ी,"Water, bodies of water and the water cycle",,n,noun,,,,,,,
qATt9qoQpFxCSrXHkAM5,लुण,,,,,,,,https://firebasestorage.googleapis.com/v0/b/talking-dictionaries-alpha.appspot.com/o/mahasuvi%2Faudio%2FqATt9qoQpFxCSrXHkAM5_1653311845940.wav?alt=media,qATt9qoQpFxCSrXHkAM5_Salt.wav,Aniket Chauhan,"Theog, Shimla, Himachal Pradesh, India",21-30,,Salt,नमक,"Food, cooking and foodways",,n,noun,,,,,,,
qBs8HwAZYlw5vht0oQnb,पचरुआ,,,,Rohruri ,,,,https://firebasestorage.googleapis.com/v0/b/talking-dictionaries-alpha.appspot.com/o/mahasuvi%2Faudio%2FqBs8HwAZYlw5vht0oQnb_1653296620043.wav?alt=media,qBs8HwAZYlw5vht0oQnb_Scratch.wav,Aniket Chauhan,"Theog, Shimla, Himachal Pradesh, India",21-30,,Scratch,खरोंच,Physical Actions,"Health, well-being and sickness",v,verb,,,,,,,
qPHd9LWrytqaPClFgrWY,देवा,,,,Shimla Saraji,,,,https://firebasestorage.googleapis.com/v0/b/talking-dictionaries-alpha.appspot.com/o/mahasuvi%2Faudio%2FqPHd9LWrytqaPClFgrWY_1653132024023.wav?alt=media,qPHd9LWrytqaPClFgrWY_The_person_who_gets_possessed_by_the_deity.wav,Aniket Chauhan,"Theog, Shimla, Himachal Pradesh, India",21-30,,The person who gets possessed by the deity,वह व्यक्ति जो देवता के वश में हो जाता है,"Humans, Social Relations and Organization",Spirituality and Religion,n,noun,,,,,,,
qPTIaV9dnIofnEsdugcb,हिकड़ो,,,,Shadochi,,,,https://firebasestorage.googleapis.com/v0/b/talking-dictionaries-alpha.appspot.com/o/mahasuvi%2Faudio%2FqPTIaV9dnIofnEsdugcb_1653312933875.wav?alt=media,qPTIaV9dnIofnEsdugcb_Heart.wav,Aniket Chauhan,"Theog, Shimla, Himachal Pradesh, India",21-30,,Heart,दिल,Body parts,,n,noun,,,,,,,
qPTZL8UqHlxQo66FYPB6,एथी,,,,Shimla Saraji,,,,https://firebasestorage.googleapis.com/v0/b/talking-dictionaries-alpha.appspot.com/o/mahasuvi%2Faudio%2FqPTZL8UqHlxQo66FYPB6_1653121203989.wav?alt=media,qPTZL8UqHlxQo66FYPB6_here.wav,Aniket Chauhan,"Theog, Shimla, Himachal Pradesh, India",21-30,,here,यहाँ,Location and Directions,,n,noun,एथी आजा दो था आज़ से।,He had come here today.,,,,,
qQ0QE6x5ynzpXDLJ9QEL,बुहा,,,,,,,,https://firebasestorage.googleapis.com/v0/b/talking-dictionaries-alpha.appspot.com/o/mahasuvi%2Faudio%2FqQ0QE6x5ynzpXDLJ9QEL_1653309158206.wav?alt=media,qQ0QE6x5ynzpXDLJ9QEL_Talk.wav,Aniket Chauhan,"Theog, Shimla, Himachal Pradesh, India",21-30,,Talk,बात ,Language and Communication,,v,verb,,,,,,,
qVvi3NEBDg6IWznMLGBE,बाटणो,,,,,,,,https://firebasestorage.googleapis.com/v0/b/talking-dictionaries-alpha.appspot.com/o/mahasuvi%2Faudio%2FqVvi3NEBDg6IWznMLGBE_1653307957423.wav?alt=media,qVvi3NEBDg6IWznMLGBE_Twist.wav,Aniket Chauhan,"Theog, Shimla, Himachal Pradesh, India",21-30,,Twist,मरोड़,Physical Actions,,v,verb,,,,,,,
qbc6lYkpzmY38XTXd92h,ब्रिंहो,,,,Shimla Saraji,,,,,,,,,,Eyebrows,भौहें,Body parts,,n,noun,तेरी ब्रिंहो चिट्टी केईं पोड गोई?,Why have your eyebrows turned white?,आपकी भौहें सफेद क्यों हो गई हैं?,,,,
qdDan0wFu6Yxn92M0fkn,कोठा,,,,Shimla Saraji,,,,https://firebasestorage.googleapis.com/v0/b/talking-dictionaries-alpha.appspot.com/o/mahasuvi%2Faudio%2FqdDan0wFu6Yxn92M0fkn_1653122415404.wav?alt=media,qdDan0wFu6Yxn92M0fkn_Where.wav,Aniket Chauhan,"Theog, Shimla, Himachal Pradesh, India",21-30,,Where,कहाँ,Location and Directions,,adv,adverb,,,,,,,
qfTABi7gIbbjsbBqT4ba,कडेड़ा,kəɖeːɖɑː,,,Shimla Saraji,,,,https://firebasestorage.googleapis.com/v0/b/talking-dictionaries-alpha.appspot.com/o/audio%2Fmahasuvi%2FqfTABi7gIbbjsbBqT4ba_1626073898890.wav?alt=media,qfTABi7gIbbjsbBqT4ba_Rake_tool.wav,Rajneesh Verma,"Theog, Shimla",31-40,,Rake tool,पत्ते जमा करने का औजार,Tools and weapons,Household,n,noun,,,,,qfTABi7gIbbjsbBqT4ba_Rake_tool.jpg,https://firebasestorage.googleapis.com/v0/b/talking-dictionaries-alpha.appspot.com/o/images%2Fmahasuvi%2FqfTABi7gIbbjsbBqT4ba_1626073879161.jpg?alt=media,
qjTNrGqPH2wYCuhKpIxh,डिंगो,,,,Rohruri ,,,,https://firebasestorage.googleapis.com/v0/b/talking-dictionaries-alpha.appspot.com/o/mahasuvi%2Faudio%2FqjTNrGqPH2wYCuhKpIxh_1653131303139.wav?alt=media,qjTNrGqPH2wYCuhKpIxh_Stick.wav,Aniket Chauhan,"Theog, Shimla, Himachal Pradesh, India",21-30,,Stick,छड़ी,Universe and the natural world,Tools and weapons,n,noun,,,,,,,
qmD9EAws3jYRl1HBjala,भ्रिंउवै,,,,Shadochi,,,,,,,,,,Eyebrows,भौहें,Body parts,,n,noun,तेरी भ्रिंउवै शूकली किलै गेई होए,Why have your eyebrows turned white?,आपकी भौहें सफेद क्यों हो गई हैं?,,,,
qmeTPm9eAoUPYlxDIGiX,खांग,,,,Shimla Saraji (Theog),,,,https://firebasestorage.googleapis.com/v0/b/talking-dictionaries-alpha.appspot.com/o/mahasuvi%2Faudio%2FqmeTPm9eAoUPYlxDIGiX_1653122808053.wav?alt=media,qmeTPm9eAoUPYlxDIGiX_Cough.wav,Aniket Chauhan,"Theog, Shimla, Himachal Pradesh, India",21-30,,Cough,खांसी,"Health, well-being and sickness",,v,verb,,,,,,,
qpNyvUzHmA3qISg1knKQ,तुरी,,,,Shimla Saraji,,,,https://firebasestorage.googleapis.com/v0/b/talking-dictionaries-alpha.appspot.com/o/mahasuvi%2Faudio%2FqpNyvUzHmA3qISg1knKQ_1653131601240.wav?alt=media,qpNyvUzHmA3qISg1knKQ_Musician.wav,Aniket Chauhan,"Theog, Shimla, Himachal Pradesh, India",21-30,,Musician,संगीतकार,Music and Entertainment,Work and occupations,n,noun,तुरी बाज़ो बेगी मीठी शनाई।,The musician plays a very melodious Shehnai.,,,,,
quMBf2nl8YadCnSuLUaX,कागली,,,,,,,,https://firebasestorage.googleapis.com/v0/b/talking-dictionaries-alpha.appspot.com/o/mahasuvi%2Faudio%2FquMBf2nl8YadCnSuLUaX_1653121853019.wav?alt=media,quMBf2nl8YadCnSuLUaX_Letter.wav,Aniket Chauhan,"Theog, Shimla, Himachal Pradesh, India",21-30,,Letter,चिट्ठी,Language and Communication,,n,noun,,,,,,,
qudFe8gv7189DxfdolZH,प्रेशो,,,,"Shimla Saraji, Shadochi",,,,https://firebasestorage.googleapis.com/v0/b/talking-dictionaries-alpha.appspot.com/o/mahasuvi%2Faudio%2FqudFe8gv7189DxfdolZH_1653297052535.wav?alt=media,qudFe8gv7189DxfdolZH_Bright_bright_light.wav,Aniket Chauhan,"Theog, Shimla, Himachal Pradesh, India",21-30,,"Bright, bright light","उज्ज्वल, उज्ज्वल प्रकाश",,,adj,adjective,,,,,,,
qv61XKDcqmZUNqpJacRU,ख़रीच,,,,Shadochi,,,,https://firebasestorage.googleapis.com/v0/b/talking-dictionaries-alpha.appspot.com/o/mahasuvi%2Faudio%2Fqv61XKDcqmZUNqpJacRU_1653122788731.wav?alt=media,qv61XKDcqmZUNqpJacRU_Scratch.wav,Aniket Chauhan,"Theog, Shimla, Himachal Pradesh, India",21-30,,Scratch,खरोंच,Physical Actions,"Health, well-being and sickness",v,verb,,,,,,,
r4yPskmiuqPJMSbpzqOX,बैठू,,,,,,,,https://firebasestorage.googleapis.com/v0/b/talking-dictionaries-alpha.appspot.com/o/mahasuvi%2Faudio%2Fr4yPskmiuqPJMSbpzqOX_1653309386881.wav?alt=media,r4yPskmiuqPJMSbpzqOX_Labourer_working_to_get_cultivation_rights_on_a_piece_of_land_temporarily.wav,Aniket Chauhan,"Theog, Shimla, Himachal Pradesh, India",21-30,,Labourer working to get cultivation rights on a piece of land temporarily,जमीन के एक टुकड़े पर खेती के अधिकार के लिए काम कर रहे मजदूर,"Humans, Social Relations and Organization",Agriculture,,,,,,Work and occupations,,,
r5Y6XXvrN328um7hZnUx,आपू,ɑːpu,,,Shimla Saraji,,,,https://firebasestorage.googleapis.com/v0/b/talking-dictionaries-alpha.appspot.com/o/mahasuvi%2Faudio%2Fr5Y6XXvrN328um7hZnUx_1653120734969.wav?alt=media,r5Y6XXvrN328um7hZnUx_self.wav,Aniket Chauhan,"Theog, Shimla, Himachal Pradesh, India",21-30,,self,खुद,,,n,noun,आपू केरखा चाला तू?,Where are you going yourself?,खुद कहाँ चला तू?,,,,
rEJGKwtdirDZvz03KKnh,नेहरा,,,,Shimla Saraji,,,,https://firebasestorage.googleapis.com/v0/b/talking-dictionaries-alpha.appspot.com/o/mahasuvi%2Faudio%2FrEJGKwtdirDZvz03KKnh_1653296565637.wav?alt=media,rEJGKwtdirDZvz03KKnh_Darkness.wav,Aniket Chauhan,"Theog, Shimla, Himachal Pradesh, India",21-30,,Darkness,अंधेरा,,,adj,adjective,कीऐं नी दिश लागो नेहरे दो।,Can't see anything in the dark.,,,,,
rKCYzfGNBqXbPNds1Cs8,सत,,,,"Shimla Saraji, Sharachali",,,,,,,,,,The expression of a deity's divine power/prowess,एक देवता की दैवीय शक्ति / कौशल की अभिव्यक्ति,Spirituality and Religion,,n,noun,सात पूछे बोलो देओते सोत कोस रा ना लागा,"Seven devta's were asked, no one could prove his prowess/divine power","सात देवताओं से पूछा गया, कोई भी अपने पराक्रम/दैवीय शक्ति को साबित नहीं कर सका",,,,
rN6E5txWrlDznOGtzMpz,कोड,,,,"Shadochi, Kumharsain",,,,,,,,,,posterior portion of a farm,खेत का पिछला भाग,Agriculture,,,,,,,,,,
rNB5fdBG2QOrTuqscgkf,ब्रिहुंश,,,,Shimla Saraji,,,,,,,,,,Eyebrows,भौहें,Body parts,,n,noun,,,,,,,
rOYEiOn0fxKXMBcq9NjL,डांगरा,,,,,,,,https://firebasestorage.googleapis.com/v0/b/talking-dictionaries-alpha.appspot.com/o/mahasuvi%2Faudio%2FrOYEiOn0fxKXMBcq9NjL_1653131090669.wav?alt=media,rOYEiOn0fxKXMBcq9NjL_Battle_axe_used_by_the_Khash_tribe.wav,Aniket Chauhan,"Theog, Shimla, Himachal Pradesh, India",21-30,,Battle axe used by the Khash tribe,खश जाती द्वारा इस्तेमाल किया जाने वाला फरसा,Tools and weapons,,n,noun,,,,,,,डांगरे
rQBhFlcbpBmNC43MQCCt,शोटो,,,,Sharachali,,,,,,,,,,Smoking,धूम्रपान,Physical Actions,,v,verb,भाँगो रो शोटो लाणो?,Do you want to smoke weed?,क्या आप खरपतवार धूम्रपान करना चाहते हैं?,,,,
rRIYOroeHaNSfyJGRxE7,अचकनी,,,,,,,,https://firebasestorage.googleapis.com/v0/b/talking-dictionaries-alpha.appspot.com/o/mahasuvi%2Faudio%2FrRIYOroeHaNSfyJGRxE7_1653113496523.wav?alt=media,rRIYOroeHaNSfyJGRxE7_Woolen_overcoat.wav,Aniket Chauhan,"Theog, Shimla, Himachal Pradesh, India",21-30,,Woolen overcoat,ऊन से बना कोट,"Art, crafts and textiles",Clothing and adornment,n,noun,,,,,,,
rRvRlMcPbSs1PpiOclY6,उपने,,,,,,,,https://firebasestorage.googleapis.com/v0/b/talking-dictionaries-alpha.appspot.com/o/mahasuvi%2Faudio%2FrRvRlMcPbSs1PpiOclY6_1653120967366.wav?alt=media,rRvRlMcPbSs1PpiOclY6_In_real_in_reality_antonym_of_dream_state.wav,Aniket Chauhan,"Theog, Shimla, Himachal Pradesh, India",21-30,,"In real (in reality), antonym of dream state","वास्तव में, स्वप्न अवस्था का विलोम शब्द",States and Characteristics,,n,noun,,,,,,,
rWDkDOydYf1RJVjn5zAg,पझुडिया,,,,,,,,https://firebasestorage.googleapis.com/v0/b/talking-dictionaries-alpha.appspot.com/o/mahasuvi%2Faudio%2FrWDkDOydYf1RJVjn5zAg_1653296644723.wav?alt=media,rWDkDOydYf1RJVjn5zAg_Himalayan_Bulbul.wav,Aniket Chauhan,"Theog, Shimla, Himachal Pradesh, India",21-30,,Himalayan Bulbul,हिमालय में पाए जाने वाली बुलबुल,Birds,,n,noun,,,,,,,
rXtVpWOTWt8F9Cv8KwbJ,कातना,,,,,,,,https://firebasestorage.googleapis.com/v0/b/talking-dictionaries-alpha.appspot.com/o/mahasuvi%2Faudio%2FrXtVpWOTWt8F9Cv8KwbJ_1653121897961.wav?alt=media,rXtVpWOTWt8F9Cv8KwbJ_Wool_spinning.wav,Aniket Chauhan,"Theog, Shimla, Himachal Pradesh, India",21-30,,Wool spinning,कताई,Daily life,Physical Actions,v,verb,,,,,,,
razEiWyGg8gDp6pI0PYG,निम्बळ,,,,,,,,https://firebasestorage.googleapis.com/v0/b/talking-dictionaries-alpha.appspot.com/o/mahasuvi%2Faudio%2FrazEiWyGg8gDp6pI0PYG_1653296455528.wav?alt=media,razEiWyGg8gDp6pI0PYG_Clear_sky_clear_weather.wav,Aniket Chauhan,"Theog, Shimla, Himachal Pradesh, India",21-30,,"Clear sky, clear weather","साफ आसमान, साफ मौसम","Sky, weather and climate",,,,,,,,,,
rchpskzc0g1E3zCYkiLE,चेता,,,,,,,,https://firebasestorage.googleapis.com/v0/b/talking-dictionaries-alpha.appspot.com/o/audio%2Fmahasuvi%2Frchpskzc0g1E3zCYkiLE_1627478045324.wav?alt=media,rchpskzc0g1E3zCYkiLE_Remembrance.wav,Aniket Chauhan,"Theog, Shimla, Himachal Pradesh, India",21-30,,Remembrance,याद करना,Mental actions,,n,noun,,,,,,,
rcw5uo2KcWAIDD6pGOUt,छ़ील,,,,Bishshau,,,,,,,,,,to mimic someone usually in a mocking fashion,आम तौर पर किसी का मज़ाक उड़ाते हुए नकल करना,Physical Actions,,,,,,,,,,
rdDYePXXYTmRz4JnmJ84,सुंच,,,,Shimla Saraji,,,,https://firebasestorage.googleapis.com/v0/b/talking-dictionaries-alpha.appspot.com/o/mahasuvi%2Faudio%2FrdDYePXXYTmRz4JnmJ84_1653312507550.wav?alt=media,rdDYePXXYTmRz4JnmJ84_Think.wav,Aniket Chauhan,"Theog, Shimla, Himachal Pradesh, India",21-30,,Think,सोच,Mental actions,,v,verb,ज़ो बी कोरणो तेरे सुंचिओ ई कोरे।,"Whatever you want to do, do after thinking only.",,,,,
reRYyGe0ls6bXEG0kmgI,ठोहरा,,,,,,,,https://firebasestorage.googleapis.com/v0/b/talking-dictionaries-alpha.appspot.com/o/mahasuvi%2Faudio%2FreRYyGe0ls6bXEG0kmgI_1653131082396.wav?alt=media,reRYyGe0ls6bXEG0kmgI_Sick.wav,Aniket Chauhan,"Theog, Shimla, Himachal Pradesh, India",21-30,,Sick,बीमार,"Health, well-being and sickness",States and Characteristics,adj,adjective,,,,,,,
rhh0U9Ct0CNjNB274CFL,कुंजडा,,,,"Shimla Saraji, Barari",,,,,,,,,,"a miser man, cheapskate","एक कंजूस आदमी, कमीना","Humans, Social Relations and Organization",Finance and Business,,,मोला एती कुंजडा ना बौण।,"Man, don't be such a cheapskate.",,,,,
rkPHXQgeVgDNW5WEUDXC,देउ छेरणो,,,,Rohruri ,,,,https://firebasestorage.googleapis.com/v0/b/talking-dictionaries-alpha.appspot.com/o/mahasuvi%2Faudio%2FrkPHXQgeVgDNW5WEUDXC_1653131948235.wav?alt=media,rkPHXQgeVgDNW5WEUDXC_invocation_of_deity_in_his_Oracles_body.wav,Aniket Chauhan,"Theog, Shimla, Himachal Pradesh, India",21-30,,invocation of deity in his Oracle's body,अपने प्रवक्ता के शरीर में देवता का आह्वान,Spirituality and Religion,Interjections,v,verb,,,,,,,
ro6vhOoFyYVjocCYgQ5M,ओकल,,,,,,,,https://firebasestorage.googleapis.com/v0/b/talking-dictionaries-alpha.appspot.com/o/mahasuvi%2Faudio%2Fro6vhOoFyYVjocCYgQ5M_1653121388805.wav?alt=media,ro6vhOoFyYVjocCYgQ5M_knowledge.wav,Aniket Chauhan,"Theog, Shimla, Himachal Pradesh, India",21-30,,knowledge,ज्ञान,Senses and perception,Education and learning,n,noun,,,,,,,
rpsQSZQIueH9aQfI0mbR,ऊजडणा,,,,"Shimla Saraji, Bishshau",,,,,,,,,,body's allergic reaction to some external stimuli,कुछ बाहरी उत्तेजनाओं से शरीर की एलर्जी प्रतिक्रिया,"Health, well-being and sickness",Body functions,,,मोला फिंफ़डीए ऊजडेआ आं,"Man, I got this allergic reaction from a butterfly/moth.",,,,,
rtLDV7h1t7L1APD46L6o,शेरशो,,,,,,,,https://firebasestorage.googleapis.com/v0/b/talking-dictionaries-alpha.appspot.com/o/mahasuvi%2Faudio%2FrtLDV7h1t7L1APD46L6o_1653312307042.wav?alt=media,rtLDV7h1t7L1APD46L6o_Mustard.wav,Aniket Chauhan,"Theog, Shimla, Himachal Pradesh, India",21-30,,Mustard,सरसो,"Plants, trees and other vegetation","Food, cooking and foodways",n,noun,,,,,,,
rtVIrlv1Sn6XJeO2OvQH,गुलटी,,,,Chuhara,,,,,,,,,,meat,मांस,"Food, cooking and foodways",,n,noun,,,,,,,
rtxN336aZLpDUe5qLrqv,कज़रांण,,,,Rohruri ,,,,,,,,,,Unpleasant smell of some rotten thing,किसी सड़ी हुई चीज की अप्रिय गंध,Senses and perception,,n,noun,किंणो कज़राणुओ द सेब,Such a rotten apple,ऐसा सड़ा हुआ सेब,,,,
rvdGRyP4yGmsB2ELxW5l,खाडू,,,,Shimla Saraji,,,,https://firebasestorage.googleapis.com/v0/b/talking-dictionaries-alpha.appspot.com/o/mahasuvi%2Faudio%2FrvdGRyP4yGmsB2ELxW5l_1653122845433.wav?alt=media,rvdGRyP4yGmsB2ELxW5l_Ram_Sheep.wav,Aniket Chauhan,"Theog, Shimla, Himachal Pradesh, India",21-30,,"Ram, Sheep",भेड़,Animals,,n,noun,केती खाडू तेरे?,How many rams are yours?,,,,,
rxxWxVxZmNzxTN1tIXi3,शुका,,,,Shimla Saraji,,,,https://firebasestorage.googleapis.com/v0/b/talking-dictionaries-alpha.appspot.com/o/mahasuvi%2Faudio%2FrxxWxVxZmNzxTN1tIXi3_1653312272893.wav?alt=media,rxxWxVxZmNzxTN1tIXi3_Dry.wav,Aniket Chauhan,"Theog, Shimla, Himachal Pradesh, India",21-30,,Dry,सुखा,States and Characteristics,,adj,adjective,"शुका पोड गोआ ओशु, सेओ रो का होलो ऐबे?","This year has been dry, what will be the condition of apples now?",,,,,
s15ueVvWKuKiwg9BDbJ2,भौरी,,,,,,,,https://firebasestorage.googleapis.com/v0/b/talking-dictionaries-alpha.appspot.com/o/mahasuvi%2Faudio%2Fs15ueVvWKuKiwg9BDbJ2_1653310684590.wav?alt=media,s15ueVvWKuKiwg9BDbJ2_A_lot.wav,Aniket Chauhan,"Theog, Shimla, Himachal Pradesh, India",21-30,,A lot,बहुत ज़्यादा,Quantifiers,,adj,adjective,,,,,,,
s4Ifrhkyc7Eazi7gxhTl,दांद,,,,,,,,https://firebasestorage.googleapis.com/v0/b/talking-dictionaries-alpha.appspot.com/o/mahasuvi%2Faudio%2Fs4Ifrhkyc7Eazi7gxhTl_1653131851567.wav?alt=media,s4Ifrhkyc7Eazi7gxhTl_Teeth.wav,Aniket Chauhan,"Theog, Shimla, Himachal Pradesh, India",21-30,,Teeth,दाँत,Body parts,,n,noun,मेरे घोरिये नेड़ी भोटकी तो तेरे दांद चोड़णे मेरे।,,,,,,
sAd9Bc8JETagk3AbwiXG,बोऊडा,,,,Shimla Saraji,,,,,,,,,,cradle,पालना,Tools and weapons,Household,,,बोऊडे दो बालको रुओ पाड़ो लो हाला।,The boy is crying in cradle and making a noise.,,,,,
sAyH73Rz10vHy9sfSOqy,खोलडु,,,,Bishshau,,,,https://firebasestorage.googleapis.com/v0/b/talking-dictionaries-alpha.appspot.com/o/mahasuvi%2Faudio%2FsAyH73Rz10vHy9sfSOqy_1653123295013.wav?alt=media,sAyH73Rz10vHy9sfSOqy_Bag_made_out_of_goat_skin_which_was_used_for_storing_grains_in_olden_times.wav,Aniket Chauhan,"Theog, Shimla, Himachal Pradesh, India",21-30,,Bag made out of goat skin which was used for storing grains in olden times,बकरी की खाल से बना थैला जो पुराने समय में अनाज के भंडारण के लिए इस्तेमाल किया जाता था,Agriculture,,n,noun,,,,,,,
sIRHXj757SFm5BX9iDRg,हिक,,,,Shadochi,,,,https://firebasestorage.googleapis.com/v0/b/talking-dictionaries-alpha.appspot.com/o/mahasuvi%2Faudio%2FsIRHXj757SFm5BX9iDRg_1653312925605.wav?alt=media,sIRHXj757SFm5BX9iDRg_Heart.wav,Aniket Chauhan,"Theog, Shimla, Himachal Pradesh, India",21-30,,Heart,हृदय,Body parts,,n,noun,,,,,,,
sK3C3PFczbAIZZEg7oHY,मोड़िये,,,,Sharachali,,,,https://firebasestorage.googleapis.com/v0/b/talking-dictionaries-alpha.appspot.com/o/mahasuvi%2Faudio%2FsK3C3PFczbAIZZEg7oHY_1653311444920.wav?alt=media,sK3C3PFczbAIZZEg7oHY_Forcefully.wav,Aniket Chauhan,"Theog, Shimla, Himachal Pradesh, India",21-30,,Forcefully,ज़बरदस्ती,States and Characteristics,,adv,adverb,,,,,,,
sM9M2o6PT2keFGi6sD4M,खोश,,,,Bishshau,,,,https://firebasestorage.googleapis.com/v0/b/talking-dictionaries-alpha.appspot.com/o/mahasuvi%2Faudio%2FsM9M2o6PT2keFGi6sD4M_1653123302978.wav?alt=media,sM9M2o6PT2keFGi6sD4M_A_person_beloning_to_Khasha_tribe.wav,Aniket Chauhan,"Theog, Shimla, Himachal Pradesh, India",21-30,,A person beloning to Khasha tribe,खश जाती का व्यक्ति,"Humans, Social Relations and Organization",Names of people and clans,n,noun,,,,,,,
sMh5B5f96YuUR1RbSLCE,बीलै,,,,Shadochi,,,,,,,,,,towards,की ओर,Location and Directions,,,,मुँ जुब्बला बीलै लागौ डेओन्दौ,I am going towards Jubbal.,,,,,
sPjjR3kGfAcb5sTxmhbP,बिख,,,,Shimla Saraji,,,,https://firebasestorage.googleapis.com/v0/b/talking-dictionaries-alpha.appspot.com/o/mahasuvi%2Faudio%2FsPjjR3kGfAcb5sTxmhbP_1653309009247.wav?alt=media,sPjjR3kGfAcb5sTxmhbP_Steps.wav,Aniket Chauhan,"Theog, Shimla, Himachal Pradesh, India",21-30,,Steps,कदम,Motion,,v,verb,,,,,,,
sPru95rqu6U4pF2l4I4z,भडारी,,,,,"In the Himalayas, every village and every clan has multiple deities and under those deities are a lot of functionaries who act on their behalf. One of them is भडारी, who supervises the stores of the deity in which grains, money, music instruments, weapons and other paraphernalia of the deity is stored. It comes from the word भडार which means store, and भडारी is a storekeeper.",,,https://firebasestorage.googleapis.com/v0/b/talking-dictionaries-alpha.appspot.com/o/mahasuvi%2Faudio%2FsPru95rqu6U4pF2l4I4z_1653310366759.wav?alt=media,sPru95rqu6U4pF2l4I4z_Storekeeper_in_charge_of_stores_containing_deityrelated_items.wav,Aniket Chauhan,"Theog, Shimla, Himachal Pradesh, India",21-30,,Storekeeper in charge of stores containing deity-related items,देवता का भंडार प्रभारी,,,n,noun,,,,,,,
sWhVv9QGBbq887lGCMuV,शोड़,,,,Bushahri (Nankhari),,,,,,,,,,smoke,धूम्रपान,Physical Actions,,v,verb,का लाओ दो तेरे शोड़नो,What are you smoking?,,,,,
sXpSGqTgRh0OaCUkbd2t,बांगणे,,,,Bishshau,,,,https://firebasestorage.googleapis.com/v0/b/talking-dictionaries-alpha.appspot.com/o/mahasuvi%2Faudio%2FsXpSGqTgRh0OaCUkbd2t_1653297308417.wav?alt=media,sXpSGqTgRh0OaCUkbd2t_Legs_of_a_goat.wav,Aniket Chauhan,"Theog, Shimla, Himachal Pradesh, India",21-30,,Legs of a goat,बकरे की टांगे,Body parts,Animals,n,noun,,,,,,,
siBL8rW2bbUX9MKpAG0b,थाच,,,,Shimla Saraji,,,,https://firebasestorage.googleapis.com/v0/b/talking-dictionaries-alpha.appspot.com/o/mahasuvi%2Faudio%2FsiBL8rW2bbUX9MKpAG0b_1653131711932.wav?alt=media,siBL8rW2bbUX9MKpAG0b_Meadow.wav,Aniket Chauhan,"Theog, Shimla, Himachal Pradesh, India",21-30,,Meadow,घास का मैदान,"Earth, geology and landscape",,n,noun,गोरु नी चोरने क थाचो दे।,Take the cattle to the meadow for grazing.,,,,,
smvkyv0atssXyo0D1Wgf,छैण,,,,"Shadochi, Barari",,,,,,,,,,fallen dry pine needles,चीड़ की गिरी हुई और सूखी हुई सुइयाँ,"Plants, trees and other vegetation",,,,,,,,,,
sxaOnFf0TTGhohdN7FLl,कभारो री कोठी,,,,"Shimla Saraji, Barari, Bishshau",,,,,,,,,,nest of potter's wasp,कुम्हार के ततैया का घोंसला,Universe and the natural world,,,,,,,,,,
t2tllP6efXkkl5Muq8yp,दुई,,,,,,,,https://firebasestorage.googleapis.com/v0/b/talking-dictionaries-alpha.appspot.com/o/audio%2Fmahasuvi%2Ft2tllP6efXkkl5Muq8yp_1624195081139.wav?alt=media,t2tllP6efXkkl5Muq8yp_Two.wav,Aniket Chauhan,"Theog, Shimla, Himachal Pradesh, India",21-30,,Two,दो,Numerals,,num,numeral,,,,,,,
t4LPxn3XJrA8OHIR1TGf,शिगा,,,,,,,,https://firebasestorage.googleapis.com/v0/b/talking-dictionaries-alpha.appspot.com/o/mahasuvi%2Faudio%2Ft4LPxn3XJrA8OHIR1TGf_1653312223735.wav?alt=media,t4LPxn3XJrA8OHIR1TGf_Quick.wav,Aniket Chauhan,"Theog, Shimla, Himachal Pradesh, India",21-30,,Quick,जल्दी,States and Characteristics,,adj,adjective,,,,,,,
tASs9bOWiCIwtSkxvgOX,हास,,,,,,,,https://firebasestorage.googleapis.com/v0/b/talking-dictionaries-alpha.appspot.com/o/mahasuvi%2Faudio%2FtASs9bOWiCIwtSkxvgOX_1653312919262.wav?alt=media,tASs9bOWiCIwtSkxvgOX_Laugh.wav,Aniket Chauhan,"Theog, Shimla, Himachal Pradesh, India",21-30,,Laugh,हस,Language and Communication,Emotions,v,verb,,,,,,,
tDiL1twmwhlxMga89E4h,सुर,,,,,,,,https://firebasestorage.googleapis.com/v0/b/talking-dictionaries-alpha.appspot.com/o/mahasuvi%2Faudio%2FtDiL1twmwhlxMga89E4h_1653312586129.wav?alt=media,tDiL1twmwhlxMga89E4h_Alcohol.wav,Aniket Chauhan,"Theog, Shimla, Himachal Pradesh, India",21-30,,Alcohol,शराब,"Food, cooking and foodways",,n,noun,,,,,,,
tJIZdiTdVb3MRKFlnsaX,गरकडै,,,,Barari,,,,,,,,,,Pregnancy,गर्भावस्था,Body functions,Life stages and rites of passage,n,noun," है थे गरकडै, तैबे त्ंंयोरे नई हांडूवे","She was pregnant, hence couldn't walk.","वह गर्भवती थी, इसलिए चल नहीं सकती थी।",,,,
tJQA0bK4QAHwbMuPVq1h,निजं,,,,,,,,https://firebasestorage.googleapis.com/v0/b/talking-dictionaries-alpha.appspot.com/o/mahasuvi%2Faudio%2FtJQA0bK4QAHwbMuPVq1h_1653296334411.wav?alt=media,tJQA0bK4QAHwbMuPVq1h_Sleep.wav,Aniket Chauhan,"Theog, Shimla, Himachal Pradesh, India",21-30,,Sleep,निद्रा,Sleep,,v,verb,,,,,,,
tJd2vernP9lwQgCYdMof,भूक,,,,Bishshau,,,,https://firebasestorage.googleapis.com/v0/b/talking-dictionaries-alpha.appspot.com/o/mahasuvi%2Faudio%2FtJd2vernP9lwQgCYdMof_1653310582995.wav?alt=media,tJd2vernP9lwQgCYdMof_Bark.wav,Aniket Chauhan,"Theog, Shimla, Himachal Pradesh, India",21-30,,Bark,भोंक,Language and Communication,,v,verb,,,,,,,
tO6EM6zZcug1szYsqEwf,खोशटी,,,,"Shimla Saraji, Sharachali",,,,https://firebasestorage.googleapis.com/v0/b/talking-dictionaries-alpha.appspot.com/o/mahasuvi%2Faudio%2FtO6EM6zZcug1szYsqEwf_1653123312924.wav?alt=media,tO6EM6zZcug1szYsqEwf_Khasha_woman.wav,Aniket Chauhan,"Theog, Shimla, Himachal Pradesh, India",21-30,,Khasha woman,खश स्त्री,"Humans, Social Relations and Organization",Names of people and clans,n,noun,,,,,,,
tRGBhapcACZRg6lEjorp,कोबे,,,,Shimla Saraji,,,,https://firebasestorage.googleapis.com/v0/b/talking-dictionaries-alpha.appspot.com/o/mahasuvi%2Faudio%2FtRGBhapcACZRg6lEjorp_1653122543384.wav?alt=media,tRGBhapcACZRg6lEjorp_When.wav,Aniket Chauhan,"Theog, Shimla, Himachal Pradesh, India",21-30,,When,कब,Time,,adv,adverb,,,,,,,
tbIxe3kdW6w4XrZQ3H3Z,आंधा,,,,Shimla Saraji,,,,https://firebasestorage.googleapis.com/v0/b/talking-dictionaries-alpha.appspot.com/o/mahasuvi%2Faudio%2FtbIxe3kdW6w4XrZQ3H3Z_1653120436756.wav?alt=media,tbIxe3kdW6w4XrZQ3H3Z_blind.wav,Aniket Chauhan,"Theog, Shimla, Himachal Pradesh, India",21-30,,blind,अंधा,Body functions,,adj,adjective,आंधा ऐ का?,Are you blind?,अंधा है क्या?,,,,
tf5RF2dQGyIilRNa8l9p,मुळे,,,,Shimla Saraji (Theog),,,,https://firebasestorage.googleapis.com/v0/b/talking-dictionaries-alpha.appspot.com/o/mahasuvi%2Faudio%2Ftf5RF2dQGyIilRNa8l9p_1653311280964.wav?alt=media,tf5RF2dQGyIilRNa8l9p_Below.wav,Aniket Chauhan,"Theog, Shimla, Himachal Pradesh, India",21-30,,Below,नीचे,Location and Directions,,prep,preposition,,,,,,,
tghuA082tFRmcn37jPBn,ख़ुम्ब्ली,,,,"Shimla Saraji, Barari",,,,,,,,,,Meeting,सभा,Language and Communication,,n,noun,ख़ुम्ब्ली दे बेशणे ओ मेरे,I have to sit in the meeting,मुझे मीटिंग में बैठना है,,,,
tjN2ZDPXN6Blxl8UYWtP,गनाडू,,,,Shadochi,,,,https://firebasestorage.googleapis.com/v0/b/talking-dictionaries-alpha.appspot.com/o/mahasuvi%2Faudio%2FtjN2ZDPXN6Blxl8UYWtP_1653123390857.wav?alt=media,tjN2ZDPXN6Blxl8UYWtP_Empathetic_person.wav,Aniket Chauhan,"Theog, Shimla, Himachal Pradesh, India",21-30,,Empathetic person,सहानुभूति रखने वाला व्यक्ति,"Humans, Social Relations and Organization",Emotions,adj,adjective,,,,,,,
toBr9tlUUjfSFBhPx3oB,खोडू,,,,Shimla Saraji (Kotkhai),,,,https://firebasestorage.googleapis.com/v0/b/talking-dictionaries-alpha.appspot.com/o/mahasuvi%2Faudio%2FtoBr9tlUUjfSFBhPx3oB_1653123259037.wav?alt=media,toBr9tlUUjfSFBhPx3oB_Pain_in_calves_after_walkingrunning_excessively.wav,Aniket Chauhan,"Theog, Shimla, Himachal Pradesh, India",21-30,,Pain in calves after walking/running excessively,ज़्यादा चलने या दौड़ने की वजह से पिडंली में दर्द,"Health, well-being and sickness",Motion,n,noun,,,,,,,
tqfaH6Pf9p5A4fQ3sIus,जागरा,,,,,,,,https://firebasestorage.googleapis.com/v0/b/talking-dictionaries-alpha.appspot.com/o/audio%2Fmahasuvi%2FtqfaH6Pf9p5A4fQ3sIus_1624193996978.wav?alt=media,tqfaH6Pf9p5A4fQ3sIus_religious_nightceremony_of_the_deity.wav,Aniket Chauhan,"Theog, Shimla, Himachal Pradesh, India",21-30,,religious night-ceremony of the deity,,Spirituality and Religion,,n,noun,,,,,,,
trNtWEpOT6jQCIpw3ESZ,गाओंशी,,,,"Shimla Saraji, Bishshau",,,,,,,,,,a visit to neighbours for a chit chat,,Language and Communication,Social activities and interactions,,,गाओंशी दा ई ना रोआ कोर।,Don't keep roaming the village chit chatting.,,,,,
tzKsQswLL99z51XA4YUL,च़ियांडु,,,,Bishshau,,,,,,,,,,green pine needles,चीड़ की हरी सुईयां,"Plants, trees and other vegetation",,,,,,,,,,
u0b2UAlPwcEYNIktbGfO,बोइदाली,,,,"Chuhara, Rohruri (Spail)",,,,,,,,,,invitation,आमंत्रण,Language and Communication,Social activities and interactions,n,noun,मोतु कै बोइदाली दिणी एरी ?,Did you give an invitation to Motu?,,,,,
u0bCgIKGEVf2czuMjq3X,जींम्परी,,,,Shimla Saraji,,,,https://firebasestorage.googleapis.com/v0/b/talking-dictionaries-alpha.appspot.com/o/mahasuvi%2Faudio%2Fu0bCgIKGEVf2czuMjq3X_1653125487280.wav?alt=media,u0bCgIKGEVf2czuMjq3X_The_place_where_you_go_after_death_netherworld.wav,Aniket Chauhan,"Theog, Shimla, Himachal Pradesh, India",21-30,,"The place where you go after death, netherworld","नरक, मृत्यु के बाद जिस स्थान पे मनुष्य जाता है",Spirituality and Religion,,,,हामो छोड्यो जींम्परी खे केईं डेया?,Why did you go to underworld leaving us?,,,,,
u586BinSKchNCf7jkLCL,जवाढ़ी,,,,Rohruri ,,,,https://firebasestorage.googleapis.com/v0/b/talking-dictionaries-alpha.appspot.com/o/mahasuvi%2Faudio%2Fu586BinSKchNCf7jkLCL_1653125330293.wav?alt=media,u586BinSKchNCf7jkLCL_Bird_trap.wav,Aniket Chauhan,"Theog, Shimla, Himachal Pradesh, India",21-30,,Bird trap,पक्षी को पकड़ने का फंदा,Hunting and Fishing,,n,noun,,,,,,,
u7bioVR4REU7An22fY0H,खेच,,,,Shimla Saraji,,,,https://firebasestorage.googleapis.com/v0/b/talking-dictionaries-alpha.appspot.com/o/mahasuvi%2Faudio%2Fu7bioVR4REU7An22fY0H_1653123165134.wav?alt=media,u7bioVR4REU7An22fY0H_Field.wav,Aniket Chauhan,"Theog, Shimla, Himachal Pradesh, India",21-30,,Field,खेत,Agriculture,,n,noun,जोस्टे रो खेच ओ एज़ो।,This is Justa's field.,,,,,
uB9hvFnIyFqeTWEFb6Cx,औठि,,,,"Rohruri (Spail), Rohruri (Mandalgarh), Chuhara",,,,,,,,,,with difficultly or great effort,बड़ी मुश्किल से या बड़ी मेहनत से,States and Characteristics,,n,noun,तोला का  औठि आशो हाउ उबी,I came up with a great effort from below.,,,,,
uBWtCtr3xUT1MDwOO7j7,हौटी,,,,Bushahri (Nankhari),,,,,,,,,,with difficultly or great effort,बड़ी मुश्किल से या बड़ी मेहनत से,States and Characteristics,,n,noun,हौटी आओ उबी मू तोड़ा का,I came up with a great effort from below.,,,,,
uDvHQxoc2CMk1GhnJrew,आंडके,ɑːⁿɖkeː,,,Shimla Saraji,,,,https://firebasestorage.googleapis.com/v0/b/talking-dictionaries-alpha.appspot.com/o/mahasuvi%2Faudio%2FuDvHQxoc2CMk1GhnJrew_1653120364805.wav?alt=media,uDvHQxoc2CMk1GhnJrew_here_this_side.wav,Aniket Chauhan,"Theog, Shimla, Himachal Pradesh, India",21-30,,"here, this side",इस तरफ,Location and Directions,,n,noun,आंडके आजो।,Come to this side.,इस तरफ आओ।,,,,
uE2wzg8zXd1X6a8aPoav,तातो,,,,,,,,https://firebasestorage.googleapis.com/v0/b/talking-dictionaries-alpha.appspot.com/o/mahasuvi%2Faudio%2FuE2wzg8zXd1X6a8aPoav_1653131585780.wav?alt=media,uE2wzg8zXd1X6a8aPoav_Hot.wav,Aniket Chauhan,"Theog, Shimla, Himachal Pradesh, India",21-30,,Hot,गर्म,States and Characteristics,,adj,adjective,,,,,,,
uKidckkFCdYj6ao11hu4,हीज,,,,,,,,https://firebasestorage.googleapis.com/v0/b/talking-dictionaries-alpha.appspot.com/o/audio%2Fmahasuvi%2FuKidckkFCdYj6ao11hu4_1624194234192.wav?alt=media,uKidckkFCdYj6ao11hu4_Yesterday.wav,Aniket Chauhan,"Theog, Shimla, Himachal Pradesh, India",21-30,,Yesterday,बिता हुआ कल,Time,,adv,adverb,,,,,,,
uQyIihc52ldkDvPPPV1G,चोबण,,,,Rohruri ,,,,https://firebasestorage.googleapis.com/v0/b/talking-dictionaries-alpha.appspot.com/o/mahasuvi%2Faudio%2FuQyIihc52ldkDvPPPV1G_1653125030079.wav?alt=media,uQyIihc52ldkDvPPPV1G_Curry.wav,Aniket Chauhan,"Theog, Shimla, Himachal Pradesh, India",21-30,,Curry,दाल,"Food, cooking and foodways",,n,noun,,,,,,,
uUeDjb80Tkt16uDHuyQc,साधडा,,,,"Shimla Saraji, Chuhara",,,,,,,,,,innocent,मासूम,States and Characteristics,,adj,adjective,श्यामू बेगी साधडा ओ।,Shyamu is very innocent.,,,,,
uZnngP4pEmvYhnyOmHTq,ओटी,,,,"Shimla Saraji (Kotkhai), Shadochi",,,,https://firebasestorage.googleapis.com/v0/b/talking-dictionaries-alpha.appspot.com/o/mahasuvi%2Faudio%2FuZnngP4pEmvYhnyOmHTq_1653121397928.wav?alt=media,uZnngP4pEmvYhnyOmHTq_Elevated_sitting_platform_at_the_corner_of_a_house_near_windows.wav,Aniket Chauhan,"Theog, Shimla, Himachal Pradesh, India",21-30,,Elevated sitting platform at the corner of a house near windows,खिड़कियों के पास एक घर के कोने पर ऊंचा बैठने का मंच,Household,Construction,n,noun,,,,,,,
uaj6drjoHXpGDXUbb7Kb,माढ़वा,,,,Shadochi,,,,https://firebasestorage.googleapis.com/v0/b/talking-dictionaries-alpha.appspot.com/o/mahasuvi%2Faudio%2Fuaj6drjoHXpGDXUbb7Kb_1653310895628.wav?alt=media,uaj6drjoHXpGDXUbb7Kb_Pigeon.wav,Aniket Chauhan,"Theog, Shimla, Himachal Pradesh, India",21-30,,Pigeon,कबूतर,Birds,,n,noun,,,,,,,
ub2RoxkM0FGzkzU6MCg1,डिंगा,,,,Shimla Saraji,,,,https://firebasestorage.googleapis.com/v0/b/talking-dictionaries-alpha.appspot.com/o/mahasuvi%2Faudio%2Fub2RoxkM0FGzkzU6MCg1_1653131284978.wav?alt=media,ub2RoxkM0FGzkzU6MCg1_Stick.wav,Aniket Chauhan,"Theog, Shimla, Himachal Pradesh, India",21-30,,Stick,छड़ी,Universe and the natural world,Tools and weapons,n,noun,,,,,,,
uccY7tPp3ej0cEJ3NQfR,गिन,,,,Shimla Saraji,,,,https://firebasestorage.googleapis.com/v0/b/talking-dictionaries-alpha.appspot.com/o/mahasuvi%2Faudio%2FuccY7tPp3ej0cEJ3NQfR_1653123533457.wav?alt=media,uccY7tPp3ej0cEJ3NQfR_Buy.wav,Aniket Chauhan,"Theog, Shimla, Himachal Pradesh, India",21-30,,Buy,खरीद,Finance and Business,,v,verb,,,,,,,
ukZT6LYdxKWW3HS8gsK9,नेश,,,,Shimla Saraji,,,,,,,,,,to visit and ask about the well being  of a sick person,किसी बीमार व्यक्ति के पास जाना और उसका हालचाल पूछना,Language and Communication,Social activities and interactions,v,verb,तोएँ नेशा बी ओ सोन्तु रा छोटा?,Did you visit and ask about the well being of Santu's son?,क्या आपने जाकर संतू के बेटे का हालचाल पूछा?,"Health, well-being and sickness",,,
ukgmi47w2jEnsjKkCXaw,चमार,,,,,,,,https://firebasestorage.googleapis.com/v0/b/talking-dictionaries-alpha.appspot.com/o/mahasuvi%2Faudio%2Fukgmi47w2jEnsjKkCXaw_1653124702513.wav?alt=media,ukgmi47w2jEnsjKkCXaw_A_person_belonging_to_the_caste_of_leather_workers.wav,Aniket Chauhan,"Theog, Shimla, Himachal Pradesh, India",21-30,,A person belonging to the caste of leather workers,चमड़ा श्रमिकों की जाति से संबंधित व्यक्ति,"Humans, Social Relations and Organization",,n,noun,,,,,,,
ulexOMz2CmXo9YrU4f7N,फीमशी,,,,"Shadochi, Shimla Saraji",,,,,,,,,,"pus filled pimple, pimple","मवाद भरी फुंसी, फुंसी",Cleanliness and hygiene,"Health, well-being and sickness",n,noun,मेरी बाई दी फीमशी लागी हौंदी,My arms are having a break out of pus filled pimples.,,,,,
umkDIJXvfvCgLtaKrZ0w,दोगरी,,,,Shimla Saraji,,,,https://firebasestorage.googleapis.com/v0/b/talking-dictionaries-alpha.appspot.com/o/mahasuvi%2Faudio%2FumkDIJXvfvCgLtaKrZ0w_1653132046953.wav?alt=media,umkDIJXvfvCgLtaKrZ0w_Second_house_which_is_usually_near_to_an_agricultural_field.wav,Aniket Chauhan,"Theog, Shimla, Himachal Pradesh, India",21-30,,Second house which is usually near to an agricultural field,दूसरा घर जो आमतौर पर एक कृषि क्षेत्र के पास होता है,Construction,Agriculture,n,noun,"दोगरी डेओणे पौड़ी झिशी, गिहुँ बिज़दे।","WIll have to go to second home, to sow wheat.",,,,,
uoyVBMJPEQqh6jscvR4k,साथरा,,,,Chuhara,,,,,,,,,,fallen dry pine needles,चीड़ की गिरी हुई और सूखी हुई सुइयाँ,"Plants, trees and other vegetation",,,,,,,,,,
upm1W6GRgWUtrtx6jZXR,शॉरी,,,,,,,,https://firebasestorage.googleapis.com/v0/b/talking-dictionaries-alpha.appspot.com/o/audio%2Fmahasuvi%2Fupm1W6GRgWUtrtx6jZXR_1625132239004.wav?alt=media,upm1W6GRgWUtrtx6jZXR_Arrow.wav,Rajneesh Verma,"Theog, Shimla",31-40,,Arrow,तीर,Sports and games,,n,noun,,,,,,,
uq12g0UsllUenG48yIDA,भोचिया,,,,"Shimla Saraji, Bishshau",,,,,,,,,,Brother's son,भतीजा,Kinship and relationships,,n,noun,,,,,,,
uqEwGc5JhCjJbOrzXMhP,थेच,,,,"Shimla Saraji, Bishshau, Barari, Shadochi",,,,,,,,,," smash, shatter","तोड़ना, चकनाचूर करना",Physical Actions,Physical Impact,,,केथो थेचो तौएँ आपणो मुंड?,Where did you smash your head?,,,,,
uqh8FM2Xj0AewdwEyNWZ,भोगडा,,,,Shimla Saraji,,,,,,,,,,Coriander,धनिया,"Plants, trees and other vegetation","Food, cooking and foodways",,,तौएँ भोगड़ो बीज गो?,Did you sow the coriander?,,,,,
uvZ0Nusxgt3fGL6MohHu,ऊणो,,,,,,,,https://firebasestorage.googleapis.com/v0/b/talking-dictionaries-alpha.appspot.com/o/mahasuvi%2Faudio%2FuvZ0Nusxgt3fGL6MohHu_1653121023701.wav?alt=media,uvZ0Nusxgt3fGL6MohHu_In_real_antonym_of_dream_state.wav,Aniket Chauhan,"Theog, Shimla, Himachal Pradesh, India",21-30,,"In real, antonym of dream state","वास्तव में, स्वप्न अवस्था का विलोम शब्द",States and Characteristics,,n,noun,,,,,,,
uw38OcJrszCEy0vXphzR,सेवाल,,,,Chuhara,,,,,,,,,,Moss,काई,"Plants, trees and other vegetation",,n,noun,सेवाला माथे ना फौषटे,Don't slip down on the moss.,,,,,
uwOgRzun9TXr6OT1BpS6,ठुंगा,,,,,,,,https://firebasestorage.googleapis.com/v0/b/talking-dictionaries-alpha.appspot.com/o/mahasuvi%2Faudio%2FuwOgRzun9TXr6OT1BpS6_1653131026240.wav?alt=media,uwOgRzun9TXr6OT1BpS6_Poke.wav,Aniket Chauhan,"Theog, Shimla, Himachal Pradesh, India",21-30,,Poke,हल्का धक्का,Physical Actions,,v,verb,,,,,,,
uxWlI9FbzxCvMKAjXC9s,बचरुआ,,,,Shimla Saraji,,,,https://firebasestorage.googleapis.com/v0/b/talking-dictionaries-alpha.appspot.com/o/mahasuvi%2Faudio%2FuxWlI9FbzxCvMKAjXC9s_1653297247167.wav?alt=media,uxWlI9FbzxCvMKAjXC9s_Scratch.wav,Aniket Chauhan,"Theog, Shimla, Himachal Pradesh, India",21-30,,Scratch,खरोंच,Physical Actions,"Health, well-being and sickness",v,verb,,,,,,,
uxhpdf7rnHMuU0dWR8MM,औरैण,,,,"Chuhara, Rohruri (Spail)",,,,,,,,,,pain/stiffness in the neck due to  sleeping in an improper way.,गलत तरीके से सोने के कारण गर्दन में दर्द/अकड़न।,"Health, well-being and sickness",Sleep,n,noun,,,,,,,
uyWCI86IkxiEgGSZ0wHO,शरेणो,,,,,,,,https://firebasestorage.googleapis.com/v0/b/talking-dictionaries-alpha.appspot.com/o/mahasuvi%2Faudio%2FuyWCI86IkxiEgGSZ0wHO_1653312028588.wav?alt=media,uyWCI86IkxiEgGSZ0wHO_Pillow.wav,Aniket Chauhan,"Theog, Shimla, Himachal Pradesh, India",21-30,,Pillow,तकिया,Household,Sleep,n,noun,,,,,,,
v3f1UBRnOmmzRGYnrCut,चेऊँ,,,,,,,,https://firebasestorage.googleapis.com/v0/b/talking-dictionaries-alpha.appspot.com/o/mahasuvi%2Faudio%2Fv3f1UBRnOmmzRGYnrCut_1653124907283.wav?alt=media,v3f1UBRnOmmzRGYnrCut_Morchella.wav,Aniket Chauhan,"Theog, Shimla, Himachal Pradesh, India",21-30,,Morchella,गुच्छी,"Plants, trees and other vegetation","Food, cooking and foodways",n,noun,,,,,,,
v3fngnUDyGb47IQCEXG7,डोखरो,,,,"Sharachali, Rohruri ",,,,https://firebasestorage.googleapis.com/v0/b/talking-dictionaries-alpha.appspot.com/o/mahasuvi%2Faudio%2Fv3fngnUDyGb47IQCEXG7_1653131406923.wav?alt=media,v3fngnUDyGb47IQCEXG7_Field.wav,Aniket Chauhan,"Theog, Shimla, Himachal Pradesh, India",21-30,,Field,खेत,Agriculture,,n,noun,,,,,,,
v3jsGeC74SL1GwHOgq7u,बोई,,,,,,,,,,,,,,Dried apples/fruits,सूखे सेब / फल,"Plants, trees and other vegetation","Food, cooking and foodways",n,noun,डाबे दी पा गोई बोई?,Have you put the dried apples in the box?,क्या आपने सूखे सेबों को डिब्बे में रखा है?,,,,
v6WZMwqigFLB8ar32Jfo,गाड़णो,,,,,,,,https://firebasestorage.googleapis.com/v0/b/talking-dictionaries-alpha.appspot.com/o/mahasuvi%2Faudio%2Fv6WZMwqigFLB8ar32Jfo_1653123477291.wav?alt=media,v6WZMwqigFLB8ar32Jfo_To_buy.wav,Aniket Chauhan,"Theog, Shimla, Himachal Pradesh, India",21-30,,To buy,खरीदना,Finance and Business,,v,verb,,,,,,,
vADrpnjZG0gV3S1gzYFf,तीरी,,,,Rohruri ,,,,,,,,,,A hole in the wall and storage area behind it where bee keeping is done in a Himalayan house,दीवार और उसके पीछे भंडारण क्षेत्र में एक छेद जहां एक हिमालयी घर में मधुमक्खी पालन किया जाता है,Animal husbandry,Construction,n,noun,माखी री चीन तीरी मेरे घोरा द,My house has three Teeras in it.,मेरे घर में तीन तीरी हैं।,,,,
vCTXYjpy0oHoQriH0Gj4,ऊहाणो,,,,Shimla Saraji,,,,,,,,,,Swelling,सूजन,"Health, well-being and sickness",,n,noun,तेरो लात केऊ ऊहाऐ दे ?,Why is your foot swollen?,आपका पैर क्यों सूज गया है?,,,,
vIYFQtJm1EfQGV942bvw,ज़ियू,,,,Shimla Saraji,,,,https://firebasestorage.googleapis.com/v0/b/talking-dictionaries-alpha.appspot.com/o/mahasuvi%2Faudio%2FvIYFQtJm1EfQGV942bvw_1653125348119.wav?alt=media,vIYFQtJm1EfQGV942bvw_Heart.wav,Aniket Chauhan,"Theog, Shimla, Himachal Pradesh, India",21-30,,Heart,दिल,Body parts,,n,noun,दुई ज़ियू खिचड़ी घियु।,Two hearts are like Khichdi and clarified butter. ,,,,,
vK4ShD8MrdiUkBEonHgP,सुले,,,,Shimla Saraji,,,,https://firebasestorage.googleapis.com/v0/b/talking-dictionaries-alpha.appspot.com/o/mahasuvi%2Faudio%2FvK4ShD8MrdiUkBEonHgP_1653312605418.wav?alt=media,vK4ShD8MrdiUkBEonHgP_Slowly.wav,Aniket Chauhan,"Theog, Shimla, Himachal Pradesh, India",21-30,,Slowly,आराम से,States and Characteristics,,v,verb,"सुले हांड, आं खोड़ गोआ।","Walk slowly, I'm tired.",,,,,
vO81nvPX8FYENxA8YuLl,मोले,,,,Bishshau,,,,https://firebasestorage.googleapis.com/v0/b/talking-dictionaries-alpha.appspot.com/o/mahasuvi%2Faudio%2FvO81nvPX8FYENxA8YuLl_1653311482698.wav?alt=media,vO81nvPX8FYENxA8YuLl_Below.wav,Aniket Chauhan,"Theog, Shimla, Himachal Pradesh, India",21-30,,Below,नीचे,Location and Directions,,prep,preposition,,,,,,,
vOEbxS99XKgGZFiEjzPu,किश,,,,Bishshau,,,,https://firebasestorage.googleapis.com/v0/b/talking-dictionaries-alpha.appspot.com/o/mahasuvi%2Faudio%2FvOEbxS99XKgGZFiEjzPu_1653122025720.wav?alt=media,vOEbxS99XKgGZFiEjzPu_Scream.wav,Aniket Chauhan,"Theog, Shimla, Himachal Pradesh, India",21-30,,Scream,चींख,Emotions,,n,noun,,,,,,,
vQkKQhVwenfASsZbQ9sK,दकानटी,,,,"Bushahri, Rohruri ",,,,https://firebasestorage.googleapis.com/v0/b/talking-dictionaries-alpha.appspot.com/o/mahasuvi%2Faudio%2FvQkKQhVwenfASsZbQ9sK_1653131832697.wav?alt=media,vQkKQhVwenfASsZbQ9sK_Small_shop_or_trading_post.wav,Aniket Chauhan,"Theog, Shimla, Himachal Pradesh, India",21-30,,Small shop or trading post,छोटी दुकान,Construction,,n,noun,,,,,,,
vRyNCLq3L7bAkvYB4eZy,बोर्शो,,,,Shadochi,,,,,,,,,,Years,वर्षों,Time,,,,,,,,,,
vVlOWBG4fb2h6B3J6MF8,बौर्श,,,,Shadochi,,,,,,,,,,Year,वर्ष,Time,,,,केतरी बौर्शी उई गे?,How many years have passed?,,,,,
vWVWihCXXTOHsTMDqK1u,फ़ाशणी,,,,"Shimla Saraji, Bishshau, Shadochi",,,,,,,,,,a device used to churn butter milk,मधानी,"Food, cooking and foodways",Tools and weapons,,,,,,Household,,,
vdSUMkOIovtbub5oJcGW,बांड,,,,"Shimla Saraji, Sharachali, Shadochi, Bishshau",,,,,,,,,,divide,विभाजित करना,,,v,verb,आपू मुंजे बांडो,Divide amongst yourselves.,,,,,
vh2n04nZd39sR26kUDXW,तीरौ,,,,Shadochi,,,,,,,,,,A hole in the wall and storage area behind it where bee keeping is done in a Himalayan house,दीवार और उसके पीछे भंडारण क्षेत्र में एक छेद जहां एक हिमालयी घर में मधुमक्खी पालन किया जाता है,Animal husbandry,Construction,n,noun,माखिऐ  चौन तीरे आ मेरै गौरा दी |,My house has three Teeras in it.,मेरे घर में तीन तीरे हैं।,,,,
vlXIue9ZoZvHqcAdfWZn,बौचडू,,,,"Rohruri (Spail), Bushahri (Narain) , Shadochi, Kumharsain, Chuhara",,,,,,,,,,Brother's son,भतीजा,Kinship and relationships,,n,noun,,,,,,,
vlgY8tXJkzmIdXlISer4,कीं,,,,Shadochi,,,,https://firebasestorage.googleapis.com/v0/b/talking-dictionaries-alpha.appspot.com/o/mahasuvi%2Faudio%2FvlgY8tXJkzmIdXlISer4_1653122033247.wav?alt=media,vlgY8tXJkzmIdXlISer4_Where.wav,Aniket Chauhan,"Theog, Shimla, Himachal Pradesh, India",21-30,,Where,कहाँ,Location and Directions,,adv,adverb,,,,,,,
vomDPy4I9mJpkRTjgGgj,आगड,,,,"Shimla Saraji, Shadochi",,,,,,,,,,lock,बंद,Household,Tools and weapons,,,,,,,,,
vqA46DdcRXsSAOZ28khz,भान्जी़,,,,Rohruri (Mandalgarh),,,,,,,,,,interrupting someone's work by unnecessarily trying or offering to do it,अनावश्यक रूप से प्रयास करने या करने की पेशकश करके किसी के काम में बाधा डालना,Physical Actions,Work and occupations,v,verb,"आपु दे मू कोरने, फूक्की भान्ज़ी ना मारे!","Let me do myself, dont bother me unnecessarily by trying to do it.",,,,,
vr5zudzOB8evySzEd5O6,गोबिश,,,,,,,,https://firebasestorage.googleapis.com/v0/b/talking-dictionaries-alpha.appspot.com/o/mahasuvi%2Faudio%2Fvr5zudzOB8evySzEd5O6_1653124116442.wav?alt=media,vr5zudzOB8evySzEd5O6_Pit_of_decomposing_cow_dung.wav,Aniket Chauhan,"Theog, Shimla, Himachal Pradesh, India",21-30,,Pit of decomposing cow dung,गोबर सड़ने का गड्ढा,Animal husbandry,,n,noun,,,,,,,
vsZWKFRFysjBesjGvftV,खांगो,,,,,,,,https://firebasestorage.googleapis.com/v0/b/talking-dictionaries-alpha.appspot.com/o/mahasuvi%2Faudio%2FvsZWKFRFysjBesjGvftV_1653122816974.wav?alt=media,vsZWKFRFysjBesjGvftV_Long_strides.wav,Aniket Chauhan,"Theog, Shimla, Himachal Pradesh, India",21-30,,Long strides,लंबे कदम,Body functions,Motion,adv,adverb,,,,,,,
w1Wvj7B7PZsasv0rHal6,हाड़की,,,,Shimla Saraji,,,,https://firebasestorage.googleapis.com/v0/b/talking-dictionaries-alpha.appspot.com/o/mahasuvi%2Faudio%2Fw1Wvj7B7PZsasv0rHal6_1653312861893.wav?alt=media,w1Wvj7B7PZsasv0rHal6_Bone.wav,Aniket Chauhan,"Theog, Shimla, Himachal Pradesh, India",21-30,,Bone,हड्डी,Body parts,,n,noun,हाड़की चोड़नी मेरे तेरी।,I'll break your bones.,,,,,
wBQLIJsyWpflPeAEuKtr,कीज़,,,,"Shimla Saraji, Shadochi",,,,,,,,,,Rot,सड़ांध,"Plants, trees and other vegetation",Senses and perception,,,सेओ कीज़दे लाग गोए।,The apples have started to rot.,,,,,
wDJfINgMD1KEH0IJKGfp,किआ,,,,,,,,https://firebasestorage.googleapis.com/v0/b/talking-dictionaries-alpha.appspot.com/o/audio%2Fmahasuvi%2FwDJfINgMD1KEH0IJKGfp_1624192216503.wav?alt=media,wDJfINgMD1KEH0IJKGfp_Where.wav,Aniket Chauhan,"Theog, Shimla, Himachal Pradesh, India",21-30,,Where,कहाँ,Location and Directions,,adv,adverb,,,,,,,
wGDU0F1hN2Dar8NjevrC,लोइया,,,,,,,,https://firebasestorage.googleapis.com/v0/b/talking-dictionaries-alpha.appspot.com/o/mahasuvi%2Faudio%2FwGDU0F1hN2Dar8NjevrC_1653311957680.wav?alt=media,wGDU0F1hN2Dar8NjevrC_Woolen_overcoat.wav,Aniket Chauhan,"Theog, Shimla, Himachal Pradesh, India",21-30,,Woolen overcoat,ऊन से बना कोट,Clothing and adornment,"Art, crafts and textiles",n,noun,,,,,,,
wHPbSj9KtKveIa2CSts8,मांज,,,,,,,,https://firebasestorage.googleapis.com/v0/b/talking-dictionaries-alpha.appspot.com/o/mahasuvi%2Faudio%2FwHPbSj9KtKveIa2CSts8_1653310740492.wav?alt=media,wHPbSj9KtKveIa2CSts8_Between.wav,Aniket Chauhan,"Theog, Shimla, Himachal Pradesh, India",21-30,,Between,बीच में,Location and Directions,,prep,preposition,,,,,,,
wLdYQhejEV2DfRXplW7c,खड़ाओणो,,,,Shimla Saraji,,,,https://firebasestorage.googleapis.com/v0/b/talking-dictionaries-alpha.appspot.com/o/mahasuvi%2Faudio%2FwLdYQhejEV2DfRXplW7c_1653122727851.wav?alt=media,wLdYQhejEV2DfRXplW7c_Act_of_broadcasting_seeds.wav,Aniket Chauhan,"Theog, Shimla, Himachal Pradesh, India",21-30,,Act of broadcasting seeds,बीजों के प्रसारण का कार्य,Agriculture,,v,verb,,,,,,,
wW2DGWQXJXv4Xc7u9kqu,रशाढ़,,,,Bushahri,,,,https://firebasestorage.googleapis.com/v0/b/talking-dictionaries-alpha.appspot.com/o/mahasuvi%2Faudio%2FwW2DGWQXJXv4Xc7u9kqu_1653311506528.wav?alt=media,wW2DGWQXJXv4Xc7u9kqu_Jealousy.wav,Aniket Chauhan,"Theog, Shimla, Himachal Pradesh, India",21-30,,Jealousy,ईर्ष्या द्वेष,Emotions,,n,noun,,,,,,,
wYO1UjxjjbjuBR7RC6Ad,ईणो,,,,Shimla Saraji,,,,https://firebasestorage.googleapis.com/v0/b/talking-dictionaries-alpha.appspot.com/o/mahasuvi%2Faudio%2FwYO1UjxjjbjuBR7RC6Ad_1653120944251.wav?alt=media,wYO1UjxjjbjuBR7RC6Ad_like_this.wav,Aniket Chauhan,"Theog, Shimla, Himachal Pradesh, India",21-30,,like this,ऐसे,,,,,ईणो बोलो थो तेरी आमे।,Your mother used to say like this.,,,,,
wYjrRIYlUVhNhSPlXK9J,बेड़ा,,,,Shimla Saraji,,,,https://firebasestorage.googleapis.com/v0/b/talking-dictionaries-alpha.appspot.com/o/mahasuvi%2Faudio%2FwYjrRIYlUVhNhSPlXK9J_1653309238107.wav?alt=media,wYjrRIYlUVhNhSPlXK9J_Palace.wav,Aniket Chauhan,"Theog, Shimla, Himachal Pradesh, India",21-30,,Palace,महल,Construction,,n,noun,,,,,,,
wdsjw2ClWwVj3fTyVuhl,तोप,,,,Shimla Saraji,,,,https://firebasestorage.googleapis.com/v0/b/talking-dictionaries-alpha.appspot.com/o/mahasuvi%2Faudio%2Fwdsjw2ClWwVj3fTyVuhl_1653131638178.wav?alt=media,wdsjw2ClWwVj3fTyVuhl_Feel.wav,Aniket Chauhan,"Theog, Shimla, Himachal Pradesh, India",21-30,,Feel,महसूस करो,Mental actions,Emotions,v,verb,"इयों तोप, जिऊंदी बी ओ ए?","Touch her, is she alive?",,,,,
wekr5BbWJstOMSQsAqWz,फुलड़ू,,,,,,,,https://firebasestorage.googleapis.com/v0/b/talking-dictionaries-alpha.appspot.com/o/mahasuvi%2Faudio%2Fwekr5BbWJstOMSQsAqWz_1653297164962.wav?alt=media,wekr5BbWJstOMSQsAqWz_Flower.wav,Aniket Chauhan,"Theog, Shimla, Himachal Pradesh, India",21-30,,Flower,फूल,"Plants, trees and other vegetation",,n,noun,,,,,,,
wfQXZK1iQ376E9XMcLWu,बेगे,,,,Shimla Saraji,,,,https://firebasestorage.googleapis.com/v0/b/talking-dictionaries-alpha.appspot.com/o/mahasuvi%2Faudio%2FwfQXZK1iQ376E9XMcLWu_1653309202621.wav?alt=media,wfQXZK1iQ376E9XMcLWu_Very.wav,Aniket Chauhan,"Theog, Shimla, Himachal Pradesh, India",21-30,,Very,बहुत,,,adj,adjective,बेगे सुले ज़ोपो तेरी आमा।,Your mother talks very slowly.,,,,,
wh9FcBAuFP6A820p7fto,शांघा,,,,Shimla Saraji,,,,https://firebasestorage.googleapis.com/v0/b/talking-dictionaries-alpha.appspot.com/o/mahasuvi%2Faudio%2Fwh9FcBAuFP6A820p7fto_1653312053061.wav?alt=media,wh9FcBAuFP6A820p7fto_Throat.wav,Aniket Chauhan,"Theog, Shimla, Himachal Pradesh, India",21-30,,Throat,गला,Body parts,,n,noun,मेरा शांघा दुख लागा।,My throat is paining.,,,,,
wi16e8LfCrWeGht8yLCI,डेरा,,,,"Shimla Saraji, Bishshau",,,,https://firebasestorage.googleapis.com/v0/b/talking-dictionaries-alpha.appspot.com/o/mahasuvi%2Faudio%2Fwi16e8LfCrWeGht8yLCI_1653131371371.wav?alt=media,wi16e8LfCrWeGht8yLCI_Left.wav,Aniket Chauhan,"Theog, Shimla, Himachal Pradesh, India",21-30,,Left,बाएं,Location and Directions,,adv,adverb,,,,,,,
x1FIdgg5ZGAdxlYlWeIy,गूजा,,,,,,,,https://firebasestorage.googleapis.com/v0/b/talking-dictionaries-alpha.appspot.com/o/audio%2Fmahasuvi%2Fx1FIdgg5ZGAdxlYlWeIy_1627648590519.wav?alt=media,x1FIdgg5ZGAdxlYlWeIy_Pocket.wav,Aniket Chauhan,"Theog, Shimla, Himachal Pradesh, India",21-30,,Pocket,जेब,Clothing and adornment,,n,noun,,,,,,,
x5AOALsgqbOc6JkQPZSy,मचरेंण,,,,Shimla Saraji,,,,,,,,,,Smell of urine,पेशाब की गंध,Senses and perception,Body functions,n,noun,तुओं रे झुडके दो मचरेंण केईं आज लागी?,Why is the smell of urine coming from your clothes?,आपके कपड़ों से पेशाब की गंध क्यों आ रही है?,,,,
x67aAC0NZbrNLl0EzFfG,कुम्भारो री हाडी,,,,Chuhara,,,,,,,,,,nest of potter's wasp,कुम्हार के ततैया का घोंसला,Universe and the natural world,Insects and small creatures,,,,,,,,,
xBepDaJnozhDkv39amtM,डॉळ,,,,Shimla Saraji (Theog),,,,https://firebasestorage.googleapis.com/v0/b/talking-dictionaries-alpha.appspot.com/o/mahasuvi%2Faudio%2FxBepDaJnozhDkv39amtM_1653131398311.wav?alt=media,xBepDaJnozhDkv39amtM_Pain_in_calves_after_walkingrunning_excessively.wav,Aniket Chauhan,"Theog, Shimla, Himachal Pradesh, India",21-30,,Pain in calves after walking/running excessively,ज़्यादा चलने या दौड़ने की वजह से पिडंली में दर्द,"Health, well-being and sickness",Motion,n,noun,,,,,,,
xC8Bb7YbEmHnyu1E7umF,बखनाना,,,,Shimla Saraji,,,,,,,,,,Example,उदाहरण,,,n,noun,"कुशु रा सोबी बखनाणा देओ, तेस नोरे ना बोनियो","Everyone gives Kushu's example, don't be like him.","हर कोई कुशु की मिसाल देता है, उसके जैसा मत बनो।",,,,
xDiY2kmGqaYvqfWGxucI,गोम्प,,,,Shimla Saraji,,,,,,,,,,bear pain,दर्द सहना,"Health, well-being and sickness",Mental actions,v,verb,बेदणो गोम्प पोरी,Bear the pain,दर्द सह लो,,,,
xIA9aQjIb6T0mpfJ418f,मांडो,,,,"Shimla Saraji, Bishshau",,,,https://firebasestorage.googleapis.com/v0/b/talking-dictionaries-alpha.appspot.com/o/mahasuvi%2Faudio%2FxIA9aQjIb6T0mpfJ418f_1653310781435.wav?alt=media,xIA9aQjIb6T0mpfJ418f_When_a_person_doesnt_want_to_do_something_but_unwillingly_has_to_do.wav,Aniket Chauhan,"Theog, Shimla, Himachal Pradesh, India",21-30,,When a person doesn't want to do something but unwillingly has to do,जब कोई व्यक्ति कुछ करना नहीं चाहता लेकिन अनिच्छा से करना पड़ता है,Emotions,,,,,,,,,,
xWmcBjPjBdfZUJxrqE7r,लाम्बू,,,,"Shimla Saraji, Bishshau",,,,https://firebasestorage.googleapis.com/v0/b/talking-dictionaries-alpha.appspot.com/o/mahasuvi%2Faudio%2FxWmcBjPjBdfZUJxrqE7r_1653311798674.wav?alt=media,xWmcBjPjBdfZUJxrqE7r_Taro_plant.wav,Aniket Chauhan,"Theog, Shimla, Himachal Pradesh, India",21-30,,Taro plant,अरबी का पौधा,"Food, cooking and foodways","Plants, trees and other vegetation",n,noun,,,,,,,
xYfpm9SWriIl4oZr3dgd,झुरणा,,,,,,,,https://firebasestorage.googleapis.com/v0/b/talking-dictionaries-alpha.appspot.com/o/mahasuvi%2Faudio%2FxYfpm9SWriIl4oZr3dgd_1653130702407.wav?alt=media,xYfpm9SWriIl4oZr3dgd_Yearning.wav,Aniket Chauhan,"Theog, Shimla, Himachal Pradesh, India",21-30,,Yearning,ललक,Emotions,,n,noun,,,,,,,
xa7eSrHrTUfBxtIgsqSr,भाड़,,,,,,,,https://firebasestorage.googleapis.com/v0/b/talking-dictionaries-alpha.appspot.com/o/mahasuvi%2Faudio%2Fxa7eSrHrTUfBxtIgsqSr_1655619253212.wav?alt=media,xa7eSrHrTUfBxtIgsqSr_the_feeling_of_excessive_heat_when_sitting_near_fire.wav,Aniket Chauhan,"Theog, Shimla, Himachal Pradesh, India",21-30,,the feeling of excessive heat when sitting near fire,आग के पास बैठने पर अत्यधिक गर्मी का अहसास,Senses and perception,,adj,adjective,,,,,,,
xb0gaiq6CFPh9IlKMy2K,बेदण,,,,,,,,https://firebasestorage.googleapis.com/v0/b/talking-dictionaries-alpha.appspot.com/o/mahasuvi%2Faudio%2Fxb0gaiq6CFPh9IlKMy2K_1653309253745.wav?alt=media,xb0gaiq6CFPh9IlKMy2K_Pain.wav,Aniket Chauhan,"Theog, Shimla, Himachal Pradesh, India",21-30,,Pain,दर्द,Senses and perception,,n,noun,,,,,,,
xdULyrpPPEEKAyck6IVV,डेरा,,,,"Shimla Saraji, Bishshau",,,,https://firebasestorage.googleapis.com/v0/b/talking-dictionaries-alpha.appspot.com/o/mahasuvi%2Faudio%2FxdULyrpPPEEKAyck6IVV_1653131362711.wav?alt=media,xdULyrpPPEEKAyck6IVV_Temporary_house_camp.wav,Aniket Chauhan,"Theog, Shimla, Himachal Pradesh, India",21-30,,"Temporary house, camp",अस्थाई घर,Construction,,n,noun,,,,,,,
xelS5bDEWaKlc5bEgzCY,छाली,,,,Shadochi,,,,https://firebasestorage.googleapis.com/v0/b/talking-dictionaries-alpha.appspot.com/o/mahasuvi%2Faudio%2FxelS5bDEWaKlc5bEgzCY_1653125145261.wav?alt=media,xelS5bDEWaKlc5bEgzCY_Maize_corn.wav,Aniket Chauhan,"Theog, Shimla, Himachal Pradesh, India",21-30,,Maize (corn),मक्का,"Plants, trees and other vegetation","Food, cooking and foodways",n,noun,,,,,,,
xirKRLZoInLKbGUryktO,खोशी,,,,Kumharsain,,,,https://firebasestorage.googleapis.com/v0/b/talking-dictionaries-alpha.appspot.com/o/mahasuvi%2Faudio%2FxirKRLZoInLKbGUryktO_1653123344787.wav?alt=media,xirKRLZoInLKbGUryktO_Khasha_woman.wav,Aniket Chauhan,"Theog, Shimla, Himachal Pradesh, India",21-30,,Khasha woman,खश स्त्री,"Humans, Social Relations and Organization",Names of people and clans,n,noun,,,,,,,
xlP5TGDG32kEhA0bGu74,रोश,,,,,,,,https://firebasestorage.googleapis.com/v0/b/talking-dictionaries-alpha.appspot.com/o/mahasuvi%2Faudio%2FxlP5TGDG32kEhA0bGu74_1653311717067.wav?alt=media,xlP5TGDG32kEhA0bGu74_Anger.wav,Aniket Chauhan,"Theog, Shimla, Himachal Pradesh, India",21-30,,Anger,क्रोध,Emotions,,n,noun,,,,,,,
xoCIdbTdMdpVBhQtATfQ,छीरटे,,,,Sharachali,,,,https://firebasestorage.googleapis.com/v0/b/talking-dictionaries-alpha.appspot.com/o/mahasuvi%2Faudio%2FxoCIdbTdMdpVBhQtATfQ_1653125214993.wav?alt=media,xoCIdbTdMdpVBhQtATfQ_Stick.wav,Aniket Chauhan,"Theog, Shimla, Himachal Pradesh, India",21-30,,Stick,छड़ी,"Plants, trees and other vegetation",,n,noun,,,,,,,
xrMhSBZ6xxRfNSIDOEuB,गुड़ी,,,,,,,,https://firebasestorage.googleapis.com/v0/b/talking-dictionaries-alpha.appspot.com/o/mahasuvi%2Faudio%2FxrMhSBZ6xxRfNSIDOEuB_1653123994583.wav?alt=media,xrMhSBZ6xxRfNSIDOEuB_Wrinkle.wav,Aniket Chauhan,"Theog, Shimla, Himachal Pradesh, India",21-30,,Wrinkle,शिकन,,,n,noun,,,,,,,
xrv5RFglYB8Oy8YzEGKt,रिशु,,,,"Shimla Saraji, Shadochi, Kumharsain, Bishshau",,,,,,,,,,someone who is possessive and distrustful of their partner,अपने साथी पे स्वामित्व जताने वाला व्यक्ति और शंका करने वाला,"Humans, Social Relations and Organization",Emotions,,,,,,,,,
xxUH7aV8Z2c3f6TJR02I,डॉड़की,,,,Shadochi,,,,,,,,,,Meat,मांस,"Food, cooking and foodways",,n,noun,मेरे खाणी ती डौड़की,I want to eat meat.,मुझे मांस खाना है।,,,,
y3F8oYJvX6lDSKxXyxRm,दाची,,,,Shimla Saraji,,,,https://firebasestorage.googleapis.com/v0/b/talking-dictionaries-alpha.appspot.com/o/audio%2Fmahasuvi%2Fy3F8oYJvX6lDSKxXyxRm_1625549813096.wav?alt=media,y3F8oYJvX6lDSKxXyxRm_Sickle.wav,Rajneesh Verma,"Theog, Shimla",31-40,,Sickle,दराटी,Tools and weapons,,n,noun,,,,,y3F8oYJvX6lDSKxXyxRm_Sickle.jpg,https://firebasestorage.googleapis.com/v0/b/talking-dictionaries-alpha.appspot.com/o/images%2Fmahasuvi%2Fy3F8oYJvX6lDSKxXyxRm_1625549796403.jpg?alt=media,
y3K5AEtHfjEVuReC6Z6X,पीठ ,,,,,,,,https://firebasestorage.googleapis.com/v0/b/talking-dictionaries-alpha.appspot.com/o/mahasuvi%2Faudio%2Fy3K5AEtHfjEVuReC6Z6X_1653296808770.wav?alt=media,y3K5AEtHfjEVuReC6Z6X_fight.wav,Aniket Chauhan,"Theog, Shimla, Himachal Pradesh, India",21-30,,fight,लड़ाई,Physical Impact,,v,verb,,,,,,,
y7SOqnhAutTDbwTjqOAe,उपरो,,,,Shimla Saraji (Kotkhai),,,,https://firebasestorage.googleapis.com/v0/b/talking-dictionaries-alpha.appspot.com/o/mahasuvi%2Faudio%2Fy7SOqnhAutTDbwTjqOAe_1653120978324.wav?alt=media,y7SOqnhAutTDbwTjqOAe_A_lot.wav,Aniket Chauhan,"Theog, Shimla, Himachal Pradesh, India",21-30,,A lot,बहुत ज़्यादा,Quantities and Quantifiers,,adj,adjective,,,,,,,
yIInREsWnaZb9IXUxiMl,चिंखु,,,,"Shimla Saraji, Bishshau, Shadochi",,,,https://firebasestorage.googleapis.com/v0/b/talking-dictionaries-alpha.appspot.com/o/mahasuvi%2Faudio%2FyIInREsWnaZb9IXUxiMl_1653124776177.wav?alt=media,yIInREsWnaZb9IXUxiMl_Little_bird.wav,Aniket Chauhan,"Theog, Shimla, Himachal Pradesh, India",21-30,,Little bird,छोटी चिड़िया,Birds,,n,noun,,,,,,,
ylFkGXkbrN82fTCXQG9t,बासा,,,,Keonthali,,,,https://firebasestorage.googleapis.com/v0/b/talking-dictionaries-alpha.appspot.com/o/mahasuvi%2Faudio%2FylFkGXkbrN82fTCXQG9t_1653308976858.wav?alt=media,ylFkGXkbrN82fTCXQG9t_Palace.wav,Aniket Chauhan,"Theog, Shimla, Himachal Pradesh, India",21-30,,Palace,महल,Construction,,n,noun,,,,,,,
ympUze5OJf484m0hE1Wi,मिल,,,,Shadochi,,,,,,,,,,moisture/dew,नमी / ओस,Universe and the natural world,"Water, bodies of water and the water cycle",n,noun,मिलै मेरै बूट बिज़ी गै,The dew got my shoes wet!,,,,,
ynX2bivwZQKSSVw0M6h3,चनोली,,,,Barari,,,,,,,,,,Dried apples/fruits,सूखे सेब / फल,"Food, cooking and foodways",,n,noun,डाबे दी पाडी़ चनोली ?,Have you put the dried fruit/ apricot in the box?,क्या आपने सूखे मेवे/खुबानी को डिब्बे में रखा है?,,,,
yoFNqt6pUk7ShYCps2B3,घिंडा,,,,Shimla Saraji,,,,https://firebasestorage.googleapis.com/v0/b/talking-dictionaries-alpha.appspot.com/o/mahasuvi%2Faudio%2FyoFNqt6pUk7ShYCps2B3_1653124460668.wav?alt=media,yoFNqt6pUk7ShYCps2B3_Fat_cat.wav,Aniket Chauhan,"Theog, Shimla, Himachal Pradesh, India",21-30,,Fat cat,मोटा बिल्ला,Animals,,,,घिंडा आज गोआ दूध पींदा।,A fat cat has come to drink the milk.,,,,,
yolXNw98fvcoi2GnN9Pl,होचा,,,,Shimla Saraji,,,,https://firebasestorage.googleapis.com/v0/b/talking-dictionaries-alpha.appspot.com/o/mahasuvi%2Faudio%2FyolXNw98fvcoi2GnN9Pl_1653313033247.wav?alt=media,yolXNw98fvcoi2GnN9Pl_Short.wav,Aniket Chauhan,"Theog, Shimla, Himachal Pradesh, India",21-30,,Short,छोटा,States and Characteristics,Sizes and dimensions,adj,adjective,तू ऐ मुंदो होचा।,You are shorter than me.,,,,,
yp2A4gl1ulBtDHWstzQs,खोरक,,,,Bishshau,,,,https://firebasestorage.googleapis.com/v0/b/talking-dictionaries-alpha.appspot.com/o/mahasuvi%2Faudio%2Fyp2A4gl1ulBtDHWstzQs_1653123271898.wav?alt=media,yp2A4gl1ulBtDHWstzQs_Scratch.wav,Aniket Chauhan,"Theog, Shimla, Himachal Pradesh, India",21-30,,Scratch,खरोंच,Physical Actions,"Health, well-being and sickness",v,verb,,,,,,,
ytqoIrrVtP92EHWU1jY7,डोबण,,,,Shimla Saraji,,,,https://firebasestorage.googleapis.com/v0/b/talking-dictionaries-alpha.appspot.com/o/mahasuvi%2Faudio%2FytqoIrrVtP92EHWU1jY7_1653131428367.wav?alt=media,ytqoIrrVtP92EHWU1jY7_Curry.wav,Aniket Chauhan,"Theog, Shimla, Himachal Pradesh, India",21-30,,Curry,दाल,"Food, cooking and foodways",,n,noun,,,,,,,
yuVjCTCfThwwHoFaNcmN,लबारी,,,,,,,,,,,,,,Almirah,अलमारी,Household,Construction,,,लबारी हूट पोरी।,Close the almirah.,,,,,
yxBvdlOmJAuYAOBity8U,क्रीशणा,,,,"Bushahri, Rohruri ",,,,https://firebasestorage.googleapis.com/v0/b/talking-dictionaries-alpha.appspot.com/o/mahasuvi%2Faudio%2FyxBvdlOmJAuYAOBity8U_1653122707159.wav?alt=media,yxBvdlOmJAuYAOBity8U_Act_of_combing_hair.wav,Aniket Chauhan,"Theog, Shimla, Himachal Pradesh, India",21-30,,Act of combing hair,बालों में कंघी करने की क्रिया,Physical Actions,Cleanliness and hygiene,v,verb,,,,,,,
yzStxcjBvjHJ1vizxK5V,दकान,,,,"Bushahri, Rohruri ",,,,https://firebasestorage.googleapis.com/v0/b/talking-dictionaries-alpha.appspot.com/o/mahasuvi%2Faudio%2FyzStxcjBvjHJ1vizxK5V_1653131824736.wav?alt=media,yzStxcjBvjHJ1vizxK5V_Shop.wav,Aniket Chauhan,"Theog, Shimla, Himachal Pradesh, India",21-30,,Shop,दुकान,Finance and Business,,n,noun,,,,,,,
z17DmVc0jcvH6BY544cH,खसराण,,,,Barari,,,,,,,,,,Smell of fart,गोज़ की गंध,Senses and perception,,n,noun,खसराण कुणे मारो?,Who let a fart?,किसने एक गोज़ किया?,,,,
z6fFoMtWSp4PWFWrLJWe,कोलटी,,,,"Shimla Saraji, Sharachali",,,,https://firebasestorage.googleapis.com/v0/b/talking-dictionaries-alpha.appspot.com/o/mahasuvi%2Faudio%2Fz6fFoMtWSp4PWFWrLJWe_1653122599772.wav?alt=media,z6fFoMtWSp4PWFWrLJWe_Koli_woman.wav,Aniket Chauhan,"Theog, Shimla, Himachal Pradesh, India",21-30,,Koli woman,कोली स्त्री,"Humans, Social Relations and Organization",Names of people and clans,n,noun,,,,,,,
z924Zi5dql2PKHorS77p,तुम्बडु,,,,,,,,https://firebasestorage.googleapis.com/v0/b/talking-dictionaries-alpha.appspot.com/o/mahasuvi%2Faudio%2Fz924Zi5dql2PKHorS77p_1653131593472.wav?alt=media,z924Zi5dql2PKHorS77p_Forest_of_a_place_named_Kuppar_in_Jubbal.wav,Aniket Chauhan,"Theog, Shimla, Himachal Pradesh, India",21-30,,Forest of a place named Kuppar in Jubbal,जुब्बल में कुप्पर नामक स्थान का जंगल,Place names,,n,noun,,,,,,,
zAO2s7tIheANClQSkGQT,आधो,ɑːdʰoː,,,Shimla Saraji,,,,https://firebasestorage.googleapis.com/v0/b/talking-dictionaries-alpha.appspot.com/o/mahasuvi%2Faudio%2FzAO2s7tIheANClQSkGQT_1653120682574.wav?alt=media,zAO2s7tIheANClQSkGQT_half.wav,Aniket Chauhan,"Theog, Shimla, Himachal Pradesh, India",21-30,,half,आधा,Quantifiers,Sizes and dimensions,adv,adverb,आधो देओ तिने मुखे?,He gave me half?,आधा दिया उसने मुझे?,,,,
zEnsK7z73ri9yGJIDAV7,मालखा,,,,,,,,https://firebasestorage.googleapis.com/v0/b/talking-dictionaries-alpha.appspot.com/o/mahasuvi%2Faudio%2FzEnsK7z73ri9yGJIDAV7_1653310981566.wav?alt=media,zEnsK7z73ri9yGJIDAV7_Pigeon.wav,Aniket Chauhan,"Theog, Shimla, Himachal Pradesh, India",21-30,,Pigeon,कबूतर,Birds,,n,noun,,,,,,,
zGu773CFxEc2Uy4b7Ea4,सुलटो,,,,,,,,https://firebasestorage.googleapis.com/v0/b/talking-dictionaries-alpha.appspot.com/o/mahasuvi%2Faudio%2FzGu773CFxEc2Uy4b7Ea4_1653312593468.wav?alt=media,zGu773CFxEc2Uy4b7Ea4_Right_as_a_direction.wav,Aniket Chauhan,"Theog, Shimla, Himachal Pradesh, India",21-30,,Right (as a direction),दाएं,Location and Directions,,adv,adverb,,,,,,,
zO8WE33cSIvUaER4eBdI,बामणी,,,,"Shimla Saraji, Sharachali",,,,https://firebasestorage.googleapis.com/v0/b/talking-dictionaries-alpha.appspot.com/o/mahasuvi%2Faudio%2FzO8WE33cSIvUaER4eBdI_1653308960829.wav?alt=media,zO8WE33cSIvUaER4eBdI_Brahmin_woman.wav,Aniket Chauhan,"Theog, Shimla, Himachal Pradesh, India",21-30,,Brahmin woman,ब्राह्मण स्त्री,"Humans, Social Relations and Organization",,n,noun,,,,,,,
zQzok66m3ceFRShe4sA1,किखन,,,,Shimla Saraji,,,,,,,,,,Lizard,छिपकली,Reptiles and amphibians,,n,noun," दे लाई किखने खुली ललकारो, निंदी नी मुशेया बे जिऊँदे रे हारो","Lizard gave an open warning to the mouse, you won't be able to elope with her until I'm alive","छिपकली ने चूहे को खुली चेतावनी दी, जब तक मैं जिंदा हूं, तुम उसके साथ भाग नहीं पाओगे",,,,
zRPrpbalH2p1eCKhjpJc,सिक,,,,"Shimla Saraji, Bishshau",,,,,,,,,,Crawl,घुटनों के बल चलना,Physical Actions,Motion,v,verb,तेरे मुंडो गाई का सिक लागो?,What is it crawling on your head?,,,,,
zXDqiOlq3XITTwCiNPuy,एड़ी,,,,Shimla Saraji,,,,https://firebasestorage.googleapis.com/v0/b/talking-dictionaries-alpha.appspot.com/o/mahasuvi%2Faudio%2FzXDqiOlq3XITTwCiNPuy_1653121142724.wav?alt=media,zXDqiOlq3XITTwCiNPuy_heel.wav,Aniket Chauhan,"Theog, Shimla, Himachal Pradesh, India",21-30,,heel,एड़ी,Body parts,,n,noun,मेरी एड़ी दुख लागी।,My heel is paining (my heel is in pain).,,,,,
zcFq7CLMDCe3aIroD5PO,भीऊंज,,,,,,,,https://firebasestorage.googleapis.com/v0/b/talking-dictionaries-alpha.appspot.com/o/mahasuvi%2Faudio%2FzcFq7CLMDCe3aIroD5PO_1653310568675.wav?alt=media,zcFq7CLMDCe3aIroD5PO_Stand_up.wav,Aniket Chauhan,"Theog, Shimla, Himachal Pradesh, India",21-30,,Stand up,उठ जाओ,Physical Actions,Posture,v,verb,,,,,,,
zi4tHGlWk2dgGVR21wLW,फ़ेना,,,,Rohruri ,,,,https://firebasestorage.googleapis.com/v0/b/talking-dictionaries-alpha.appspot.com/o/mahasuvi%2Faudio%2Fzi4tHGlWk2dgGVR21wLW_1653297111581.wav?alt=media,zi4tHGlWk2dgGVR21wLW_Heel.wav,Aniket Chauhan,"Theog, Shimla, Himachal Pradesh, India",21-30,,Heel,एड़ी,Body parts,,n,noun,,,,,,,
zi8FM2AzreKDGQVKH1A8,माछ,,,,Shimla Saraji,,,,https://firebasestorage.googleapis.com/v0/b/talking-dictionaries-alpha.appspot.com/o/mahasuvi%2Faudio%2Fzi8FM2AzreKDGQVKH1A8_1653310853068.wav?alt=media,zi8FM2AzreKDGQVKH1A8_People.wav,Aniket Chauhan,"Theog, Shimla, Himachal Pradesh, India",21-30,,People,लोग,"Humans, Social Relations and Organization",,n,noun,एती माछ केईं ओ आजे दो?,Why so many people have come?,,,,,
zmMj746jFFHr0k4QrFNg,रेढ़,,,,Shimla Saraji,,,,https://firebasestorage.googleapis.com/v0/b/talking-dictionaries-alpha.appspot.com/o/mahasuvi%2Faudio%2FzmMj746jFFHr0k4QrFNg_1653311685028.wav?alt=media,zmMj746jFFHr0k4QrFNg_A_person_belonging_to_the_caste_of_leather_workers.wav,Aniket Chauhan,"Theog, Shimla, Himachal Pradesh, India",21-30,,A person belonging to the caste of leather workers,चमड़ा श्रमिकों की जाति से संबंधित व्यक्ति,"Humans, Social Relations and Organization",,n,noun,,,,,,,
zp0WRJA96PQXDSIqFO54,शौऊरा,,,,Shimla Saraji,,,,https://firebasestorage.googleapis.com/v0/b/talking-dictionaries-alpha.appspot.com/o/mahasuvi%2Faudio%2Fzp0WRJA96PQXDSIqFO54_1653312361079.wav?alt=media,zp0WRJA96PQXDSIqFO54_Father_inlaw.wav,Aniket Chauhan,"Theog, Shimla, Himachal Pradesh, India",21-30,,Father in-law,ससुर,Kinship and relationships,,n,noun,मेरा शौऊरा ओ  देबते नोरा।,My father-in-law is like a deity.,,,,,
zrs8dY39OopsmIcPunyd,जियूँ,,,,Shimla Saraji,,,,https://firebasestorage.googleapis.com/v0/b/talking-dictionaries-alpha.appspot.com/o/mahasuvi%2Faudio%2Fzrs8dY39OopsmIcPunyd_1653125479371.wav?alt=media,zrs8dY39OopsmIcPunyd_Workers_of_netherworld.wav,Aniket Chauhan,"Theog, Shimla, Himachal Pradesh, India",21-30,,Workers of netherworld,यमदूत,Spirituality and Religion,,n,noun,जियूँ आज गोए ऐबे तां नींहदे।,The workers from underworld have come to take you.,,,,,
zs7hz0TYfvBkVe8PH9Fb,गुड़ुआ,,,,Bushahri,,,,https://firebasestorage.googleapis.com/v0/b/talking-dictionaries-alpha.appspot.com/o/mahasuvi%2Faudio%2Fzs7hz0TYfvBkVe8PH9Fb_1653124002462.wav?alt=media,zs7hz0TYfvBkVe8PH9Fb_Sweet.wav,Aniket Chauhan,"Theog, Shimla, Himachal Pradesh, India",21-30,,Sweet,मीठा,States and Characteristics,Senses and perception,adj,adjective,,,,,,,
ztlfvWR4VqMnJN80Xs4C,तोल,,,,,,,,https://firebasestorage.googleapis.com/v0/b/talking-dictionaries-alpha.appspot.com/o/mahasuvi%2Faudio%2FztlfvWR4VqMnJN80Xs4C_1653131665253.wav?alt=media,ztlfvWR4VqMnJN80Xs4C_Below.wav,Aniket Chauhan,"Theog, Shimla, Himachal Pradesh, India",21-30,,Below,नीचे,Location and Directions,,prep,preposition,,,,,,,
zvXHws5aAvqVn2xaqN96,बौअणो,,,,Shadochi,,,,https://firebasestorage.googleapis.com/v0/b/talking-dictionaries-alpha.appspot.com/o/mahasuvi%2Faudio%2FzvXHws5aAvqVn2xaqN96_1653310094317.wav?alt=media,zvXHws5aAvqVn2xaqN96_Sowing_seeds.wav,Aniket Chauhan,"Theog, Shimla, Himachal Pradesh, India",21-30,,Sowing seeds,बीज बोना,Physical Actions,Agriculture,v,verb,,,,"Plants, trees and other vegetation",,,
zw1W3yiOZbR1C0WYuoQd,नाड़ी,,,,Shimla Saraji,,,,https://firebasestorage.googleapis.com/v0/b/talking-dictionaries-alpha.appspot.com/o/mahasuvi%2Faudio%2Fzw1W3yiOZbR1C0WYuoQd_1653296236859.wav?alt=media,zw1W3yiOZbR1C0WYuoQd_Mental_balance.wav,Aniket Chauhan,"Theog, Shimla, Himachal Pradesh, India",21-30,,Mental balance,दिमागी संतुलन,Emotions,,n,noun,नाड़ी दो टोल गोआ तेरा बाबा।,Your father has lost his mental balance.,,,,,
zxlWePRUuQUDSBFSVNRr,प्याशो,,,,Bishshau,,,,https://firebasestorage.googleapis.com/v0/b/talking-dictionaries-alpha.appspot.com/o/mahasuvi%2Faudio%2FzxlWePRUuQUDSBFSVNRr_1653296988231.wav?alt=media,zxlWePRUuQUDSBFSVNRr_Bright_bright_light.wav,Aniket Chauhan,"Theog, Shimla, Himachal Pradesh, India",21-30,,"Bright, bright light","उज्ज्वल, उज्ज्वल प्रकाश",,,adj,adjective,,,,,,,